icd9_code,cipi_code
00.01,39.99.20
00.02,37.X0.00
00.03,39.99.30
00.09,00.UZ.10
00.09,00.UZ.20
00.09,84.95.00
00.10,00.F0.10
00.11,00.F0.20
00.12,00.F0.30
00.13,00.F0.40
00.14,00.F0.50
00.15,00.F0.60
00.16,00.F0.70
00.17,00.F0.80
00.18,00.F0.90
00.21,38.23.0B
00.21,38.23.ZB
00.22,38.24.0B
00.22,38.24.1B
00.22,38.24.2B
00.22,38.24.ZB
00.22,38.25.4B
00.23,38.25.1B
00.23,38.25.2B
00.23,38.25.3B
00.23,38.25.ZB
00.24,36.51.1B
00.24,36.51.2B
00.24,36.51.ZB
00.24,36.52.1B
00.24,36.52.ZB
00.25,38.27.1B
00.25,38.27.2B
00.25,38.27.ZB
00.28,38.28.ZB
00.29,38.28.ZB
00.31,00.31.0W
00.32,00.32.0W
00.33,00.33.0W
00.34,00.34.0W
00.34,00.D0.1W
00.34,00.D1.1W
00.34,00.D2.1W
00.35,00.35.0W
00.35,00.36.0W
00.35,00.37.0W
00.35,00.3Z.0W
00.39,00.R0.1W
00.39,00.R0.2W
00.39,00.R0.ZW
00.39,00.R1.1W
00.39,00.R2.1W
00.39,00.R3.1W
00.39,00.R3.2W
00.39,00.R3.ZW
00.39,00.RZ.0W
00.40,38.60.1W
00.40,38.60.2W
00.40,38.60.3W
00.40,38.60.4W
00.40,38.60.ZW
00.40,39.70.W1
00.40,39.70.W2
00.40,39.70.W3
00.40,39.70.W4
00.40,39.B0.1W
00.40,39.B0.2W
00.40,39.B0.ZW
00.40,39.C0.0W
00.40,39.C9.0W
00.40,39.C9.1W
00.40,39.C9.2W
00.40,39.C9.3W
00.40,39.C9.4W
00.40,39.C9.5W
00.40,39.C9.6W
00.40,39.CA.0W
00.40,39.CA.1W
00.41,39.C1.0W
00.42,39.C2.0W
00.43,39.C3.0W
00.44,39.C4.0W
00.45,39.C5.0W
00.46,39.C6.0W
00.47,39.C7.0W
00.48,39.C8.0W
00.50,37.P3.1D
00.50,37.P3.Z0
00.51,37.D3.1D
00.51,37.D3.3D
00.52,37.D3.2D
00.52,37.E0.1B
00.52,37.E0.2B
00.52,37.P3.2D
00.52,37.P3.3D
00.53,37.P6.10
00.54,37.D6.10
00.55,39.A0.3W
00.55,39.A0.4W
00.55,39.A0.5W
00.55,39.A0.6W
00.55,39.A0.7W
00.56,37.29.10
00.56,37.29.20
00.57,37.29.30
00.57,37.29.40
00.61,39.5A.1B
00.61,39.5A.2B
00.61,39.5A.3B
00.61,39.5A.4B
00.61,39.5A.Z0
00.62,39.5A.5B
00.62,39.5A.6B
00.62,39.5A.7B
00.62,39.5A.Z1
00.63,39.5A.2B
00.64,39.5A.4B
00.65,39.5A.6B
00.65,39.5A.7B
00.66,36.00.0B
00.66,36.05.1B
00.66,36.05.2B
00.66,36.05.3B
00.66,36.05.4B
00.66,36.05.5B
00.66,36.05.6B
00.66,36.05.7B
00.66,36.05.8B
00.66,36.05.ZB
00.70,81.53.20
00.70,81.53.70
00.70,81.53.Z1
00.71,81.53.Z2
00.72,81.53.Z3
00.73,81.53.90
00.74,81.5A.1W
00.75,81.5A.2W
00.76,81.5A.3W
00.77,81.5A.4W
00.80,81.55.10
00.80,81.55.30
00.81,81.55.40
00.82,81.55.50
00.83,81.55.60
00.84,81.55.70
00.85,81.53.A0
00.86,81.53.B0
00.87,81.53.C0
00.87,81.53.D0
00.91,00.91.0W
00.91,00.91.1W
00.91,00.91.ZW
00.92,00.92.0W
00.92,00.92.1W
00.92,00.92.ZW
00.93,00.93.0W
00.93,00.93.1W
00.93,00.93.ZW
01.01,01.01.1T
01.01,01.01.Z0
01.02,01.02.2Y
01.02,01.02.Z0
01.09,01.09.1T
01.09,01.09.2P
01.09,01.09.3P
01.09,01.09.Z0
01.11,01.11.0T
01.11,01.11.1T
01.11,01.11.2T
01.11,01.11.Z0
01.12,01.12.0C
01.13,01.13.1T
01.13,01.13.2T
01.13,01.13.3T
01.13,01.13.3Y
01.13,01.13.Z0
01.13,01.1Z.20
01.14,01.14.0C
01.15,01.15.0C
01.15,01.15.Z0
01.18,01.1Z.00
01.19,01.10.10
01.19,01.10.20
01.19,01.1Z.10
01.21,01.21.0Y
01.21,01.21.1Y
01.22,02.96.1C
01.22,02.96.20
01.22,02.96.30
01.23,01.23.0C
01.24,00.00.0T
01.24,00.00.1C
01.24,00.00.7C
01.24,01.24.1T
01.24,01.24.2C
01.24,01.24.3C
01.24,01.24.4C
01.24,01.24.5C
01.24,01.24.Z0
01.25,01.25.0C
01.25,01.25.1C
01.25,01.25.2C
01.25,01.25.3C
01.25,01.25.4C
01.25,01.25.Z0
01.26,01.26.10
01.26,01.26.Z0
01.26,01.26.Z1
01.27,01.27.00
01.28,01.28.0T
01.28,01.28.10
01.31,01.31.1C
01.31,01.31.1T
01.31,01.31.2T
01.31,01.31.3C
01.31,01.31.4C
01.31,01.31.4T
01.31,01.31.Z0
01.32,01.32.0C
01.32,01.32.0T
01.39,01.39.1C
01.39,01.39.1T
01.39,01.39.1Y
01.39,01.39.2Y
01.39,01.39.3C
01.39,01.39.Z0
01.41,01.41.1C
01.41,01.41.1K
01.41,01.41.1T
01.41,01.41.Z0
01.42,01.42.0C
01.42,01.42.0T
01.42,01.42.Z0
01.51,01.51.0C
01.51,01.51.0T
01.51,01.51.1K
01.51,01.51.1T
01.51,01.51.2Y
01.51,01.51.Z0
01.52,01.52.10
01.52,01.52.20
01.53,01.53.0C
01.53,01.53.0K
01.53,01.53.Z0
01.59,01.59.1C
01.59,01.59.1K
01.59,01.59.2C
01.59,01.59.3C
01.59,01.59.4C
01.59,01.59.5T
01.59,01.59.6Y
01.59,01.59.Z0
01.6,01.60.0C
01.6,01.60.1C
01.6,01.6Z.00
02.01,02.01.0C
02.02,02.02.00
02.02,02.02.10
02.02,02.02.Z0
02.03,02.03.10
02.03,02.03.20
02.04,02.04.10
02.04,02.04.20
02.04,02.04.Z0
02.05,02.05.10
02.05,02.05.20
02.05,02.05.30
02.05,02.05.40
02.05,02.05.50
02.05,02.05.Z1
02.05,02.05.Z2
02.06,02.06.10
02.06,02.06.20
02.06,02.06.30
02.06,02.06.40
02.06,02.06.5C
02.06,02.06.6C
02.06,02.06.70
02.06,02.06.80
02.06,02.06.90
02.06,02.06.Z0
02.07,02.07.00
02.11,02.11.0C
02.12,02.12.1C
02.12,02.12.1Y
02.12,02.12.2Y
02.12,02.12.3C
02.12,02.12.4C
02.12,02.12.50
02.12,02.12.6C
02.12,02.12.Z0
02.12,02.12.Z1
02.13,02.13.0C
02.13,02.13.1C
02.13,02.13.Z0
02.14,02.14.0C
02.14,02.14.0Y
02.2,02.20.0C
02.2,02.20.0Y
02.2,02.20.1C
02.2,02.20.1Y
02.2,02.20.2C
02.2,02.20.3C
02.2,02.20.3Y
02.2,02.20.4Y
02.2,02.20.5Y
02.2,02.20.6Y
02.2,02.20.7Y
02.2,02.2Z.00
02.31,02.31.Z0
02.32,02.32.0H
02.32,02.32.1H
02.33,02.33.0H
02.34,02.34.0H
02.34,02.34.1H
02.35,02.39.Z0
02.39,02.35.1C
02.39,02.35.1Y
02.39,02.35.2C
02.39,02.35.2Y
02.39,02.39.0P
02.39,02.39.Z0
02.41,02.41.00
02.42,02.42.1C
02.42,02.42.20
02.42,02.42.3C
02.42,02.42.40
02.42,02.42.Z0
02.42,02.4Z.00
02.43,02.43.00
02.43,02.43.Z0
02.91,02.91.0C
02.92,02.92.0C
02.93,02.93.1C
02.93,02.93.2C
02.93,02.93.3C
02.93,02.93.5T
02.93,02.93.Z0
02.94,02.94.10
02.94,02.94.20
02.94,02.94.30
02.95,02.95.00
02.96,01.1Z.00
02.99,02.51.10
02.99,02.51.20
02.99,02.51.30
02.99,02.51.40
02.99,02.51.Z0
02.99,02.9Z.00
02.99,02.9Z.10
02.99,02.9Z.20
03.01,03.01.0C
03.01,03.01.Z0
03.02,03.02.0C
03.02,03.02.Z0
03.09,03.03.1C
03.09,03.03.1M
03.09,03.03.1Y
03.09,03.04.1C
03.09,03.04.1M
03.09,03.04.1Y
03.09,03.05.1C
03.09,03.05.1M
03.09,03.05.1Y
03.09,03.06.1C
03.09,03.06.1M
03.09,03.06.1Y
03.09,03.08.10
03.09,03.08.Z0
03.09,03.09.10
03.09,03.09.20
03.09,03.09.30
03.09,03.09.40
03.09,03.09.Z0
03.1,03.11.1C
03.1,03.11.1Y
03.1,03.12.1C
03.1,03.12.1Y
03.1,03.13.1C
03.1,03.13.1Y
03.1,03.14.1C
03.1,03.14.1Y
03.1,03.1Z.00
03.21,03.21.0P
03.21,03.21.1P
03.21,03.21.2P
03.21,03.21.ZP
03.29,03.29.0P
03.29,03.29.1P
03.29,03.2Z.00
03.31,03.31.1P
03.31,03.31.2P
03.32,03.32.1C
03.32,03.32.2C
03.32,03.32.3C
03.32,03.32.4C
03.32,03.32.4P
03.32,03.32.Z0
03.39,03.3Z.00
03.4,03.40.0C
03.4,03.40.0K
03.4,03.40.0Y
03.4,03.40.1C
03.4,03.40.1Y
03.4,03.40.2C
03.4,03.40.2Y
03.4,03.40.30
03.4,03.40.40
03.4,03.40.50
03.4,03.41.1C
03.4,03.41.2C
03.4,03.41.2K
03.4,03.41.Z0
03.4,03.42.1C
03.4,03.42.2C
03.4,03.42.2K
03.4,03.42.Z0
03.4,03.43.1C
03.4,03.43.2C
03.4,03.43.2K
03.4,03.43.Z0
03.4,03.44.1C
03.4,03.44.2C
03.4,03.44.2K
03.4,03.44.Z0
03.4,03.4Z.00
03.51,03.51.0C
03.52,03.52.0C
03.52,03.52.0P
03.53,03.53.0C
03.53,03.53.1C
03.53,03.53.2C
03.53,03.53.Z0
03.59,03.54.0C
03.59,03.55.0C
03.59,03.56.1C
03.59,03.56.1M
03.59,03.59.1C
03.59,03.59.2C
03.59,03.59.Z0
03.6,03.60.0C
03.6,03.60.0Y
03.71,03.71.0H
03.72,03.72.0H
03.79,03.73.10
03.79,03.73.20
03.79,03.79.00
03.79,03.79.10
03.79,03.79.20
03.79,03.79.Z0
03.8,03.80.0P
03.90,03.90.0P
03.90,03.90.0Y
03.90,03.90.1P
03.90,03.90.1Y
03.90,03.90.2P
03.90,03.90.3P
03.90,03.90.Z0
03.91,03.91.1P
03.91,03.91.2P
03.91,03.91.3P
03.91,03.91.40
03.91,03.91.5P
03.91,03.91.Z0
03.92,03.92.1P
03.92,03.92.2P
03.92,03.92.Z0
03.92,03.93.10
03.93,03.93.20
03.93,03.93.3C
03.93,03.93.3P
03.93,03.93.3Y
03.93,03.93.4C
03.93,03.93.4P
03.93,03.93.4Y
03.93,03.93.50
03.93,03.93.Z0
03.94,03.94.10
03.94,03.94.20
03.95,03.95.0P
03.96,03.96.1P
03.96,03.96.2P
03.96,03.96.3P
03.96,03.96.4P
03.96,03.96.ZP
03.97,03.97.0P
03.97,03.97.Z0
03.98,03.98.10
03.98,03.98.Z0
03.99,03.99.10
03.99,03.99.Z0
04.01,04.01.0C
04.01,04.01.0Y
04.01,04.01.0Z
04.02,04.02.1C
04.02,04.02.2K
04.03,04.03.10
04.03,04.03.20
04.03,04.03.30
04.03,04.03.40
04.03,04.03.50
04.03,04.03.60
04.03,04.03.70
04.03,04.03.80
04.03,04.03.90
04.03,04.04.20
04.03,04.04.30
04.03,04.04.40
04.03,04.04.50
04.03,04.04.60
04.03,04.04.70
04.03,04.04.80
04.03,04.04.90
04.03,04.04.A0
04.04,04.04.1C
04.05,04.05.0C
04.05,04.05.0P
04.05,04.05.1P
04.05,04.05.2P
04.05,04.05.Z0
04.06,04.06.Z0
04.06,04.06.Z1
04.07,04.07.1C
04.07,04.07.2C
04.07,04.07.2M
04.07,04.07.30
04.07,04.07.40
04.07,04.07.50
04.07,04.07.60
04.07,04.07.70
04.07,04.07.80
04.07,04.07.9C
04.07,04.07.A0
04.07,04.07.B0
04.07,04.0Z.00
04.11,04.11.1P
04.11,04.11.2P
04.11,04.11.3P
04.11,04.13.1P
04.11,04.13.20
04.11,05.1Z.00
04.12,04.12.1C
04.12,04.12.2C
04.12,04.12.3C
04.19,04.1Z.00
04.2,04.21.10
04.2,04.21.20
04.2,04.21.30
04.2,04.21.40
04.2,04.21.50
04.2,04.21.60
04.2,04.21.70
04.2,04.21.80
04.2,04.21.90
04.2,04.22.10
04.2,04.22.20
04.2,04.22.30
04.2,04.22.40
04.2,04.22.50
04.2,04.22.60
04.2,04.22.70
04.2,04.22.80
04.2,04.22.90
04.2,04.23.10
04.2,04.23.20
04.2,04.23.30
04.2,04.23.40
04.2,04.23.50
04.2,04.23.60
04.2,04.23.70
04.2,04.23.80
04.2,04.23.90
04.2,04.2Z.00
04.2,04.2Z.10
04.3,04.31.0C
04.3,04.31.0M
04.3,04.31.Z0
04.3,04.32.1C
04.3,04.32.1M
04.3,04.32.2C
04.3,04.32.2M
04.3,04.32.3C
04.3,04.32.3M
04.3,04.32.4C
04.3,04.32.4M
04.3,04.32.5C
04.3,04.32.5M
04.3,04.32.6C
04.3,04.32.6M
04.3,04.32.7C
04.3,04.32.7M
04.3,04.32.Z0
04.3,04.33.0C
04.3,04.34.1C
04.3,04.34.2C
04.3,04.34.3C
04.3,04.34.4C
04.3,04.34.5C
04.3,04.34.6C
04.3,04.34.7C
04.3,04.34.Z0
04.3,04.3Z.00
04.41,04.41.0C
04.41,04.41.Z0
04.42,04.42.1C
04.42,04.42.2C
04.42,04.42.2P
04.42,04.42.Z0
04.43,04.43.0C
04.43,04.43.0M
04.43,04.43.0Z
04.44,04.44.00
04.49,04.45.0C
04.49,04.45.0M
04.49,04.46.0C
04.49,04.47.0C
04.49,04.49.1C
04.49,04.49.1M
04.49,04.49.2C
04.49,04.49.2M
04.49,04.49.3C
04.49,04.49.40
04.49,04.49.50
04.49,04.49.60
04.49,04.49.70
04.49,04.49.80
04.49,04.49.90
04.49,04.49.Z0
04.5,04.51.10
04.5,04.51.20
04.5,04.52.10
04.5,04.5Z.00
04.6,04.61.1C
04.6,04.61.2C
04.6,04.61.Z0
04.6,04.62.1C
04.6,04.62.2C
04.6,04.62.3C
04.6,04.62.4C
04.6,04.62.5C
04.6,04.62.6C
04.6,04.62.7C
04.6,04.62.8C
04.6,04.62.9C
04.6,04.62.AC
04.6,04.62.BC
04.6,04.62.CC
04.6,04.62.Z0
04.71,04.71.00
04.72,04.72.00
04.73,04.73.00
04.74,04.74.00
04.74,04.74.10
04.74,04.74.Z1
04.74,04.74.Z2
04.75,04.75.00
04.76,04.76.1C
04.76,04.76.2C
04.76,04.76.3C
04.76,04.76.4C
04.76,04.76.Z0
04.79,04.77.10
04.79,04.77.2C
04.79,04.77.30
04.79,04.77.40
04.79,04.77.Z0
04.79,04.79.Z0
04.80,04.80.0P
04.81,04.81.1P
04.81,04.81.2P
04.81,04.81.3P
04.81,04.81.ZP
04.89,04.89.0P
04.89,04.92.10
04.91,04.91.00
04.92,04.92.20
04.92,04.92.30
04.92,04.92.40
04.92,04.92.50
04.92,04.92.60
04.92,04.92.70
04.92,04.92.Z0
04.93,04.93.10
04.93,04.93.20
04.99,04.9Z.00
04.99,04.9Z.10
05.0,05.00.00
05.11,05.11.0C
05.19,05.1Z.00
05.21,05.21.00
05.22,05.22.1C
05.22,05.22.Z0
05.23,05.23.1C
05.23,05.23.Z0
05.24,05.24.00
05.25,05.25.0C
05.25,05.25.1B
05.25,05.25.ZB
05.29,05.26.1S
05.29,05.2Z.00
05.31,05.31.1P
05.31,05.31.2P
05.31,05.31.3P
05.31,05.31.4P
05.31,05.31.5N
05.31,05.31.5P
05.31,05.31.Z0
05.32,05.32.0P
05.39,05.3Z.00
05.81,05.81.0A
05.81,05.81.0C
05.89,05.8Z.00
05.9,05.9Z.00
06.01,06.01.0P
06.01,06.01.1P
06.02,06.02.00
06.09,06.09.00
06.09,06.09.0C
06.09,06.09.1C
06.09,06.09.2C
06.09,06.09.3C
06.09,06.09.Z0
06.11,06.11.0P
06.11,06.13.0P
06.11,06.1Z.00
06.12,06.12.0C
06.13,06.13.0C
06.13,06.13.0Z
06.19,06.1Z.00
06.2,06.20.0M
06.2,06.20.1C
06.2,06.20.1M
06.2,06.20.2C
06.2,06.20.30
06.2,06.20.40
06.2,06.20.OC
06.2,06.2Z.00
06.31,06.31.00
06.39,06.32.00
06.39,06.39.00
06.39,06.39.Z0
06.4,06.40.1C
06.4,06.40.1M
06.4,06.40.2C
06.4,06.40.2M
06.4,06.40.30
06.4,06.40.40
06.4,06.4Z.00
06.50,06.5Z.00
06.51,06.51.0C
06.52,06.52.0C
06.6,06.60.00
06.7,06.70.0C
06.81,06.81.0C
06.81,06.81.0M
06.81,06.81.1C
06.81,06.81.1M
06.81,06.81.Z0
06.89,06.82.00
06.89,06.8Z.00
06.91,06.91.00
06.92,06.92.00
06.93,06.93.00
06.94,06.94.00
06.95,06.95.00
06.98,06.98.1P
06.98,06.98.2P
06.98,06.98.Z0
06.99,06.99.Z0
07.00,07.1Z.10
07.01,07.01.0C
07.02,07.02.0C
07.11,07.11.0P
07.12,07.12.0C
07.13,07.13.0C
07.13,07.13.0P
07.13,07.13.1P
07.14,07.14.0C
07.14,07.14.0P
07.14,07.14.0Y
07.14,07.14.1Y
07.15,07.15.0Z
07.16,07.16.0C
07.16,07.16.0P
07.16,07.16.0Z
07.17,07.17.0C
07.17,07.17.0P
07.17,07.17.1P
07.17,07.17.Z0
07.19,07.1Z.10
07.19,07.1Z.20
07.19,07.1Z.30
07.21,07.21.00
07.21,07.21.10
07.22,07.22.0C
07.22,07.22.0M
07.22,07.22.0S
07.22,07.22.1C
07.22,07.22.Z0
07.29,07.29.Z0
07.3,07.30.0C
07.3,07.30.0M
07.3,07.30.0S
07.3,07.30.1C
07.3,07.30.1M
07.3,07.30.3C
07.3,07.30.3S
07.3,07.30.Z0
07.41,07.41.00
07.41,07.41.Z0
07.42,07.42.00
07.43,07.43.00
07.44,07.44.00
07.45,07.45.00
07.49,07.49.Z0
07.51,07.51.00
07.52,07.52.00
07.53,07.53.00
07.54,07.54.00
07.59,07.5Z.00
07.61,07.61.0C
07.61,07.61.1C
07.61,07.61.2C
07.61,07.61.3C
07.61,07.61.4C
07.61,07.61.ZC
07.62,07.62.0Y
07.63,07.63.0Z
07.63,07.63.1C
07.63,07.73.0K
07.64,07.64.0C
07.64,07.64.1C
07.64,07.64.ZC
07.65,07.65.0Y
07.68,07.69.0Z
07.69,07.69.0Z
07.71,07.71.00
07.72,07.72.00
07.72,07.72.10
07.72,07.72.20
07.72,07.72.Z0
07.79,07.7Z.00
07.80,07.82.0Z
07.81,07.81.0C
07.81,07.81.0S
07.81,07.81.0Z
07.82,07.82.0C
07.82,07.82.0S
07.82,07.82.0Z
07.91,07.91.00
07.92,07.92.00
07.93,07.93.00
07.94,07.94.00
07.99,07.99.00
07.99,07.99.Z0
08.01,08.01.00
08.02,08.02.00
08.09,08.0Z.00
08.11,08.11.00
08.19,08.1Z.00
08.19,09.11.0P
08.19,09.12.0P
08.19,09.19.00
08.19,09.19.Z0
08.20,08.20.00
08.20,08.20.Z0
08.21,08.21.10
08.21,08.21.20
08.22,08.22.00
08.22,08.22.10
08.23,08.23.00
08.23,08.23.10
08.24,08.24.00
08.24,08.24.10
08.25,08.25.00
08.31,08.31.00
08.32,08.32.00
08.33,08.33.00
08.34,08.34.00
08.35,08.35.00
08.36,08.36.00
08.36,08.36.Z0
08.37,08.37.00
08.38,08.38.00
08.41,08.41.00
08.42,08.42.00
08.43,08.43.00
08.44,08.44.10
08.44,08.44.20
08.44,08.44.30
08.44,08.44.Z0
08.49,08.45.00
08.49,08.4Z.00
08.51,08.51.00
08.52,08.52.00
08.59,08.53.00
08.59,08.54.00
08.59,08.55.00
08.59,08.5Z.00
08.61,08.61.00
08.61,08.61.10
08.62,08.62.00
08.62,08.62.10
08.63,08.63.00
08.64,08.64.00
08.64,08.64.10
08.69,08.65.00
08.69,08.67.00
08.69,08.6Z.00
08.70,08.7Z.00
08.71,08.71.00
08.72,08.72.00
08.73,08.73.00
08.74,08.74.00
08.81,08.81.00
08.82,08.82.00
08.83,08.83.00
08.84,08.84.00
08.85,08.85.00
08.86,08.86.00
08.87,08.87.00
08.89,08.88.00
08.89,08.8Z.00
08.89,08.99.0P
08.91,08.91.00
08.92,08.92.00
08.93,08.93.Z0
08.99,08.99.Z0
09.0,09.00.00
09.11,09.11.0C
09.12,09.12.0C
09.19,09.4Z.00
09.20,09.3Z.00
09.21,09.21.00
09.22,09.22.00
09.23,09.23.00
09.23,09.23.10
09.3,09.3Z.00
09.41,09.41.00
09.42,09.42.00
09.43,09.43.00
09.43,09.43.1N
09.44,09.44.00
09.49,09.4Z.00
09.51,09.51.00
09.51,09.51.10
09.52,09.52.00
09.53,09.53.00
09.59,09.5Z.00
09.6,09.60.00
09.71,09.71.00
09.72,09.72.00
09.73,09.73.00
09.81,09.81.1N
09.81,09.81.Z0
09.82,09.82.00
09.83,09.83.00
09.91,09.91.00
09.91,09.91.Z0
09.99,09.9Z.00
10.0,10.00.00
10.1,10.10.00
10.21,10.21.00
10.21,10.21.P0
10.29,10.2Z.00
10.31,10.31.00
10.31,10.31.10
10.31,10.31.20
10.32,10.32.00
10.33,10.33.00
10.33,10.33.Z0
10.41,10.41.00
10.42,10.42.00
10.43,10.43.00
10.44,10.44.00
10.44,10.44.Z0
10.49,10.4Z.00
10.5,10.50.00
10.5,10.50.10
10.5,10.50.20
10.6,10.60.00
10.91,10.91.0P
10.99,10.92.10
10.99,10.92.20
10.99,10.9Z.00
11.0,11.00.00
11.1,11.10.00
11.21,11.21.00
11.22,11.22.0C
11.22,11.22.0P
11.29,11.2Z.00
11.31,11.31.00
11.32,11.32.00
11.39,11.33.00
11.39,11.3Z.00
11.41,11.41.00
11.41,11.41.10
11.42,11.42.00
11.43,11.43.00
11.49,11.44.00
11.49,11.45.00
11.49,11.4Z.00
11.51,11.51.00
11.52,11.52.00
11.53,11.53.00
11.59,11.54.00
11.59,11.55.00
11.59,11.5Z.00
11.60,11.60.00
11.61,11.61.00
11.61,11.61.10
11.62,11.62.00
11.63,11.63.00
11.64,11.64.00
11.64,11.65.00
11.64,11.66.00
11.64,11.67.00
11.69,11.6Z.00
11.71,11.71.00
11.72,11.72.00
11.73,11.73.00
11.74,11.7Z.00
11.75,11.75.00
11.75,11.75.10
11.75,11.75.20
11.76,11.76.00
11.79,11.77.00
11.79,11.77.10
11.79,11.77.Z0
11.79,11.79.00
11.79,11.79.10
11.79,11.79.20
11.79,11.79.Z0
11.79,11.7Z.00
11.91,11.91.00
11.92,11.92.00
11.99,11.9Z.00
12.00,12.02.00
12.01,12.01.00
12.02,12.02.00
12.11,12.11.00
12.12,12.12.10
12.12,12.12.20
12.12,12.12.30
12.12,12.12.Z0
12.13,12.13.00
12.14,12.14.00
12.21,12.21.0P
12.22,12.22.0C
12.22,12.22.0P
12.29,12.29.00
12.29,12.29.Z0
12.31,12.31.00
12.31,12.31.Z0
12.32,12.32.00
12.32,12.32.10
12.33,12.33.00
12.33,12.33.10
12.34,12.34.00
12.35,12.35.00
12.35,12.35.10
12.39,12.39.00
12.39,12.39.Z0
12.40,12.40.00
12.41,12.41.00
12.41,12.41.10
12.41,12.41.20
12.41,12.41.30
12.41,12.41.Z0
12.42,12.42.00
12.43,12.43.00
12.44,12.44.00
12.51,12.51.00
12.52,12.52.00
12.53,12.53.00
12.54,12.54.00
12.55,12.55.00
12.59,12.56.00
12.59,12.56.10
12.59,12.56.20
12.59,12.59.10
12.59,12.59.Z0
12.61,12.61.00
12.62,12.62.00
12.63,12.63.00
12.64,12.64.00
12.65,12.65.00
12.66,12.66.00
12.69,12.67.10
12.69,12.67.Z0
12.69,12.6Z.00
12.71,12.71.00
12.72,12.72.00
12.73,12.73.00
12.74,12.74.00
12.79,12.79.00
12.81,12.81.00
12.82,12.82.00
12.83,12.83.00
12.84,12.84.00
12.85,12.85.00
12.86,12.86.00
12.87,12.87.00
12.87,12.87.10
12.88,12.88.00
12.89,12.8Z.00
12.91,12.91.0P
12.92,12.92.0P
12.92,12.92.1P
12.93,12.93.00
12.97,12.94.00
12.97,12.9Z.00
12.98,12.9Z.10
12.99,12.9Z.20
13.00,13.02.00
13.01,13.01.00
13.02,13.02.00
13.11,13.11.0C
13.19,13.12.00
13.19,13.13.00
13.19,13.1Z.00
13.2,13.20.00
13.3,13.30.00
13.41,13.41.00
13.42,13.42.00
13.43,13.43.00
13.51,13.51.0C
13.59,13.52.00
13.59,13.53.00
13.59,13.5Z.00
13.64,13.64.00
13.65,13.65.00
13.66,13.66.00
13.69,13.44.00
13.69,13.45.00
13.69,13.4Z.00
13.69,13.6Z.00
13.70,13.70.00
13.71,13.70.00
13.71,13.70.10
13.71,13.71.10
13.71,13.71.20
13.71,13.71.30
13.71,13.71.40
13.71,13.71.Z0
13.72,13.72.00
13.72,13.72.10
13.8,13.80.00
13.90,13.92.00
13.90,13.93.00
13.90,13.9Z.00
13.91,13.91.00
14.00,14.0Z.00
14.01,14.01.00
14.02,14.02.00
14.11,14.11.00
14.19,14.19.1Z
14.19,14.19.2Z
14.19,14.19.3Z
14.19,14.19.4Z
14.21,14.21.00
14.22,14.22.00
14.23,14.23.00
14.24,14.24.00
14.24,14.24.10
14.24,14.24.20
14.24,14.24.30
14.25,14.25.00
14.26,14.26.10
14.26,14.26.20
14.27,14.27.00
14.29,14.29.00
14.29,14.29.Z0
14.31,14.31.00
14.32,14.32.00
14.33,14.33.00
14.34,14.34.00
14.35,14.3Z.00
14.39,14.3Z.00
14.41,14.41.00
14.49,14.42.10
14.49,14.42.20
14.49,14.4Z.00
14.51,14.51.00
14.52,14.52.00
14.53,14.53.00
14.54,14.54.00
14.55,14.59.Z0
14.59,14.59.00
14.59,14.59.Z0
14.6,14.60.00
14.71,14.71.10
14.71,14.71.20
14.72,14.72.10
14.72,14.72.20
14.73,14.73.00
14.73,14.73.10
14.74,14.79.Z0
14.75,14.75.00
14.79,14.79.00
14.79,14.79.Z0
14.9,14.81.00
14.9,14.81.10
14.9,14.82.00
14.9,14.82.10
14.9,14.83.00
14.9,14.83.10
14.9,14.84.00
14.9,14.85.00
14.9,14.91.Z0
14.9,14.92.Z0
14.9,14.93.Z0
15.01,15.01.00
15.09,15.0Z.00
15.11,15.11.00
15.12,15.12.00
15.13,15.13.00
15.19,15.14.00
15.19,15.15.00
15.21,15.21.00
15.22,15.22.00
15.29,15.2Z.00
15.3,15.30.00
15.4,15.40.00
15.5,15.50.00
15.6,15.60.00
15.7,15.71.00
15.7,15.72.00
15.7,15.7Z.00
15.9,15.Z0.00
16.01,16.01.00
16.02,16.02.00
16.09,16.03.10
16.09,16.03.2N
16.09,16.03.30
16.09,16.03.4H
16.09,16.04.10
16.09,16.04.2N
16.09,16.04.30
16.09,16.04.4H
16.09,16.0Z.00
16.1,16.10.00
16.21,16.21.00
16.22,16.22.00
16.22,16.22.1P
16.23,16.23.00
16.29,16.2Z.00
16.31,16.31.00
16.39,16.3Z.00
16.41,16.41.00
16.42,16.42.00
16.49,16.4Z.00
16.51,16.51.00
16.51,16.51.Z0
16.52,16.52.00
16.59,16.59.00
16.59,16.59.Z0
16.61,16.61.00
16.62,16.62.00
16.63,16.63.00
16.64,16.64.Z0
16.65,16.65.00
16.66,16.66.Z0
16.69,16.6Z.00
16.71,16.71.00
16.71,16.71.10
16.72,16.72.00
16.81,16.81.00
16.82,16.82.00
16.89,16.8Z.00
16.91,16.91.00
16.92,16.92.00
16.92,16.92.10
16.92,16.92.2C
16.92,16.92.3Y
16.93,16.92.Z0
16.98,16.98.10
16.98,16.98.Z0
16.99,16.99.Z0
18.01,18.01.00
18.02,18.02.10
18.02,18.02.20
18.09,18.0Z.00
18.11,18.11.1N
18.11,18.11.2N
18.12,18.12.00
18.19,18.1Z.00
18.21,18.21.10
18.21,18.21.20
18.21,18.21.30
18.29,18.29.10
18.29,18.29.20
18.29,18.29.30
18.29,18.29.40
18.29,18.29.50
18.29,18.29.60
18.29,18.29.70
18.29,18.29.80
18.29,18.29.90
18.29,18.29.Z0
18.31,18.31.00
18.39,18.39.10
18.39,18.39.Z0
18.4,18.40.00
18.5,18.50.00
18.6,18.60.10
18.6,18.60.20
18.6,18.6Z.00
18.71,18.71.00
18.72,18.72.10
18.72,18.72.20
18.79,18.79.10
18.79,18.79.20
18.79,18.79.30
18.79,18.79.Z0
18.9,18.Z0.00
19.0,19.00.10
19.0,19.00.2N
19.11,19.11.00
19.19,19.12.10
19.19,19.12.2N
19.19,19.13.10
19.19,19.13.2N
19.19,19.14.10
19.19,19.14.2N
19.19,19.19.Z0
19.21,19.21.10
19.21,19.21.2N
19.29,19.22.10
19.29,19.22.2N
19.29,19.2Z.00
19.3,19.3Z.00
19.4,19.40.10
19.4,19.40.1N
19.4,19.5Z.00
19.52,19.52.10
19.52,19.52.2N
19.53,19.53.10
19.53,19.53.2N
19.54,19.54.10
19.54,19.54.2N
19.55,19.5Z.00
19.6,19.60.10
19.6,19.60.1N
19.9,19.Z0.00
20.01,20.01.1N
20.09,20.09.10
20.09,20.09.Z0
20.1,20.10.00
20.21,20.21.00
20.22,20.22.00
20.23,20.23.10
20.23,20.23.1N
20.23,20.23.20
20.23,20.23.2N
20.23,20.23.Z0
20.31,20.31.10
20.31,20.31.20
20.32,20.32.10
20.32,20.32.1N
20.32,20.32.Z0
20.39,20.39.Z0
20.39,95.43.10
20.41,20.41.00
20.42,20.42.1C
20.42,20.42.2C
20.42,20.42.3C
20.42,20.42.4C
20.42,20.42.Z0
20.49,20.43.1C
20.49,20.43.2C
20.49,20.44.00
20.49,20.44.1N
20.49,20.49.Z0
20.51,20.51.10
20.51,20.51.1N
20.51,20.51.20
20.51,20.51.30
20.59,20.59.10
20.59,20.59.20
20.59,20.59.Z0
20.61,20.6Z.00
20.62,20.6Z.00
20.71,20.71.00
20.72,20.72.00
20.79,20.79.10
20.79,20.79.2C
20.79,20.79.2M
20.79,20.79.Z0
20.8,20.80.0N
20.8,20.80.1N
20.91,20.9Z.00
20.92,20.92.00
20.93,20.93.0C
20.93,20.93.0N
20.94,20.94.10
20.94,20.94.A0
20.94,20.94.Z0
20.95,20.95.00
20.95,20.95.10
20.95,20.9B.1C
20.96,20.97.1C
20.96,20.97.2C
20.97,20.97.1C
20.97,20.97.2C
20.98,20.98.Z0
20.99,20.98.10
20.99,20.9A.10
20.99,20.9A.20
20.99,20.9A.30
20.99,20.9C.00
20.99,20.9Z.00
21.00,21.0Z.10
21.01,21.01.00
21.02,21.02.00
21.03,21.03.00
21.03,21.03.1N
21.03,21.03.2B
21.03,21.0Z.10
21.04,21.04.00
21.04,21.04.10
21.04,21.04.20
21.05,21.05.00
21.06,21.06.0C
21.07,21.07.10
21.09,21.0Z.00
21.1,21.10.00
21.21,21.21.1N
21.22,21.22.00
21.29,21.2Z.00
21.30,21.Z0.00
21.31,21.31.0N
21.32,21.32.00
21.32,21.3Z.00
21.4,21.40.00
21.5,21.50.10
21.5,21.50.1N
21.61,21.60.10
21.61,21.60.1N
21.61,21.60.20
21.61,21.60.2N
21.61,21.60.30
21.61,21.60.3N
21.61,21.60.Z0
21.61,21.61.10
21.61,21.61.1N
21.61,21.61.20
21.61,21.61.2N
21.61,21.61.30
21.61,21.61.3N
21.61,21.61.Z0
21.62,21.62.00
21.62,21.62.10
21.69,21.6Z.00
21.71,21.71.00
21.72,21.72.0C
21.81,21.81.00
21.81,21.87.10
21.82,21.82.00
21.83,21.83.00
21.84,21.84.00
21.85,21.85.00
21.86,21.86.00
21.87,21.87.Z0
21.88,21.88.10
21.88,21.88.20
21.88,21.88.30
21.88,21.88.40
21.88,21.88.50
21.88,21.88.Z0
21.89,21.89.Z0
21.91,21.91.00
21.99,21.Z0.00
22.00,22.0Z.00
22.01,22.01.00
22.02,22.02.00
22.11,22.11.0N
22.12,22.12.0C
22.19,22.19.1N
22.19,22.19.Z0
22.2,22.20.0N
22.2,22.20.1N
22.2,22.20.2N
22.2,22.20.ZN
22.2,22.32.0N
22.31,22.31.00
22.39,22.39.00
22.39,22.39.Z0
22.41,22.41.0C
22.41,22.41.0N
22.41,22.41.1N
22.41,22.41.Z0
22.42,22.42.10
22.42,22.42.20
22.42,22.42.30
22.42,22.42.Z0
22.50,22.5Z.00
22.51,22.51.00
22.51,22.51.0N
22.52,22.52.1N
22.52,22.52.2N
22.52,22.52.Z0
22.53,22.53.00
22.53,22.53.0N
22.60,22.6Z.00
22.61,22.61.00
22.62,22.62.1F
22.62,22.62.1N
22.62,22.62.Z0
22.63,22.63.1C
22.63,22.63.1N
22.63,22.63.2C
22.63,22.63.2N
22.63,22.63.3N
22.63,22.63.4N
22.63,22.63.Z0
22.64,22.64.1C
22.64,22.64.1N
22.64,22.64.2C
22.64,22.64.2N
22.64,22.64.Z0
22.71,22.71.00
22.71,22.71.10
22.71,22.71.20
22.71,22.71.30
22.79,22.79.00
22.79,22.79.01
22.79,22.79.Z0
22.9,22.90.00
22.9,22.90.10
22.9,22.9Z.00
23.01,23.01.00
23.09,23.09.00
23.09,23.09.Z0
23.11,23.11.00
23.19,23.19.00
23.19,23.19.10
23.19,23.19.Z0
23.2,23.20.10
23.2,23.20.20
23.2,23.20.30
23.3,23.30.00
23.3,23.30.10
23.41,23.41.10
23.41,23.41.30
23.41,23.41.50
23.41,23.41.Z0
23.42,23.42.10
23.42,23.42.20
23.42,23.42.Z0
23.43,23.43.10
23.43,23.43.20
23.43,23.43.60
23.43,23.43.Z0
23.49,23.49.10
23.49,23.49.Z0
23.5,23.50.00
23.5,23.50.10
23.5,23.50.20
23.5,23.50.30
23.5,23.50.40
23.5,23.50.50
23.5,23.5Z.00
23.6,23.60.00
23.70,23.7Z.00
23.71,23.71.00
23.71,23.71.10
23.71,23.71.20
23.72,23.72.00
23.72,23.72.10
23.72,23.72.20
23.72,23.72.30
23.73,23.73.00
24.0,24.00.00
24.0,24.00.20
24.0,24.00.30
24.0,24.00.40
24.0,24.00.50
24.11,24.11.0C
24.11,24.11.0P
24.11,24.11.Z0
24.12,24.12.0C
24.12,24.12.0P
24.12,24.12.Z0
24.19,24.19.10
24.19,24.19.Z0
24.2,24.20.00
24.2,24.20.10
24.2,24.20.20
24.2,24.20.30
24.2,24.2Z.00
24.31,24.31.00
24.32,24.32.00
24.39,24.39.10
24.39,24.39.20
24.39,24.39.Z0
24.4,24.40.00
24.4,24.40.10
24.5,24.50.00
24.5,24.50.10
24.6,24.60.00
24.7,24.70.10
24.7,24.70.20
24.8,24.80.10
24.8,24.80.20
24.8,24.80.30
24.91,24.91.00
24.99,24.9Z.00
25.01,25.01.0P
25.02,25.02.0C
25.09,25.0Z.00
25.1,25.10.10
25.1,25.1Z.00
25.2,25.21.0C
25.2,25.21.1C
25.2,25.22.0M
25.2,25.22.1M
25.3,25.31.1C
25.3,25.31.2C
25.3,25.31.3C
25.3,25.32.1C
25.3,25.32.2C
25.3,25.32.3C
25.3,25.3Z.00
25.3,25.40.0C
25.3,25.41.1C
25.3,25.41.2C
25.3,25.41.3C
25.3,25.41.Z0
25.3,25.42.0C
25.3,25.43.0C
25.3,25.43.Z0
25.4,25.3Z.00
25.51,25.51.00
25.59,25.59.00
25.59,25.59.0C
25.59,25.59.1C
25.59,25.59.2C
25.59,25.59.3C
25.59,25.59.Z0
25.91,25.91.00
25.92,25.92.0C
25.93,25.93.00
25.94,25.94.00
25.99,25.9Z.00
26.0,26.00.00
26.11,26.11.0P
26.12,26.12.0C
26.19,26.19.Z0
26.21,26.21.0C
26.29,26.22.00
26.29,26.23.00
26.29,26.2Z.00
26.30,26.3Z.00
26.31,26.31.0C
26.31,26.31.1C
26.31,26.31.2C
26.32,26.32.10
26.32,26.32.20
26.32,26.32.30
26.32,26.33.10
26.32,26.33.20
26.41,26.41.00
26.42,26.42.00
26.49,26.43.00
26.49,26.44.10
26.49,26.44.20
26.49,26.44.30
26.49,26.49.00
26.49,26.49.Z0
26.91,26.91.00
26.91,26.92.1N
26.91,26.92.2N
26.91,26.92.3N
26.91,26.92.Z0
26.99,26.93.1C
26.99,26.93.1F
26.99,26.94.1F
26.99,26.99.00
26.99,26.99.Z0
27.0,27.00.10
27.0,27.00.20
27.1,27.10.00
27.21,27.21.0C
27.21,27.21.0P
27.21,27.21.0Z
27.22,27.22.0C
27.22,27.22.0P
27.22,27.22.0Z
27.23,27.23.00
27.24,27.24.00
27.29,27.2Z.00
27.31,27.31.00
27.32,27.32.00
27.32,27.33.00
27.32,27.33.0C
27.32,27.33.0Z
27.32,27.33.10
27.32,27.33.1C
27.32,27.33.1Z
27.41,27.41.00
27.42,27.42.10
27.42,27.42.20
27.42,27.42.30
27.43,27.43.00
27.49,27.49.00
27.49,27.49.10
27.49,27.49.20
27.49,27.49.Z0
27.51,27.51.00
27.52,27.52.00
27.53,27.53.00
27.54,27.54.10
27.54,27.54.20
27.54,27.54.30
27.54,27.54.40
27.55,27.55.00
27.56,27.56.00
27.57,27.57.10
27.57,27.57.20
27.59,27.58.00
27.59,27.59.00
27.59,27.59.10
27.59,27.59.Z0
27.61,27.61.00
27.62,27.62.10
27.62,27.62.20
27.62,27.62.30
27.62,27.62.Z0
27.63,27.63.00
27.64,27.64.00
27.69,27.69.10
27.69,27.69.20
27.69,27.69.30
27.69,27.69.40
27.69,27.69.50
27.69,27.69.60
27.69,27.69.Z0
27.69,27.69.Z1
27.71,27.71.00
27.72,27.72.00
27.72,27.72.10
27.73,27.73.00
27.79,27.79.10
27.79,27.79.20
27.79,27.79.Z1
27.91,27.91.00
27.92,27.92.Z0
27.99,27.99.Z0
28.0,28.00.10
28.0,28.00.20
28.11,28.11.00
28.19,28.1Z.00
28.19,29.12.0C
28.19,29.12.1C
28.2,28.20.00
28.2,28.20.10
28.2,28.20.Z0
28.3,28.30.00
28.4,28.40.00
28.5,28.50.00
28.6,28.60.00
28.7,28.70.00
28.91,28.91.00
28.92,28.92.00
28.99,28.9Z.00
29.0,29.00.0C
29.11,29.11.0N
29.12,29.12.0P
29.12,29.12.1P
29.12,29.12.2P
29.12,29.12.Z0
29.19,29.1Z.00
29.2,29.20.0C
29.31,29.31.0N
29.32,29.32.0C
29.33,29.33.0C
29.33,29.34.0C
29.33,29.34.1C
29.33,29.34.2C
29.33,29.34.Z0
29.33,29.35.0C
29.33,29.35.1C
29.33,29.35.2C
29.33,29.35.Z0
29.39,29.39.0C
29.39,29.39.0N
29.4,29.40.0C
29.4,29.40.1C
29.4,29.40.2C
29.51,29.51.0C
29.52,29.52.0C
29.53,29.53.0C
29.53,29.53.Z0
29.54,29.54.0C
29.59,29.5Z.00
29.91,29.91.0N
29.92,29.92.0C
29.99,29.9Z.00
30.01,30.01.0C
30.01,30.01.0N
30.09,30.08.2C
30.09,30.08.2N
30.09,30.08.3C
30.09,30.08.3N
30.09,30.09.1C
30.09,30.09.1N
30.09,30.09.2C
30.09,30.09.2N
30.09,30.0Z.00
30.1,30.10.1C
30.1,30.10.2C
30.1,30.10.3N
30.1,30.1Z.00
30.21,30.21.0C
30.21,30.21.Z0
30.22,30.22.0C
30.22,30.22.0N
30.22,30.22.1N
30.22,30.22.Z0
30.29,30.29.0C
30.29,30.29.1C
30.29,30.29.2C
30.29,30.29.3C
30.29,30.29.4C
30.29,30.29.Z0
30.3,30.31.1C
30.3,30.31.2C
30.3,30.31.3C
30.3,30.31.4C
30.3,30.31.5C
30.3,30.31.6C
30.3,30.31.Z0
30.3,30.32.1C
30.3,30.32.2C
30.3,30.32.3C
30.3,30.32.4C
30.3,30.32.5C
30.3,30.32.6C
30.3,30.32.Z0
30.4,30.41.1C
30.4,30.41.2C
30.4,30.41.3C
30.4,30.41.4C
30.4,30.41.5C
30.4,30.41.6C
30.4,30.4Z.00
31.0,31.00.00
31.1,31.10.0C
31.1,31.10.1P
31.1,31.1Z.00
31.21,31.21.0C
31.29,31.22.1C
31.29,31.22.2C
31.29,31.2Z.00
31.3,31.31.0C
31.3,31.32.0C
31.3,31.3Z.00
31.41,31.41.1N
31.42,31.42.1N
31.42,31.42.2N
31.42,31.42.3N
31.42,31.42.4N
31.42,31.42.5N
31.43,31.43.0N
31.44,31.44.0N
31.45,31.45.1C
31.45,31.45.2C
31.48,31.48.00
31.48,31.48.Z0
31.49,31.49.Z0
31.5,31.51.0C
31.5,31.51.0N
31.5,31.51.1N
31.5,31.52.00
31.5,31.5Z.00
31.61,31.61.0C
31.61,31.61.Z0
31.62,31.62.0C
31.63,31.63.0C
31.64,31.64.0C
31.69,31.65.0C
31.69,31.65.1C
31.69,31.65.2C
31.69,31.65.3C
31.69,31.65.4C
31.69,31.65.4N
31.69,31.65.5C
31.69,31.65.6N
31.69,31.65.7N
31.69,31.65.8N
31.69,31.65.Z0
31.69,31.69.1C
31.69,31.69.2C
31.69,31.69.30
31.69,31.69.Z0
31.71,31.71.00
31.72,31.72.0C
31.72,31.72.10
31.73,31.73.1C
31.73,31.73.1N
31.73,31.73.2N
31.73,31.73.Z0
31.74,31.74.0C
31.74,31.74.10
31.74,31.74.Z0
31.75,31.75.0C
31.75,31.75.1C
31.75,31.75.1S
31.75,31.75.Z1
31.75,31.75.Z2
31.79,31.76.0C
31.79,31.77.0C
31.79,31.77.ZN
31.79,31.78.1C
31.79,31.78.20
31.79,31.78.Z0
31.79,31.7Z.00
31.91,31.91.00
31.92,31.92.1C
31.92,31.92.1M
31.92,31.92.1N
31.92,31.92.2C
31.92,31.92.2M
31.92,31.92.2N
31.92,31.92.Z0
31.93,31.93.1C
31.93,31.93.1N
31.93,31.93.2C
31.93,31.93.2N
31.93,31.93.3C
31.93,31.93.3N
31.93,31.93.4C
31.93,31.93.4N
31.93,31.93.Z0
31.93,31.98.2N
31.93,31.99.1N
31.94,31.65.5N
31.94,31.94.00
31.94,31.94.10
31.95,31.95.0C
31.95,31.95.0N
31.95,31.95.ZN
31.98,31.80.0C
31.98,31.80.0N
31.98,31.80.1C
31.98,31.8Z.00
31.98,31.98.1C
31.98,31.98.20
31.98,31.98.Z0
31.99,31.99.10
31.99,31.99.Z0
32.01,32.01.0N
32.01,32.01.1N
32.01,32.01.2N
32.01,32.01.3N
32.01,32.01.4N
32.01,32.01.ZN
32.09,32.0Z.00
32.1,32.10.0C
32.1,32.10.0S
32.21,32.21.1C
32.21,32.21.1S
32.22,32.22.0C
32.22,32.22.0S
32.23,32.23.1C
32.23,32.23.2C
32.24,32.24.1P
32.24,32.24.2P
32.25,32.25.0S
32.25,32.25.1S
32.26,32.26.10
32.28,32.28.1N
32.28,32.28.2N
32.29,32.2Z.00
32.3,32.30.0C
32.3,32.30.0S
32.4,32.40.0C
32.4,32.40.0S
32.4,32.41.0C
32.4,32.41.0S
32.4,32.4Z.00
32.5,32.50.0C
32.5,32.50.0S
32.5,32.51.0C
32.5,32.51.0S
32.6,32.60.0C
32.9,32.Z0.00
33.0,33.00.00
33.1,33.10.0C
33.1,33.10.0S
33.21,33.21.0N
33.22,33.22.0N
33.22,33.A1.1N
33.23,33.23.1N
33.23,33.23.2N
33.23,33.23.3N
33.23,33.23.4N
33.23,33.23.5N
33.23,33.23.ZN
33.24,33.24.1N
33.24,33.24.2N
33.24,33.24.3N
33.24,33.24.ZN
33.25,33.25.0C
33.26,33.26.1P
33.26,33.26.2P
33.26,33.26.3P
33.26,33.26.ZP
33.27,33.27.1N
33.27,33.27.2N
33.27,33.27.3N
33.27,33.27.4N
33.27,33.27.ZN
33.28,33.28.0C
33.29,33.29.0S
33.29,33.2Z.00
33.31,33.31.0C
33.31,33.31.0S
33.32,33.32.0C
33.33,33.33.0C
33.33,33.33.0P
33.33,33.33.0S
33.34,33.34.0C
33.39,33.3Z.00
33.41,33.41.0C
33.42,33.42.0C
33.43,33.43.0C
33.48,33.44.0C
33.48,33.4Z.00
33.48,33.91.0C
33.48,33.91.0S
33.49,33.4Z.10
33.50,33.5Z.00
33.51,33.51.00
33.51,33.53.00
33.52,33.52.00
33.6,33.61.0C
33.6,33.61.1C
33.71,33.71.1N
33.71,33.71.2N
33.71,33.71.3N
33.71,33.71.4N
33.71,33.71.ZN
33.78,33.78.0N
33.78,33.78.1N
33.79,33.72.1N
33.79,33.72.2N
33.79,33.72.ZN
33.79,33.74.ZN
33.79,33.7Z.0N
33.91,33.91.1N
33.91,33.91.2N
33.91,33.91.3N
33.91,33.91.4N
33.91,33.91.5N
33.91,33.91.6N
33.91,33.91.7N
33.91,33.91.8N
33.91,33.91.9N
33.91,33.91.AN
33.91,33.91.Z0
33.92,33.92.0C
33.92,33.92.0S
33.93,33.93.1P
33.93,33.93.2P
33.93,33.93.Z0
33.98,33.94.1C
33.98,33.94.2C
33.98,33.94.2S
33.98,33.94.3C
33.98,33.94.3S
33.98,33.94.Z0
33.98,33.Z0.00
33.99,33.A3.00
33.99,33.Z1.00
34.01,34.01.0P
34.02,00.00.3C
34.02,34.02.0C
34.02,34.02.1C
34.03,34.03.0C
34.04,34.04.00
34.04,34.04.1P
34.04,34.04.2P
34.04,34.04.Z0
34.05,34.05.0P
34.09,34.09.00
34.09,34.09.0P
34.09,34.09.Z0
34.1,34.10.0C
34.1,34.10.0S
34.1,34.10.1P
34.1,34.10.2P
34.21,00.00.1S
34.21,34.21.0S
34.21,34.21.1S
34.21,34.21.2S
34.21,34.21.Z0
34.22,00.00.2S
34.22,34.22.0T
34.23,34.23.0C
34.23,34.23.0P
34.23,34.23.1P
34.23,34.23.Z0
34.24,34.24.0C
34.24,34.24.0P
34.24,34.24.0S
34.24,34.24.1P
34.24,34.24.Z0
34.25,34.25.0P
34.26,34.26.0C
34.27,34.27.0C
34.27,34.27.0P
34.27,34.27.Z0
34.28,34.28.Z0
34.28,34.28.Z1
34.28,34.28.Z2
34.29,34.29.1N
34.29,34.29.Z0
34.3,34.30.0C
34.3,34.30.1C
34.3,34.30.2C
34.4,34.4Z.00
34.51,34.51.0C
34.51,34.51.0S
34.59,34.5Z.00
34.6,34.61.0C
34.6,34.61.0S
34.6,34.62.0C
34.6,34.62.0S
34.6,34.6Z.00
34.71,34.71.00
34.72,34.72.00
34.73,34.73.0C
34.73,34.73.1C
34.73,34.73.2C
34.73,34.73.Z0
34.74,34.74.0C
34.74,34.74.1S
34.74,34.74.20
34.79,34.7Z.00
34.81,34.81.0C
34.82,34.82.0C
34.83,34.83.0S
34.83,34.83.1C
34.83,34.83.2C
34.83,34.83.3C
34.83,34.83.Z0
34.84,34.84.Z0
34.85,34.85.0C
34.89,34.86.S1
34.89,34.86.Z0
34.89,34.8Z.00
34.91,34.91.00
34.91,34.91.1P
34.91,34.91.2P
34.92,34.92.0P
34.92,34.92.0S
34.92,34.92.1P
34.92,34.92.3P
34.92,34.92.Z0
34.93,34.93.0C
34.99,34.9Z.00
35.00,37.99.Z0
35.01,35.01.00
35.02,35.02.00
35.03,35.03.00
35.04,35.04.00
35.10,35.1Z.0C
35.11,35.11.1C
35.11,35.11.2C
35.11,35.11.3C
35.11,35.11.3M
35.11,35.11.4C
35.11,35.11.5C
35.11,35.11.6C
35.11,35.11.6M
35.11,35.11.Z0
35.11,35.3A.5C
35.11,35.3A.6C
35.11,35.3A.7C
35.11,35.3A.8C
35.12,35.12.1C
35.12,35.12.2C
35.12,35.12.3C
35.12,35.12.3M
35.12,35.12.4C
35.12,35.12.5C
35.12,35.12.6C
35.12,35.12.6M
35.12,35.12.Z0
35.13,35.13.0C
35.14,35.14.1C
35.14,35.14.2C
35.14,35.14.3C
35.14,35.14.3M
35.14,35.14.4C
35.14,35.14.5C
35.14,35.14.6C
35.14,35.14.6M
35.14,35.14.Z0
35.20,35.2A.1C
35.20,35.2A.2C
35.20,35.2A.3C
35.20,35.2A.3M
35.20,35.2A.4B
35.20,35.2A.4D
35.20,35.2B.1C
35.20,35.2B.2C
35.20,35.2B.3C
35.20,35.2B.3M
35.20,35.2B.4B
35.20,35.2B.4D
35.20,35.2C.1C
35.20,35.2C.2C
35.20,35.2C.3C
35.20,35.2C.3M
35.20,35.2C.4B
35.20,35.2C.4D
35.20,35.2D.1C
35.20,35.2D.2C
35.20,35.2D.3C
35.20,35.2D.3M
35.20,35.2D.4B
35.20,35.2D.4D
35.20,35.2E.1C
35.20,35.2E.2C
35.20,35.2E.3C
35.20,35.2E.3M
35.20,35.2F.1C
35.20,35.2F.2C
35.20,35.2F.3C
35.20,35.2F.3M
35.20,35.2G.1C
35.20,35.2G.2C
35.20,35.2G.3C
35.20,35.2G.3M
35.20,35.2H.1C
35.20,35.2H.2C
35.20,35.2H.3C
35.20,35.2H.3M
35.20,35.2K.Z1
35.20,35.2K.Z2
35.21,35.21.1C
35.21,35.21.2C
35.21,35.21.3C
35.21,35.21.3M
35.21,35.21.4B
35.21,35.21.4D
35.21,35.21.5B
35.21,35.21.5D
35.21,35.21.6D
35.21,35.21.7D
35.21,35.21.8B
35.21,35.21.9C
35.21,35.21.AC
35.21,35.21.Z0
35.22,35.22.1C
35.22,35.22.2C
35.22,35.22.3C
35.22,35.22.3M
35.22,35.22.Z0
35.22,35.29.1C
35.22,35.29.2C
35.22,35.29.3C
35.23,35.23.1C
35.23,35.23.2C
35.23,35.23.3C
35.23,35.23.3M
35.23,35.23.4B
35.23,35.23.4D
35.23,35.23.Z0
35.24,35.24.1C
35.24,35.24.2C
35.24,35.24.3C
35.24,35.24.3M
35.24,35.24.Z0
35.25,35.25.1B
35.25,35.25.1C
35.26,35.26.1C
35.27,35.27.1C
35.27,35.27.2C
35.27,35.27.3C
35.27,35.27.3M
35.27,35.27.4B
35.27,35.27.5B
35.27,35.27.Z0
35.28,35.28.1C
35.28,35.28.2C
35.28,35.28.3C
35.28,35.28.3M
35.28,35.28.Z0
35.31,35.31.0W
35.31,35.31.Z0
35.32,35.32.1W
35.32,35.32.2W
35.32,35.32.3D
35.32,35.32.Z0
35.33,35.33.Z0
35.34,35.34.1C
35.34,35.34.Z0
35.35,35.35.1C
35.35,35.35.2C
35.35,35.35.Z0
35.35,35.53.1B
35.35,35.53.1C
35.35,35.53.2C
35.35,35.53.3C
35.35,35.53.3M
35.35,35.53.Z0
35.39,35.2Z.00
35.39,35.39.Z0
35.39,35.3A.1C
35.39,35.3A.2B
35.39,35.3A.2D
35.39,35.3A.2Z
35.39,35.3A.3C
35.39,35.3A.9C
35.39,35.3A.AC
35.39,35.3A.BC
35.39,35.3A.BM
35.39,35.3A.DC
35.39,35.3A.EC
35.39,35.3A.Z0
35.39,35.3B.1C
35.39,35.3B.2B
35.39,35.3B.2D
35.39,35.3B.2Z
35.39,35.3B.3C
35.39,35.3B.Z0
35.39,35.3C.1C
35.39,35.3C.2B
35.39,35.3C.2Z
35.39,35.3C.3B
35.39,35.3C.4C
35.39,35.3C.Z0
35.39,35.3D.1C
35.39,35.3D.2B
35.39,35.3D.2D
35.39,35.3D.2Z
35.39,35.3D.3C
35.41,35.41.1B
35.41,35.41.1C
35.42,35.42.1C
35.42,35.42.Z0
35.50,35.9Z.10
35.51,35.51.1C
35.51,35.51.2C
35.51,35.51.3C
35.51,35.51.3M
35.51,35.51.ZC
35.52,35.50.1B
35.52,35.52.1B
35.53,35.9Z.10
35.54,35.54.1C
35.54,35.54.2C
35.54,35.54.3C
35.54,35.54.Z0
35.55,35.55.1B
35.60,35.9Z.10
35.61,35.61.1C
35.61,35.61.2C
35.61,35.61.3C
35.61,35.61.3M
35.61,35.61.Z0
35.62,35.62.1C
35.62,35.62.2C
35.62,35.62.3C
35.62,35.62.3M
35.62,35.62.Z0
35.63,35.63.0C
35.70,35.9Z.10
35.71,35.71.1C
35.71,35.71.2C
35.71,35.71.3C
35.71,35.71.3M
35.71,35.71.Z0
35.72,35.72.Z0
35.73,35.73.0C
35.73,35.73.1C
35.73,35.73.Z0
35.81,35.81.0C
35.82,35.82.0C
35.83,35.83.0C
35.83,35.83.1C
35.84,35.84.Z0
35.91,35.91.0C
35.92,35.92.0C
35.93,35.93.0C
35.94,35.94.0C
35.95,35.95.1C
35.95,35.95.ZC
35.96,35.15.1B
35.96,35.16.1B
35.96,35.16.2D
35.96,35.16.3B
35.96,35.16.ZB
35.96,35.17.1B
35.96,35.18.1B
35.98,35.9Z.10
35.99,37.99.Z0
36.03,36.03.00
36.04,36.04.0B
36.06,36.06.10
36.06,36.06.20
36.06,36.06.30
36.06,36.06.Z0
36.07,36.07.10
36.07,36.07.20
36.07,36.07.30
36.07,36.07.Z0
36.09,36.09.Z0
36.10,36.10.0C
36.11,36.11.1C
36.11,36.11.2C
36.11,36.11.2M
36.11,36.11.Z0
36.12,36.12.1C
36.12,36.12.2C
36.12,36.12.2M
36.12,36.12.3C
36.12,36.12.4C
36.12,36.12.4M
36.12,36.12.Z0
36.13,36.13.1C
36.13,36.13.2C
36.13,36.13.2M
36.13,36.13.3C
36.13,36.13.4C
36.13,36.13.4M
36.13,36.13.Z0
36.14,36.14.1C
36.14,36.14.2C
36.14,36.14.2M
36.14,36.14.3C
36.14,36.14.4C
36.14,36.14.4M
36.14,36.14.Z0
36.15,36.15.1C
36.15,36.15.2C
36.15,36.15.2M
36.15,36.15.3C
36.15,36.15.4C
36.15,36.15.4M
36.15,36.15.5C
36.15,36.15.6C
36.15,36.15.6M
36.15,36.15.Z0
36.16,36.16.1C
36.16,36.16.2C
36.16,36.16.3C
36.16,36.16.4C
36.16,36.16.4M
36.16,36.16.5C
36.16,36.16.5M
36.16,36.16.6C
36.16,36.16.6M
36.16,36.16.Z0
36.17,36.17.Z0
36.19,36.19.1C
36.19,36.19.Z0
36.2,36.20.0C
36.31,36.31.1C
36.32,36.31.Z0
36.33,36.31.1S
36.34,36.31.1B
36.39,36.3Z.00
36.91,36.91.1B
36.91,36.91.1C
36.99,33.99.T0
36.99,36.99.1C
36.99,36.99.2C
36.99,36.99.3B
36.99,36.99.Z0
37.0,37.00.0P
37.10,37.11.Z0
37.11,37.11.1B
37.11,37.11.1C
37.11,37.11.1D
37.11,37.11.Z0
37.12,37.12.0C
37.12,37.12.0M
37.20,37.20.00
37.20,37.20.10
37.20,37.20.20
37.21,37.21.0B
37.21,37.21.0D
37.22,37.22.0B
37.22,37.22.0D
37.23,37.23.0B
37.23,37.23.0D
37.23,37.23.1B
37.24,37.24.0C
37.24,37.24.0M
37.25,37.25.0C
37.25,37.25.0M
37.25,37.25.0P
37.26,37.26.0B
37.26,37.26.0N
37.27,37.27.1B
37.27,37.27.20
37.27,37.27.Z0
37.28,37.28.0B
37.29,37.29.50
37.29,37.29.Z0
37.31,37.31.0C
37.31,37.31.0M
37.32,37.32.0C
37.33,37.33.0C
37.33,37.33.1C
37.33,37.33.2C
37.33,37.33.3C
37.33,37.33.4C
37.33,37.33.4M
37.33,37.33.5C
37.33,37.33.6C
37.33,37.33.7C
37.33,37.33.ZC
37.33,37.36.20
37.33,37.36.30
37.34,37.34.1B
37.34,37.34.2B
37.34,37.34.3B
37.34,37.34.4B
37.34,37.34.5B
37.34,37.34.6B
37.34,37.34.7B
37.34,37.34.8B
37.34,37.34.9B
37.34,37.34.AB
37.34,37.34.Z0
37.34,37.36.10
37.34,37.36.40
37.35,37.35.1C
37.41,37.41.0C
37.49,37.49.1C
37.49,37.49.2C
37.49,37.49.Z0
37.51,37.51.0C
37.52,37.52.0C
37.52,37.52.1C
37.53,37.53.0C
37.54,37.54.10
37.54,37.54.20
37.61,37.61.0B
37.61,37.61.0D
37.62,37.62.10
37.62,37.62.2B
37.62,37.62.2D
37.62,37.62.Z0
37.63,37.6A.10
37.63,37.6A.20
37.63,37.6A.30
37.63,37.6A.40
37.63,37.6A.Z0
37.64,37.6B.10
37.64,37.6B.20
37.64,37.6B.Z1
37.65,37.65.10
37.65,37.65.20
37.65,37.65.Z0
37.66,37.66.10
37.66,37.66.20
37.66,37.66.Z0
37.67,37.67.10
37.67,37.67.20
37.67,37.67.Z0
37.68,37.68.1B
37.68,37.68.2B
37.68,37.68.ZB
37.70,37.EZ.10
37.71,37.E1.1B
37.71,37.E1.2B
37.71,37.E1.2C
37.71,37.E1.3C
37.72,37.E2.0B
37.72,37.E2.1B
37.73,37.E3.0B
37.73,37.E3.1B
37.74,37.E4.1D
37.74,37.E4.2D
37.75,37.E5.10
37.75,37.EZ.20
37.76,37.E6.00
37.76,37.E6.10
37.76,37.EZ.30
37.77,37.E7.10
37.77,37.E7.20
37.77,37.E7.30
37.77,37.E7.40
37.77,37.EZ.40
37.78,37.P9.0B
37.79,37.70.10
37.79,37.70.20
37.79,37.70.30
37.79,37.70.40
37.79,37.70.Z0
37.79,37.L0.10
37.79,37.L0.20
37.80,37.P7.1B
37.80,37.P7.2B
37.81,37.PZ.00
37.82,37.P1.1D
37.82,37.P1.20
37.82,37.P1.Z0
37.83,37.P2.1D
37.85,37.P4.10
37.86,37.P4.10
37.86,37.P4.20
37.87,37.P2.2D
37.87,37.P2.Z0
37.87,37.P5.10
37.87,37.P5.20
37.89,37.P8.10
37.89,37.P8.20
37.89,37.PZ.00
37.90,37.90.1B
37.90,37.90.2C
37.91,37.91.00
37.92,37.92.00
37.93,37.93.00
37.94,37.D1.1D
37.94,37.D2.1D
37.94,37.D2.20
37.94,37.D2.2D
37.94,37.D2.30
37.94,37.D2.3D
37.94,37.D4.10
37.94,37.D5.10
37.95,37.ED.0D
37.96,37.D7.10
37.96,37.D7.30
37.96,37.D7.50
37.96,37.D7.Z0
37.97,37.ED.1D
37.98,37.D7.20
37.98,37.D7.40
37.98,37.D7.60
37.98,37.D7.70
37.98,37.D7.Z1
37.99,37.55.0C
37.99,37.99.0C
37.99,37.99.1C
37.99,37.99.Z0
37.99,37.DZ.00
38.00,39.99.Z0
38.01,38.01.Z0
38.01,38.0A.1B
38.01,38.0A.2B
38.01,38.0A.Z0
38.02,38.02.1C
38.02,38.02.1D
38.02,38.02.Z0
38.02,38.0B.1B
38.02,38.0B.2D
38.02,38.0B.3B
38.02,38.0B.3D
38.03,38.03.1C
38.03,38.03.1D
38.03,38.03.Z0
38.03,38.0C.1B
38.03,38.0C.1D
38.03,38.0C.2B
38.03,38.0C.2D
38.04,38.04.1C
38.05,38.05.1C
38.05,38.05.1D
38.05,38.05.2C
38.05,38.05.2D
38.05,38.05.Z0
38.05,38.0E.1B
38.05,38.0E.1D
38.05,38.0E.2B
38.05,38.0E.2D
38.05,38.0E.3B
38.05,38.0E.3D
38.05,38.0E.4B
38.05,38.0E.4D
38.06,38.06.1C
38.06,38.06.1D
38.06,38.06.2C
38.06,38.06.2D
38.06,38.06.3C
38.06,38.06.3D
38.06,38.06.Z0
38.06,38.0F.1B
38.06,38.0F.1D
38.06,38.0F.2B
38.06,38.0F.2D
38.06,38.0F.3B
38.06,38.0F.3D
38.06,38.0F.4B
38.06,38.0F.4D
38.06,38.0F.5B
38.06,38.0F.5D
38.06,38.0F.6B
38.06,38.0F.6D
38.06,38.A1.0B
38.07,38.07.1C
38.07,38.07.1D
38.07,38.07.2C
38.07,38.07.2D
38.07,38.07.3C
38.07,38.07.3D
38.07,38.07.Z0
38.07,38.0G.1B
38.07,38.0G.1D
38.07,38.0G.2B
38.07,38.0G.2D
38.07,38.0G.3B
38.07,38.0G.3D
38.07,38.0G.4B
38.07,38.0G.4D
38.07,38.0G.5B
38.07,38.0G.5D
38.07,38.0G.6B
38.07,38.0G.6D
38.08,38.08.1C
38.08,38.08.1D
38.08,38.08.2C
38.08,38.08.2D
38.08,38.08.3C
38.08,38.08.3D
38.08,38.08.Z0
38.08,38.0H.1B
38.08,38.0H.1D
38.08,38.0H.2B
38.08,38.0H.2D
38.08,38.0H.3B
38.08,38.0H.3D
38.08,38.0H.4B
38.08,38.0H.4D
38.08,38.0H.5B
38.08,38.0H.5D
38.08,38.0H.6B
38.08,38.0H.6D
38.08,38.0I.1B
38.08,38.0I.2B
38.08,38.A2.0B
38.09,38.09.1C
38.09,38.09.1D
38.09,38.09.2C
38.09,38.09.2D
38.09,38.09.Z0
38.09,38.0I.1D
38.09,38.0I.2D
38.09,38.0I.3B
38.09,38.0I.3D
38.09,38.0I.4B
38.09,38.0I.4D
38.10,38.1Z.00
38.11,38.11.0C
38.12,38.12.1C
38.12,38.12.2C
38.12,38.12.3C
38.12,38.12.4C
38.12,38.12.5C
38.12,38.12.6C
38.12,38.12.7C
38.12,38.12.8C
38.12,38.12.Z0
38.13,38.13.1C
38.13,38.13.2C
38.13,38.13.Z0
38.14,38.14.1C
38.14,38.14.2C
38.14,38.14.3C
38.14,38.14.4C
38.14,38.14.Z0
38.15,38.15.0C
38.15,38.15.1C
38.15,38.15.2C
38.15,38.15.3C
38.15,38.15.4C
38.15,38.15.5C
38.15,38.15.6C
38.15,38.15.7C
38.15,38.15.8C
38.15,38.15.9C
38.15,38.15.AC
38.15,38.15.Z0
38.16,38.16.1C
38.16,38.16.2C
38.16,38.16.3C
38.16,38.16.4C
38.16,38.16.5C
38.16,38.16.6C
38.16,38.16.7C
38.16,38.16.8C
38.16,38.16.9C
38.16,38.16.Z0
38.16,38.17.1C
38.16,38.17.2C
38.16,38.17.3C
38.16,38.17.4C
38.16,38.17.5C
38.16,38.17.6C
38.16,38.17.7C
38.16,38.17.8C
38.16,38.17.9C
38.16,38.17.Z0
38.18,38.18.1C
38.18,38.18.2C
38.18,38.18.3C
38.18,38.18.4C
38.18,38.18.Z0
38.18,38.19.1C
38.18,38.19.2C
38.18,38.19.3C
38.18,38.19.4C
38.18,38.19.5C
38.21,38.21.0C
38.22,38.22.0P
38.22,38.22.1P
38.29,38.29.1B
38.29,38.29.Z0
38.30,38.3Z.00
38.31,38.31.00
38.32,38.32.1C
38.32,38.32.2C
38.32,38.32.Z0
38.33,38.33.1C
38.33,38.33.2C
38.34,38.34.1C
38.34,38.34.2C
38.34,38.34.3C
38.35,38.35.1C
38.35,38.35.2C
38.35,38.35.3C
38.35,38.35.4C
38.35,38.35.5C
38.35,38.35.6C
38.35,38.35.7C
38.35,38.35.Z0
38.36,38.36.1C
38.36,38.36.2C
38.36,38.36.3C
38.36,38.36.4C
38.36,38.36.5C
38.36,38.36.6C
38.36,38.36.7C
38.36,38.36.8C
38.36,38.36.Z0
38.37,38.37.1C
38.37,38.37.2C
38.37,38.37.3C
38.37,38.37.4C
38.37,38.37.5C
38.37,38.37.Z0
38.38,38.38.1C
38.38,38.38.2C
38.38,38.38.3C
38.38,38.38.4C
38.38,38.38.5C
38.38,38.38.Z0
38.39,38.39.1C
38.39,38.39.2C
38.39,38.39.3C
38.39,38.39.4C
38.39,38.39.Z0
38.40,38.4Z.00
38.41,38.41.00
38.42,38.42.1C
38.42,38.42.2C
38.42,38.42.Z0
38.43,38.43.0C
38.43,38.43.1C
38.44,38.44.0C
38.44,38.44.1C
38.44,38.44.2C
38.44,38.44.3C
38.44,38.44.4C
38.44,38.44.Z0
38.45,38.45.1C
38.45,38.45.2C
38.45,38.45.3C
38.45,38.45.4C
38.45,38.45.5C
38.45,38.45.6C
38.45,38.45.7C
38.45,38.45.8C
38.45,38.45.9C
38.45,38.45.AC
38.45,38.45.BC
38.45,38.45.CC
38.45,38.45.DC
38.45,38.45.EC
38.45,38.45.FC
38.45,38.45.GC
38.45,38.45.HC
38.45,38.45.IC
38.45,38.45.JC
38.45,38.45.KC
38.45,38.45.LC
38.45,38.45.MC
38.45,38.45.NC
38.45,38.45.OC
38.45,38.45.PC
38.45,38.45.QC
38.45,38.45.Z0
38.46,38.46.0C
38.46,38.46.1C
38.46,38.46.2C
38.46,38.46.3C
38.46,38.46.4C
38.46,38.46.5C
38.46,38.46.6C
38.46,38.46.7C
38.46,38.46.Z0
38.47,38.47.0C
38.47,38.47.1C
38.47,38.47.2C
38.47,38.47.3C
38.47,38.47.4C
38.47,38.47.Z0
38.48,38.48.1C
38.48,38.48.2C
38.48,38.48.3C
38.48,38.48.4C
38.48,38.48.5C
38.48,38.48.Z0
38.49,38.49.0C
38.49,38.49.1C
38.49,38.49.2C
38.49,38.49.3C
38.49,38.49.Z0
38.50,38.59.4C
38.50,38.5Z.00
38.51,38.51.00
38.52,38.52.0C
38.53,38.53.1C
38.53,38.53.2C
38.55,38.55.0C
38.57,38.57.1C
38.57,38.57.2B
38.59,38.59.1C
38.59,38.59.2C
38.59,38.59.3C
38.59,38.59.5B
38.59,38.59.6B
38.59,38.59.7B
38.60,38.6Z.00
38.61,38.61.0C
38.62,38.62.0C
38.62,38.62.1C
38.62,38.62.2C
38.62,38.62.Z0
38.63,38.63.0C
38.63,38.63.1C
38.63,38.63.2C
38.64,38.64.0C
38.65,38.65.1C
38.65,38.65.3C
38.65,38.65.5C
38.65,38.65.6C
38.65,38.65.7C
38.65,38.65.Z0
38.66,38.66.0C
38.66,38.66.1C
38.66,38.66.3C
38.66,38.66.5C
38.66,38.66.6C
38.66,38.66.7C
38.66,38.66.8C
38.66,38.66.Z0
38.67,38.67.1C
38.67,38.67.2C
38.67,38.67.3C
38.67,38.67.4C
38.67,38.67.Z0
38.68,38.68.1C
38.68,38.68.2C
38.68,38.68.3C
38.68,38.68.4C
38.68,38.68.5C
38.68,38.68.6C
38.68,38.68.Z0
38.69,38.69.0C
38.69,38.69.1C
38.69,38.69.2C
38.69,38.69.3C
38.69,38.69.4C
38.69,38.69.Z0
38.7,38.70.1C
38.7,38.71.1B
38.7,38.72.1B
38.7,38.72.1C
38.7,38.73.1C
38.80,38.8Z.00
38.81,38.81.0C
38.81,38.8A.1B
38.81,38.8A.2B
38.81,38.8A.3B
38.81,38.8A.4B
38.81,38.8A.5B
38.81,38.8A.6B
38.81,38.8A.ZB
38.82,38.82.0C
38.82,38.82.1C
38.82,38.82.Z0
38.82,38.8B.1B
38.82,38.8B.2B
38.82,38.8B.3B
38.82,38.8B.3D
38.82,38.8B.ZB
38.82,38.8B.ZD
38.83,38.83.0C
38.83,38.83.1C
38.84,38.84.0C
38.85,38.85.1C
38.85,38.85.2C
38.85,38.85.3C
38.85,38.85.4C
38.85,38.85.5C
38.85,38.85.6C
38.85,38.85.7C
38.85,38.85.8C
38.85,38.85.9C
38.85,38.85.Z0
38.86,38.86.1C
38.86,38.86.2C
38.86,38.86.3C
38.86,38.86.4C
38.86,38.86.5C
38.86,38.86.6C
38.86,38.86.7C
38.86,38.86.8C
38.86,38.86.9C
38.86,38.86.Z0
38.87,38.87.0C
38.87,38.87.1C
38.87,38.87.2C
38.87,38.87.3C
38.87,38.87.Z0
38.88,38.88.1C
38.88,38.88.2C
38.88,38.88.3C
38.88,38.88.4C
38.88,38.88.5C
38.88,38.88.Z0
38.89,38.89.1C
38.89,38.89.2C
38.89,38.89.3C
38.89,38.89.4C
38.89,38.89.Z0
38.91,01.51.3B
38.91,01.59.7B
38.91,38.91.0B
38.91,38.91.1B
38.91,50.26.3B
38.91,50.26.4B
38.91,50.26.5B
38.92,38.92.0B
38.93,38.90.0B
38.93,38.90.1B
38.93,38.90.2B
38.93,38.93.0D
38.93,38.93.1B
38.93,38.93.2B
38.93,38.93.3B
38.93,38.93.4B
38.93,38.93.4D
38.93,38.93.5B
38.93,38.93.6B
38.93,38.93.7B
38.93,38.93.80
38.93,38.93.90
38.93,38.93.9B
38.93,38.93.AB
38.93,38.93.Z0
38.93,38.96.0B
38.94,38.94.A0
38.95,38.95.10
38.95,38.95.20
38.95,38.95.30
38.95,38.95.40
38.95,38.95.60
38.95,38.95.80
38.95,38.95.90
38.95,38.95.A0
38.98,38.9Z.00
38.99,38.9Z.10
39.0,39.00.00
39.0,39.00.10
39.0,39.00.20
39.0,39.00.30
39.0,39.00.40
39.0,39.00.50
39.0,39.00.60
39.1,39.10.10
39.1,39.10.20
39.1,39.10.30
39.21,39.21.1C
39.21,39.21.2C
39.22,39.22.1C
39.22,39.22.1S
39.22,39.22.2C
39.22,39.22.3C
39.22,39.22.4C
39.22,39.22.Z0
39.23,39.23.0C
39.23,39.23.Z0
39.24,39.24.0C
39.24,39.24.1C
39.25,39.25.1B
39.25,39.25.1C
39.25,39.25.2C
39.25,39.25.3C
39.25,39.25.4C
39.25,39.25.5C
39.25,39.25.6C
39.25,39.25.7C
39.25,39.25.Z0
39.26,39.26.1C
39.26,39.26.2C
39.26,39.26.3C
39.26,39.26.4C
39.26,39.26.5C
39.26,39.26.6C
39.26,39.26.7C
39.26,39.26.8C
39.26,39.26.9C
39.26,39.26.AC
39.26,39.26.BC
39.26,39.26.CC
39.26,39.26.DC
39.26,39.26.EC
39.26,39.26.Z0
39.27,39.27.1C
39.27,39.27.2C
39.27,39.27.3C
39.27,39.27.4B
39.27,39.27.5B
39.27,39.27.Z0
39.28,39.28.00
39.29,39.29.Z1
39.29,39.29.Z2
39.29,39.29.Z3
39.29,39.2A.1C
39.29,39.2A.2C
39.29,39.2A.3C
39.29,39.2A.4C
39.29,39.2A.5C
39.29,39.2A.6C
39.29,39.2A.7C
39.29,39.2A.8C
39.29,39.2B.1C
39.29,39.2B.2C
39.29,39.2B.3C
39.29,39.2B.4C
39.29,39.2B.5C
39.29,39.2B.6C
39.29,39.2B.7C
39.29,39.2B.8C
39.29,39.2B.9C
39.29,39.2B.AC
39.30,39.3Z.00
39.31,39.31.20
39.31,39.31.30
39.31,39.31.40
39.31,39.31.50
39.31,39.31.60
39.32,39.32.20
39.32,39.32.30
39.32,39.32.40
39.32,39.32.50
39.32,39.32.60
39.41,39.41.10
39.41,39.41.20
39.41,39.41.30
39.41,39.41.40
39.42,39.42.1C
39.42,39.42.2C
39.42,39.42.5B
39.42,39.42.8B
39.42,39.42.9B
39.42,39.42.AB
39.42,39.42.Z0
39.43,39.43.1C
39.43,39.43.2C
39.49,39.42.3C
39.49,39.42.4B
39.49,39.42.6C
39.49,39.42.70
39.49,39.49.2B
39.49,39.49.3C
39.49,39.49.4C
39.49,39.49.Z0
39.50,39.5B.1B
39.50,39.5B.2B
39.50,39.5B.3B
39.50,39.5B.Z0
39.50,39.5C.1B
39.50,39.5C.2B
39.50,39.5C.3B
39.50,39.5C.Z0
39.50,39.5E.1B
39.50,39.5E.2B
39.50,39.5E.3B
39.50,39.5F.1B
39.50,39.5F.2B
39.50,39.5H.1B
39.50,39.5H.2B
39.50,39.5H.3B
39.50,39.5H.4B
39.50,39.5H.5B
39.50,39.5H.Z0
39.50,39.5I.1B
39.50,39.5I.2B
39.50,39.5I.3B
39.50,39.5I.4B
39.50,39.5I.Z0
39.50,39.5K.1B
39.50,39.5K.2B
39.50,39.5K.3B
39.50,39.5K.4B
39.50,39.5K.5B
39.50,39.5K.6B
39.50,39.5K.7B
39.50,39.5K.8B
39.50,39.5K.9B
39.50,39.5K.Z0
39.50,39.5L.1B
39.50,39.5L.2B
39.50,39.5L.3B
39.50,39.5L.4B
39.50,39.5L.5B
39.50,39.5L.6B
39.50,39.5L.7B
39.50,39.5L.8B
39.50,39.5L.9B
39.50,39.5L.Z0
39.50,39.5M.Z0
39.51,39.51.1C
39.51,39.51.2C
39.52,39.52.1C
39.53,38.61.1C
39.53,39.52.Z0
39.53,39.53.Z0
39.54,39.54.0C
39.55,39.55.0C
39.56,39.56.1C
39.56,39.56.2C
39.56,39.56.3C
39.56,39.56.4C
39.56,39.56.5C
39.56,39.56.6C
39.56,39.56.7C
39.56,39.56.8C
39.56,39.56.9C
39.56,39.56.AC
39.57,39.57.1C
39.57,39.57.2C
39.57,39.57.3C
39.57,39.57.4C
39.57,39.57.5C
39.57,39.57.6C
39.57,39.57.7C
39.57,39.57.8C
39.57,39.57.9C
39.57,39.57.AC
39.58,39.58.Z0
39.59,39.59.00
39.59,39.59.10
39.59,39.59.20
39.59,39.59.30
39.59,39.59.Z0
39.61,39.60.10
39.61,39.60.20
39.61,39.60.30
39.61,39.60.Z0
39.61,39.61.10
39.61,39.61.2B
39.61,39.61.2C
39.61,39.61.3D
39.61,39.61.Z0
39.62,39.62.00
39.63,39.63.00
39.64,39.64.00
39.65,39.65.10
39.65,39.65.20
39.65,39.65.30
39.65,39.65.40
39.65,39.65.50
39.65,39.65.60
39.65,39.65.Z0
39.66,39.66.0B
39.66,39.67.10
39.66,39.67.20
39.66,39.68.10
39.71,39.71.1B
39.71,39.71.1D
39.71,39.71.2B
39.71,39.71.2D
39.71,39.71.3B
39.71,39.71.3D
39.71,39.71.4B
39.71,39.71.4D
39.71,39.71.5B
39.71,39.71.5D
39.71,39.71.6B
39.71,39.71.6D
39.71,39.71.7B
39.71,39.71.7D
39.71,39.71.8B
39.71,39.71.8D
39.71,39.71.Z0
39.71,39.74.1B
39.71,39.74.1D
39.71,39.74.2B
39.71,39.74.2D
39.71,39.74.3B
39.71,39.74.3D
39.71,39.74.4B
39.71,39.74.4D
39.71,39.74.5B
39.71,39.74.5D
39.71,39.74.6B
39.71,39.74.6D
39.71,39.74.Z0
39.72,38.8B.4B
39.72,38.8B.5B
39.72,38.8B.6B
39.72,38.8B.7B
39.72,38.8B.8B
39.72,38.8B.9B
39.72,39.72.DB
39.72,39.72.ZB
39.73,39.73.1B
39.73,39.73.1D
39.73,39.73.2B
39.73,39.73.2D
39.73,39.73.3B
39.73,39.73.3D
39.73,39.73.4B
39.73,39.73.4D
39.73,39.73.5B
39.73,39.73.5D
39.73,39.73.6B
39.73,39.73.6D
39.73,39.73.Z0
39.74,39.79.ZB
39.79,38.8C.1B
39.79,38.8C.2B
39.79,38.8C.3B
39.79,38.8C.3D
39.79,38.8C.4B
39.79,38.8C.5B
39.79,38.8C.ZB
39.79,38.8C.ZD
39.79,38.8D.0D
39.79,38.8D.Z0
39.79,38.8E.1B
39.79,38.8E.2B
39.79,38.8E.3B
39.79,38.8E.3D
39.79,38.8E.4B
39.79,38.8E.4D
39.79,38.8E.5B
39.79,38.8E.6B
39.79,38.8E.7B
39.79,38.8E.8B
39.79,38.8E.9B
39.79,38.8E.AB
39.79,38.8E.ZB
39.79,38.8E.ZD
39.79,38.8F.1B
39.79,38.8F.2B
39.79,38.8F.3B
39.79,38.8F.3D
39.79,38.8F.4B
39.79,38.8F.4D
39.79,38.8F.5B
39.79,38.8F.6B
39.79,38.8F.7B
39.79,38.8F.8B
39.79,38.8F.ZB
39.79,38.8F.ZD
39.79,38.8G.0B
39.79,38.8G.0D
39.79,38.8H.1B
39.79,38.8H.2B
39.79,38.8H.3B
39.79,38.8H.3D
39.79,38.8H.ZB
39.79,38.8H.ZD
39.79,38.8I.0B
39.79,38.8I.0D
39.79,38.8Z.00
39.79,38.8Z.0B
39.79,38.8Z.0C
39.79,38.8Z.0D
39.79,39.75.1B
39.79,39.75.1D
39.79,39.75.2B
39.79,39.75.2D
39.79,39.75.Z0
39.79,39.76.1B
39.79,39.76.1D
39.79,39.76.2B
39.79,39.76.2D
39.79,39.76.3B
39.79,39.76.3D
39.79,39.76.Z0
39.79,39.77.1B
39.79,39.77.1D
39.79,39.77.2B
39.79,39.77.2D
39.79,39.77.Z0
39.79,39.79.ZB
39.8,39.81.0C
39.8,39.82.0C
39.8,39.8Z.00
39.90,39.A0.1W
39.90,39.A0.2W
39.90,39.A0.ZW
39.91,39.91.0C
39.92,39.92.10
39.92,39.92.20
39.93,39.93.00
39.94,39.94.00
39.95,39.D1.10
39.95,39.D1.20
39.95,39.D1.31
39.95,39.D1.32
39.95,39.D1.33
39.95,39.D1.34
39.95,39.D1.35
39.95,39.D1.36
39.95,39.D1.37
39.95,39.D1.38
39.95,39.D1.39
39.95,39.D2.10
39.95,39.D2.20
39.95,39.D2.31
39.95,39.D2.32
39.95,39.D2.33
39.95,39.D2.34
39.95,39.D2.35
39.95,39.D2.36
39.95,39.D2.37
39.95,39.D2.38
39.95,39.D2.39
39.95,39.D2.41
39.95,39.D2.42
39.95,39.D2.43
39.95,39.D2.44
39.95,39.D2.45
39.95,39.D2.46
39.95,39.D2.47
39.95,39.D2.48
39.95,39.D2.49
39.95,39.D3.10
39.95,39.D3.20
39.95,39.D3.31
39.95,39.D3.32
39.95,39.D3.33
39.95,39.D3.34
39.95,39.D3.35
39.95,39.D3.36
39.95,39.D3.37
39.95,39.D3.38
39.95,39.D3.39
39.95,39.D3.41
39.95,39.D3.42
39.95,39.D3.43
39.95,39.D3.44
39.95,39.D3.45
39.95,39.D3.46
39.95,39.D3.47
39.95,39.D3.48
39.95,39.D3.49
39.95,39.D4.1W
39.95,39.D4.2W
39.95,39.D4.3W
39.95,39.D4.4W
39.95,39.D6.10
39.95,39.D6.11
39.95,39.D6.12
39.95,39.DZ.10
39.95,39.DZ.20
39.95,39.DZ.30
39.96,39.96.00
39.97,39.97.Z0
39.98,39.98.00
39.98,39.98.10
39.99,39.69.10
39.99,39.69.Z0
39.99,39.99.1C
39.99,39.99.Z0
40.0,40.00.00
40.11,40.11.40
40.11,40.11.Z0
40.19,40.11.1P
40.19,40.11.2P
40.19,40.11.3P
40.19,40.11.5N
40.19,40.12.1N
40.19,40.12.Z0
40.19,40.13.1C
40.19,40.13.1N
40.19,40.13.1S
40.19,40.13.2S
40.19,40.13.3C
40.19,40.13.Z0
40.19,40.14.10
40.19,40.14.20
40.19,40.14.30
40.19,40.14.40
40.19,40.14.50
40.19,40.14.60
40.19,40.14.Z0
40.19,40.1Z.00
40.21,40.21.00
40.22,40.22.00
40.23,40.23.00
40.24,40.24.00
40.29,40.29.10
40.29,40.29.20
40.29,40.2Z.00
40.3,40.31.10
40.3,40.31.20
40.3,40.31.30
40.3,40.31.40
40.3,40.31.50
40.3,40.31.Z0
40.3,40.32.10
40.3,40.32.20
40.3,40.32.30
40.3,40.32.40
40.3,40.32.Z0
40.3,40.33.10
40.3,40.33.20
40.3,40.33.30
40.3,40.33.40
40.3,40.33.50
40.3,40.33.60
40.3,40.33.70
40.3,40.33.80
40.3,40.33.Z0
40.3,40.34.10
40.3,40.39.10
40.3,40.39.20
40.3,40.39.30
40.40,40.5Z.00
40.41,40.41.00
40.42,40.42.00
40.50,40.5Z.00
40.51,40.51.00
40.52,40.52.00
40.53,40.53.00
40.54,40.54.00
40.59,40.5Z.00
40.61,40.61.00
40.62,40.62.00
40.63,40.63.00
40.64,40.64.00
40.69,40.6Z.00
40.9,40.91.10
40.9,40.91.20
40.9,40.91.Z0
40.9,40.92.10
40.9,40.92.20
40.9,40.92.30
40.9,40.92.40
40.9,40.93.10
40.9,40.93.20
40.9,40.93.40
40.9,40.94.10
40.9,40.94.20
40.9,40.94.30
40.9,40.Z0.00
41.00,41.01.00
41.00,41.03.00
41.00,41.9Z.00
41.01,41.01.00
41.02,41.02.10
41.02,41.02.20
41.02,41.02.30
41.02,41.02.40
41.03,41.03.00
41.04,41.04.00
41.05,41.05.10
41.05,41.05.20
41.05,41.05.30
41.05,41.05.40
41.06,41.06.10
41.06,41.06.20
41.06,41.06.30
41.06,41.06.40
41.06,41.06.50
41.07,41.07.10
41.07,41.07.20
41.07,41.07.30
41.08,41.08.00
41.09,41.09.00
41.09,41.0A.00
41.1,41.10.1P
41.1,41.1Z.00
41.2,41.9Z.10
41.31,41.31.0P
41.32,41.32.0P
41.33,41.33.0C
41.38,41.3Z.00
41.39,41.3Z.10
41.41,41.41.0C
41.42,41.42.0C
41.42,41.42.0S
41.42,41.42.Z0
41.43,41.43.0C
41.43,41.43.0S
41.5,41.50.0C
41.5,41.50.0S
41.91,41.91.0P
41.91,41.91.10
41.91,41.91.20
41.92,41.92.0P
41.93,41.93.0C
41.94,41.94.0C
41.95,41.95.0C
41.98,41.9Z.00
41.99,41.44.0P
41.99,41.9Z.10
42.01,42.01.1C
42.09,42.01.0N
42.09,42.01.2C
42.09,42.0Z.00
42.10,42.13.1S
42.11,42.11.1C
42.12,42.12.1C
42.19,42.13.1C
42.19,42.1Z.00
42.21,42.21.1E
42.21,42.21.1F
42.22,42.22.0N
42.23,42.23.1N
42.23,42.23.2N
42.23,42.23.3N
42.23,42.23.4N
42.23,42.A1.1N
42.23,42.A1.2N
42.24,42.24.0N
42.24,42.24.1N
42.25,42.2Z.10
42.29,42.29.1N
42.29,42.29.2N
42.29,42.29.3N
42.29,42.29.4N
42.29,42.2Z.20
42.31,42.31.0C
42.31,42.32.Z0
42.32,42.32.0C
42.32,42.33.1N
42.33,42.33.2N
42.33,42.33.3N
42.33,42.33.4N
42.33,42.33.5N
42.33,42.33.6N
42.33,42.33.7N
42.33,42.33.8N
42.33,42.33.ZN
42.33,42.84.1N
42.33,42.84.2N
42.33,42.84.3N
42.33,42.84.4N
42.33,42.84.5N
42.33,42.91.0N
42.39,42.3Z.00
42.40,42.4Z.00
42.41,42.41.0C
42.41,42.41.0S
42.42,42.42.0C
42.42,42.42.0S
42.51,42.51.1C
42.51,42.51.1S
42.52,42.52.1C
42.52,42.52.1S
42.53,42.53.0C
42.53,42.53.0S
42.54,42.54.1C
42.54,42.54.1S
42.55,42.55.0C
42.55,42.55.0S
42.56,42.56.0C
42.56,42.56.0S
42.58,42.58.ZC
42.58,42.58.ZS
42.59,42.50.1C
42.59,42.50.1S
42.59,42.50.20
42.59,42.5Z.00
42.61,42.61.0C
42.62,42.62.0C
42.63,42.63.0C
42.64,42.64.0C
42.65,42.65.0C
42.66,42.66.0C
42.68,42.68.ZC
42.69,42.61.0S
42.69,42.62.0S
42.69,42.63.0S
42.69,42.64.0S
42.69,42.65.0S
42.69,42.66.0S
42.69,42.68.ZS
42.69,42.6Z.00
42.7,42.70.0C
42.7,42.70.0N
42.7,42.70.0S
42.7,42.71.0C
42.7,42.71.0N
42.7,42.71.0S
42.7,42.72.0C
42.7,42.72.0N
42.7,42.73.0C
42.7,42.73.0N
42.7,42.73.0S
42.7,42.7Z.00
42.81,42.81.1N
42.81,42.81.3N
42.81,42.81.4N
42.81,42.81.5N
42.81,42.81.Z0
42.82,42.82.0C
42.82,42.82.0S
42.82,42.82.1N
42.83,42.83.00
42.84,42.84.Z0
42.85,42.85.0C
42.85,42.85.0N
42.85,42.85.Z0
42.86,42.Z0.00
42.87,42.89.Z0
42.89,42.88.0N
42.89,42.88.1N
42.89,42.89.1N
42.89,42.89.Z0
42.89,42.92.0C
42.89,42.94.1C
42.89,42.94.1S
42.89,42.94.2C
42.89,42.94.2S
42.89,42.95.0C
42.89,42.95.0S
42.91,42.91.0B
42.91,42.91.0C
42.91,42.91.1C
42.92,42.92.1N
42.92,42.92.2N
42.92,42.92.Z0
42.99,42.93.1N
42.99,42.93.Z0
42.99,42.A2.1N
42.99,42.Z0.00
43.0,43.00.0C
43.0,43.00.0S
43.0,43.00.1N
43.11,43.11.0G
43.11,43.11.1G
43.19,43.12.0N
43.19,43.12.20
43.19,43.1Z.00
43.3,43.30.0C
43.3,43.30.0N
43.3,43.30.0S
43.41,43.41.1N
43.41,43.41.2N
43.41,43.41.3N
43.41,43.41.4N
43.41,43.41.5N
43.41,43.41.ZN
43.42,43.42.0C
43.49,43.4Z.00
43.5,43.50.0C
43.5,43.50.0S
43.6,43.60.0C
43.6,43.60.0S
43.7,43.70.1C
43.7,43.70.1S
43.7,43.70.2C
43.7,43.70.2S
43.81,43.81.0C
43.81,43.81.0S
43.89,43.81.0E
43.89,43.82.0C
43.89,43.82.0E
43.89,43.82.0S
43.89,43.83.0C
43.89,43.83.0S
43.89,43.84.1C
43.89,43.84.1S
43.89,43.84.2C
43.89,43.84.2S
43.89,43.86.0C
43.89,43.86.1C
43.89,43.86.1S
43.89,43.89.0C
43.89,43.89.0S
43.89,43.8Z.00
43.91,43.91.0C
43.91,43.91.0S
43.99,43.92.0C
43.99,43.92.0S
43.99,43.93.0C
43.99,43.93.0S
43.99,43.94.0C
43.99,43.94.0S
43.99,43.99.0C
43.99,43.99.0S
43.99,43.99.1C
43.99,43.99.1S
43.99,43.9Z.00
44.00,44.0Z.00
44.01,44.01.0S
44.02,44.02.0S
44.02,44.02.1S
44.03,44.04.0N
44.03,44.04.1N
44.03,44.05.0N
44.03,44.05.1N
44.03,44.0Z.00
44.11,44.11.0G
44.11,44.11.1G
44.11,44.11.2G
44.12,44.12.0N
44.12,44.12.1N
44.12,44.12.2N
44.13,44.13.0N
44.13,44.A1.1N
44.13,44.A1.2N
44.13,44.A1.3N
44.14,44.14.0N
44.15,44.15.0C
44.15,44.15.0S
44.19,44.13.1N
44.19,44.19.20
44.19,44.1Z.00
44.21,44.21.0C
44.21,44.21.0S
44.22,44.22.0N
44.29,44.2Z.00
44.31,44.31.0C
44.31,44.31.0S
44.32,44.32.0C
44.32,44.32.0S
44.38,44.38.0S
44.39,44.38.0C
44.39,44.38.0N
44.39,44.38.Z0
44.40,44.4Z.00
44.41,44.41.0C
44.41,44.41.0S
44.42,44.42.0C
44.42,44.42.0S
44.43,44.43.0N
44.43,44.43.1N
44.43,44.43.2N
44.43,44.43.3N
44.43,44.43.4N
44.44,44.44.0B
44.44,44.44.0D
44.49,44.45.0C
44.49,44.45.0S
44.49,44.4Z.00
44.5,44.50.0C
44.5,44.50.0S
44.61,44.61.0C
44.61,44.61.0N
44.61,44.61.0S
44.62,44.62.0C
44.62,44.62.0S
44.63,44.63.0C
44.63,44.63.0N
44.63,44.63.0S
44.64,44.64.0C
44.64,44.64.0S
44.65,44.65.1C
44.65,44.65.1S
44.65,44.65.6C
44.65,44.65.6S
44.65,44.65.9C
44.65,44.65.9S
44.66,44.66.2N
44.66,44.66.3C
44.66,44.66.3N
44.66,44.66.3S
44.66,44.66.4S
44.66,44.66.5S
44.66,44.66.ZC
44.66,44.66.ZS
44.67,44.67.0S
44.68,44.68.0S
44.68,44.68.1S
44.68,44.68.2S
44.69,44.6Z.00
44.91,44.91.0C
44.91,44.91.0S
44.92,44.92.0C
44.93,44.93.0N
44.93,44.93.1N
44.94,44.94.0N
44.94,44.94.1N
44.95,44.95.0S
44.96,44.96.0S
44.96,44.96.1S
44.97,44.97.0S
44.98,44.98.0S
44.99,44.71.0N
44.99,44.72.0C
44.99,44.72.0N
44.99,44.72.0S
44.99,44.72.1C
44.99,44.72.1N
44.99,44.72.1S
44.99,44.73.0C
44.99,44.73.0N
44.99,44.73.0S
44.99,44.74.0C
44.99,44.74.0N
44.99,44.74.0S
44.99,44.75.0C
44.99,44.75.0N
44.99,44.75.0S
44.99,44.A2.1N
44.99,44.Z0.00
45.00,46.Z0.00
45.01,45.01.0C
45.01,45.01.0S
45.02,45.02.0S
45.02,45.02.1C
45.02,45.02.2C
45.03,45.03.0C
45.03,45.03.0S
45.11,45.11.0G
45.11,45.11.1G
45.11,45.11.2G
45.12,45.12.0N
45.13,45.13.0N
45.13,45.13.1N
45.13,45.13.2N
45.13,45.13.3N
45.13,45.13.4N
45.13,45.13.5N
45.13,45.13.6N
45.13,45.13.7N
45.13,45.13.ZN
45.13,46.90.1N
45.13,46.A1.1N
45.13,46.A1.2N
45.13,46.A1.3N
45.14,45.14.0G
45.14,45.14.0N
45.14,45.14.1N
45.15,45.15.0C
45.15,45.15.0S
45.16,45.16.0N
45.16,45.16.3N
45.16,45.16.4N
45.16,45.16.5N
45.19,45.19.Z0
45.21,45.21.0G
45.21,45.21.1G
45.21,45.21.2G
45.22,45.22.0N
45.22,45.22.1N
45.22,45.22.2N
45.23,45.23.0N
45.23,45.23.1N
45.23,45.23.2N
45.23,46.90.2N
45.23,46.97.1N
45.23,46.A1.4N
45.23,46.A1.5N
45.23,46.A1.6N
45.23,46.A1.7N
45.24,45.24.0N
45.24,45.24.1N
45.25,45.25.0N
45.25,45.25.1N
45.25,45.25.2N
45.25,45.25.3N
45.25,45.25.4N
45.26,45.26.0C
45.27,45.29.Z0
45.28,45.28.1N
45.28,45.28.2N
45.28,45.28.Z0
45.29,45.29.10
45.29,45.29.20
45.29,45.29.30
45.29,45.29.40
45.29,45.29.50
45.29,45.29.60
45.29,45.29.Z0
45.30,45.30.0N
45.30,45.30.1N
45.30,45.30.2N
45.31,45.31.0C
45.31,45.31.0S
45.32,45.32.Z0
45.33,45.33.0C
45.33,45.33.0N
45.33,45.33.0S
45.34,45.33.Z0
45.41,45.41.0C
45.41,45.41.0S
45.42,45.42.0N
45.42,45.42.1N
45.42,45.43.4N
45.43,45.43.0N
45.43,45.43.1N
45.43,45.43.2N
45.43,45.43.3N
45.49,45.49.Z0
45.50,45.50.1C
45.50,45.50.1S
45.50,45.50.2C
45.50,45.50.2S
45.50,45.50.3C
45.50,45.50.3S
45.50,45.50.4C
45.50,45.50.4S
45.51,45.51.0C
45.51,45.51.0S
45.52,45.52.0C
45.52,45.52.0S
45.61,45.61.0C
45.61,45.61.0S
45.62,45.62.0C
45.62,45.62.0S
45.62,45.62.1C
45.62,45.62.1S
45.62,45.62.3C
45.62,45.62.3S
45.62,45.62.4C
45.62,45.62.4S
45.62,45.62.5C
45.62,45.62.5S
45.62,45.62.Z0
45.63,45.63.0C
45.63,45.63.0S
45.71,45.71.0C
45.71,45.71.0S
45.72,45.72.0C
45.72,45.72.0S
45.73,45.73.0C
45.73,45.73.0S
45.73,45.73.1C
45.73,45.73.1S
45.73,45.73.2C
45.73,45.73.2S
45.73,45.73.3C
45.73,45.73.3S
45.73,45.73.Z0
45.74,45.74.0C
45.74,45.74.0S
45.74,45.74.Z0
45.75,45.75.0C
45.75,45.75.0S
45.75,45.75.1C
45.75,45.75.1S
45.75,45.75.Z0
45.76,45.76.0C
45.76,45.76.0S
45.76,45.76.1C
45.76,45.76.1S
45.76,45.76.Z0
45.79,45.79.Z0
45.8,45.80.0C
45.8,45.80.0S
45.8,45.80.1C
45.8,45.80.1S
45.8,45.80.Z0
45.90,45.96.0N
45.90,45.9Z.00
45.91,45.91.0C
45.91,45.91.0S
45.92,45.92.0C
45.92,45.92.0S
45.93,45.93.0C
45.93,45.93.0S
45.94,45.94.0C
45.94,45.94.0S
45.95,45.95.0C
45.95,45.95.0S
46.01,46.01.0C
46.01,46.01.0S
46.02,46.02.00
46.03,46.03.0C
46.03,46.03.0S
46.04,46.04.00
46.10,46.1Z.00
46.11,46.11.00
46.13,46.13.00
46.14,46.14.00
46.20,46.2Z.00
46.21,46.21.00
46.22,46.22.00
46.23,46.23.00
46.24,46.24.00
46.31,46.3Z.10
46.32,46.32.0G
46.32,46.32.1G
46.32,46.32.2G
46.32,46.32.3G
46.32,46.32.4G
46.39,46.33.0C
46.39,46.34.0C
46.39,46.34.0S
46.39,46.3Z.00
46.40,46.4Z.00
46.41,46.41.00
46.42,46.42.00
46.43,46.43.00
46.50,46.5Z.00
46.51,46.51.00
46.51,46.51.1C
46.51,46.51.1S
46.51,46.51.2C
46.51,46.51.2S
46.51,46.51.3C
46.51,46.51.3S
46.51,46.51.Z0
46.52,46.52.00
46.52,46.52.1C
46.52,46.52.1S
46.52,46.52.Z0
46.60,46.Z0.00
46.61,46.61.0C
46.62,46.62.Z0
46.63,46.63.0C
46.64,46.64.Z0
46.71,46.71.0C
46.72,46.72.0C
46.72,46.72.0N
46.72,46.72.0S
46.73,46.73.0C
46.74,46.74.0C
46.74,46.74.0S
46.75,46.75.0C
46.75,46.75.0N
46.75,46.75.0S
46.76,46.76.0C
46.76,46.76.0N
46.76,46.76.0S
46.79,46.79.1C
46.79,46.79.1S
46.79,46.79.2C
46.79,46.79.2S
46.79,46.79.3C
46.79,46.79.3S
46.79,46.79.4C
46.79,46.79.4S
46.79,46.79.5C
46.79,46.79.5S
46.79,46.79.6N
46.79,46.79.7N
46.79,46.7Z.00
46.80,46.8Z.00
46.81,46.81.0C
46.81,46.81.0S
46.81,46.81.Z0
46.82,46.82.1C
46.82,46.82.1S
46.82,46.82.2N
46.82,46.82.Z0
46.85,46.85.1N
46.85,46.85.2N
46.85,46.85.3N
46.85,46.85.4N
46.85,46.85.5N
46.85,46.85.6N
46.85,46.85.7N
46.85,46.85.8N
46.85,46.85.9N
46.85,46.85.AN
46.85,46.85.BN
46.85,46.85.Z1
46.85,46.85.Z2
46.85,46.88.0N
46.85,46.88.Z0
46.91,46.91.0C
46.92,46.92.0C
46.93,46.93.0C
46.93,46.93.0S
46.94,46.94.0C
46.94,46.94.0S
46.95,46.95.00
46.96,46.96.00
46.97,46.97.0C
46.97,46.97.Z0
46.99,46.98.00
46.99,46.A2.1N
46.99,46.Z0.00
46.99,46.Z0.0C
46.99,46.Z0.0N
46.99,46.Z0.0S
47.01,47.01.0S
47.09,47.09.0C
47.09,47.0Z.00
47.11,47.11.0S
47.19,47.19.0C
47.19,47.19.Z0
47.2,47.20.0C
47.2,47.20.0S
47.2,47.2Z.00
47.91,47.91.0C
47.92,47.92.0C
47.99,47.99.0C
47.99,47.99.Z0
48.0,48.00.00
48.1,48.10.00
48.21,48.21.0G
48.21,48.21.1G
48.21,48.21.2G
48.22,48.22.0N
48.22,48.22.1N
48.22,48.22.2N
48.23,48.23.0N
48.24,48.24.0N
48.24,48.24.1N
48.24,48.24.2N
48.25,48.25.0C
48.25,48.26.10
48.26,48.26.0N
48.26,48.26.0P
48.29,48.29.10
48.29,48.29.Z0
48.29,48.A1.0N
48.29,48.A1.1N
48.31,48.32.00
48.32,48.32.00
48.32,48.32.0N
48.33,48.33.00
48.33,48.33.0N
48.34,48.34.00
48.34,48.34.0N
48.35,48.35.0C
48.35,48.35.0S
48.35,48.35.1N
48.35,48.35.2M
48.35,48.35.3N
48.35,48.35.4N
48.35,48.35.5N
48.35,48.35.60
48.35,48.35.Z0
48.36,48.36.1N
48.36,48.36.2N
48.36,48.41.2N
48.41,48.41.1C
48.41,48.41.1S
48.41,48.41.Z0
48.49,48.49.0S
48.49,48.49.1C
48.49,48.49.2C
48.49,48.49.Z0
48.5,48.50.0C
48.5,48.50.0S
48.5,48.50.1H
48.5,48.50.2C
48.5,48.50.3C
48.5,48.50.4C
48.5,48.50.4S
48.5,48.51.0C
48.5,48.51.0S
48.5,48.5Z.00
48.61,48.61.10
48.62,48.62.0C
48.62,48.62.0S
48.62,48.62.1C
48.62,48.62.1S
48.62,48.62.Z0
48.63,48.63.1C
48.63,48.63.1S
48.63,48.63.2C
48.63,48.63.2S
48.63,48.63.3E
48.63,48.63.4C
48.63,48.63.4S
48.63,48.63.5C
48.63,48.63.5S
48.63,48.63.Z0
48.64,48.64.0C
48.64,48.64.Z0
48.65,48.69.Z0
48.69,48.61.2C
48.69,48.61.2S
48.69,48.61.Z0
48.69,48.69.1C
48.69,48.69.1S
48.69,48.69.2M
48.69,48.69.3M
48.69,48.69.4C
48.69,48.69.Z0
48.71,48.71.0C
48.71,48.71.0N
48.71,48.71.0S
48.72,48.72.00
48.73,48.73.0C
48.73,48.73.0N
48.73,48.73.0S
48.74,48.74.00
48.75,48.75.1C
48.75,48.75.1S
48.75,48.75.2C
48.75,48.75.2S
48.75,48.75.30
48.75,48.75.Z0
48.76,48.76.1C
48.76,48.76.2C
48.76,48.76.Z0
48.79,48.79.1C
48.79,48.79.1S
48.79,48.79.2C
48.79,48.79.2S
48.79,48.79.3N
48.79,48.79.4N
48.79,48.79.5C
48.79,48.79.5N
48.79,48.79.5S
48.79,48.79.6N
48.79,48.79.Z0
48.81,48.81.0C
48.81,48.81.0S
48.82,48.82.0C
48.82,48.82.0S
48.91,48.91.00
48.91,48.91.0N
48.92,48.92.00
48.93,48.93.00
48.93,48.93.Z0
48.99,48.82.20
48.99,48.94.00
48.99,48.94.10
48.99,48.A2.1N
48.99,48.Z0.00
49.01,49.01.00
49.02,49.02.00
49.03,49.03.00
49.04,49.04.00
49.11,49.11.00
49.12,49.12.10
49.12,49.12.20
49.12,49.12.Z0
49.21,49.21.1N
49.21,49.21.2N
49.21,49.21.3N
49.21,49.21.ZN
49.22,49.22.00
49.23,49.23.00
49.29,49.12.30
49.29,49.29.Z0
49.31,49.31.N0
49.39,49.39.00
49.41,49.41.00
49.42,49.42.0P
49.42,49.42.1P
49.43,49.43.00
49.43,49.43.10
49.44,49.44.00
49.45,49.45.00
49.46,49.46.00
49.46,49.46.10
49.46,49.46.2N
49.46,49.46.3B
49.46,49.46.Z0
49.47,49.47.00
49.49,49.49.1B
49.49,49.49.20
49.49,49.49.Z0
49.51,49.51.00
49.52,49.52.00
49.59,49.5Z.00
49.6,49.60.0C
49.71,49.71.00
49.72,49.72.00
49.73,49.73.10
49.73,49.73.20
49.73,49.73.30
49.73,49.73.40
49.73,49.73.Z0
49.74,49.74.00
49.75,49.75.10
49.75,49.75.20
49.76,49.76.10
49.76,49.76.20
49.79,49.79.10
49.79,49.79.20
49.79,49.79.Z0
49.91,49.91.00
49.92,49.92.00
49.93,49.93.00
49.93,49.93.Z0
49.94,49.94.00
49.95,49.95.00
49.99,49.99.Z0
50.0,50.0Z.00
50.11,50.11.1P
50.11,50.11.2P
50.11,50.11.3B
50.11,50.19.0N
50.11,50.19.Z1
50.12,50.12.0C
50.19,50.19.0S
50.19,50.19.Z0
50.21,50.21.0C
50.21,50.21.0S
50.22,50.22.1C
50.22,50.22.1S
50.22,50.22.2C
50.22,50.22.2S
50.22,50.22.3C
50.22,50.22.3S
50.22,50.22.4C
50.22,50.22.4S
50.22,50.22.5C
50.22,50.22.5S
50.22,50.22.6C
50.22,50.22.7C
50.23,50.23.1C
50.23,50.23.2C
50.23,50.23.3C
50.23,50.23.4C
50.23,50.23.5C
50.23,50.23.Z0
50.24,50.24.1P
50.24,50.24.2P
50.24,50.24.3P
50.24,50.24.4P
50.24,50.24.5P
50.24,50.24.7H
50.24,50.24.8H
50.24,50.24.9H
50.24,50.24.Z0
50.24,50.91.2P
50.25,50.22.6S
50.25,50.22.7S
50.25,50.25.1S
50.25,50.25.2S
50.25,50.25.3S
50.25,50.25.4S
50.26,50.26.10
50.26,50.26.20
50.26,50.26.2N
50.26,50.26.Z0
50.29,50.27.1C
50.29,50.27.1S
50.29,50.2Z.00
50.3,50.31.1C
50.3,50.31.1S
50.3,50.31.2C
50.3,50.31.2S
50.3,50.31.3C
50.3,50.31.3S
50.3,50.31.4C
50.3,50.31.4S
50.3,50.31.5C
50.3,50.31.5S
50.3,50.32.1C
50.3,50.32.1S
50.3,50.32.2C
50.3,50.32.2S
50.3,50.32.3C
50.3,50.32.3S
50.3,50.32.4C
50.3,50.32.4S
50.3,50.34.1C
50.3,50.34.1S
50.3,50.34.2C
50.3,50.34.2S
50.3,50.34.3C
50.3,50.34.3S
50.3,50.34.4C
50.3,50.34.4S
50.3,50.34.5C
50.3,50.34.5S
50.3,50.3Z.00
50.4,50.4Z.00
50.51,50.51.1C
50.51,50.51.1S
50.59,50.52.1C
50.59,50.52.1S
50.59,50.52.2C
50.59,50.52.2S
50.59,50.53.1C
50.59,50.53.1S
50.59,50.53.2C
50.59,50.53.2S
50.59,50.54.1C
50.59,50.54.2C
50.59,50.54.3C
50.59,50.54.Z0
50.59,50.59.Z0
50.61,50.61.1C
50.61,50.61.1S
50.69,50.69.1C
50.69,50.69.2C
50.69,50.69.Z0
50.91,50.91.1P
50.92,50.92.00
50.93,50.93.00
50.94,50.94.00
50.94,50.A2.1N
50.99,50.A1.1N
50.99,50.Z0.00
51.01,51.01.1P
51.02,51.01.1P
51.03,51.03.1N
51.03,51.03.2N
51.03,51.03.3C
51.03,51.03.3S
51.04,51.0Z.00
51.10,51.10.0N
51.10,51.10.1N
51.10,51.10.2P
51.10,51.10.3P
51.10,51.10.Z0
51.11,51.11.1N
51.11,51.11.1P
51.11,51.11.3G
51.11,51.11.4N
51.11,51.11.5N
51.11,51.11.6E
51.11,51.11.7N
51.11,51.11.8N
51.11,51.11.Z0
51.12,51.12.0P
51.13,51.13.0C
51.13,51.16.0S
51.14,51.14.1N
51.14,51.14.2N
51.14,51.14.3N
51.14,51.14.4N
51.14,51.14.5N
51.14,51.14.ZN
51.15,51.10.0N
51.19,51.19.Z0
51.19,51.A1.1N
51.21,51.21.0C
51.21,51.2Z.00
51.22,51.22.1C
51.22,51.22.2C
51.22,51.22.3C
51.22,51.22.Z0
51.23,51.23.1S
51.23,51.23.2S
51.23,51.23.3S
51.23,51.23.4S
51.23,51.23.Z0
51.24,51.24.0S
51.24,51.24.Z0
51.31,51.35.Z0
51.32,51.32.0C
51.32,51.32.0N
51.32,51.32.0S
51.33,51.35.Z0
51.34,51.34.1N
51.34,51.34.Z0
51.35,51.35.Z0
51.36,51.36.0C
51.36,51.36.0N
51.36,51.36.0S
51.36,51.36.1C
51.36,51.36.1S
51.36,51.36.Z0
51.37,51.37.1C
51.37,51.37.1S
51.37,51.37.2C
51.37,51.37.2S
51.37,51.37.3N
51.37,51.37.4N
51.37,51.37.Z0
51.39,51.38.1N
51.39,51.39.Z0
51.41,51.39.1N
51.41,51.39.2N
51.41,51.41.0N
51.41,51.41.1C
51.41,51.41.1S
51.41,51.41.Z0
51.42,51.42.0N
51.43,51.43.00
51.43,51.43.1C
51.43,51.43.1G
51.43,51.43.1S
51.49,51.49.0C
51.49,51.49.Z0
51.51,51.51.1C
51.51,51.51.1S
51.59,51.59.1C
51.59,51.59.1S
51.59,51.59.Z0
51.61,51.61.1C
51.61,51.61.1S
51.61,51.61.Z0
51.62,51.62.1C
51.62,51.62.1S
51.62,51.62.Z0
51.63,51.63.1C
51.63,51.63.1S
51.63,51.63.2C
51.63,51.63.2S
51.63,51.63.Z0
51.64,51.64.0G
51.64,51.64.0N
51.69,51.69.Z0
51.71,51.71.1C
51.71,51.71.1S
51.72,51.72.1C
51.72,51.72.1S
51.72,51.72.Z0
51.79,51.79.1C
51.79,51.79.2C
51.79,51.79.2S
51.79,51.79.Z0
51.81,51.81.00
51.81,51.81.10
51.82,51.82.00
51.82,51.82.Z0
51.83,51.83.1C
51.83,51.83.Z0
51.84,51.84.0N
51.84,51.84.1G
51.84,51.84.1N
51.85,51.85.0N
51.85,51.85.1N
51.86,51.86.0N
51.87,51.87.1N
51.87,51.87.2N
51.87,51.87.3N
51.87,51.87.4N
51.87,51.87.5N
51.87,51.87.6N
51.87,51.87.7N
51.87,51.87.8N
51.87,51.87.9N
51.87,51.87.AN
51.87,51.87.BN
51.87,51.87.CN
51.87,51.87.DN
51.87,51.87.EN
51.87,51.87.ZN
51.88,51.88.0N
51.88,51.88.1N
51.88,51.88.2N
51.88,51.88.Z0
51.89,51.8Z.00
51.91,51.91.Z0
51.92,51.92.0C
51.92,51.92.0S
51.93,51.93.1C
51.93,51.93.Z0
51.94,51.94.1C
51.94,51.94.1S
51.95,51.95.0N
51.95,51.95.1C
51.95,51.95.1S
51.96,51.96.1P
51.96,51.96.2P
51.98,51.97.10
51.98,51.97.20
51.98,51.97.30
51.98,51.97.40
51.98,51.97.50
51.98,51.97.60
51.98,51.A2.1N
51.98,51.A3.1P
51.98,51.A3.2P
51.98,51.A3.3P
51.98,51.A3.ZP
51.98,51.Z0.2P
51.99,51.Z0.10
52.01,52.01.1P
52.01,52.01.2P
52.01,52.01.Z0
52.09,52.09.1C
52.09,52.09.1N
52.09,52.09.1S
52.09,52.09.Z0
52.11,52.11.0P
52.12,52.12.0C
52.13,52.13.0N
52.13,52.13.1N
52.14,52.14.0N
52.14,52.14.1N
52.19,52.19.1S
52.19,52.19.Z0
52.19,52.A1.1N
52.21,52.21.0N
52.21,52.21.1N
52.22,52.22.1C
52.22,52.22.1S
52.22,52.22.2C
52.22,52.22.2S
52.22,52.22.30
52.22,52.22.40
52.22,52.22.50
52.22,52.22.60
52.22,52.2Z.00
52.3,52.30.1C
52.3,52.30.1S
52.4,52.41.0C
52.4,52.41.0N
52.4,52.41.0S
52.4,52.42.0C
52.4,52.42.0N
52.4,52.42.0S
52.4,52.43.0C
52.4,52.43.0N
52.4,52.43.0S
52.4,52.4Z.00
52.51,52.51.1C
52.51,52.51.1S
52.52,52.52.1C
52.52,52.52.1S
52.52,52.52.2C
52.52,52.52.2S
52.52,52.52.3C
52.52,52.52.3S
52.53,52.59.Z0
52.59,52.59.Z0
52.59,52.59.ZC
52.59,52.59.ZS
52.6,52.62.1C
52.6,52.62.1S
52.6,52.62.2C
52.6,52.62.2S
52.6,52.63.1C
52.6,52.63.1S
52.6,52.63.2C
52.6,52.63.2S
52.6,52.6Z.00
52.7,52.71.1C
52.7,52.71.1S
52.7,52.71.2C
52.7,52.71.2S
52.7,52.72.1C
52.7,52.72.1S
52.7,52.73.1C
52.7,52.73.1S
52.7,52.73.2C
52.7,52.73.2S
52.7,52.74.1C
52.7,52.74.1S
52.7,52.75.1C
52.7,52.75.1S
52.7,52.75.2C
52.7,52.75.2S
52.7,52.76.1C
52.7,52.76.1S
52.7,52.77.1C
52.7,52.77.1S
52.7,52.77.2C
52.7,52.77.2S
52.7,52.78.1C
52.7,52.78.1S
52.7,52.7Z.00
52.80,52.82.1C
52.81,52.95.Z0
52.82,52.82.1C
52.83,52.83.1C
52.84,52.84.0P
52.85,52.85.0P
52.86,52.84.0P
52.86,52.85.0P
52.92,52.92.00
52.92,52.92.10
52.93,52.93.1N
52.93,52.93.2N
52.93,52.93.3N
52.93,52.93.4N
52.93,52.93.5N
52.93,52.93.6N
52.93,52.93.7N
52.93,52.93.8N
52.94,52.94.0N
52.94,52.94.1N
52.94,52.94.3N
52.94,52.94.ZN
52.95,52.95.1C
52.95,52.95.2N
52.95,52.95.Z0
52.96,52.96.1C
52.96,52.96.1S
52.96,52.96.2C
52.96,52.96.2S
52.96,52.96.3C
52.96,52.96.3S
52.96,52.96.5N
52.96,52.96.6N
52.96,52.96.Z0
52.97,52.97.0N
52.98,52.98.0N
52.99,52.99.1C
52.99,52.99.2C
52.99,52.A2.1N
52.99,52.Z0.00
53.00,53.Z0.00
53.01,53.01.0C
53.01,53.01.0S
53.02,53.02.0C
53.02,53.02.0S
53.03,53.03.0C
53.03,53.03.0S
53.03,53.03.1C
53.03,53.03.1S
53.04,53.04.0C
53.04,53.04.0S
53.04,53.04.1C
53.04,53.04.1S
53.05,53.05.Z0
53.10,53.1Z.00
53.11,53.11.0C
53.11,53.11.0S
53.12,53.12.0C
53.12,53.12.0S
53.13,53.13.0C
53.13,53.13.0S
53.14,53.14.0C
53.14,53.14.0S
53.14,53.14.1C
53.14,53.14.1S
53.15,53.15.0C
53.15,53.15.0S
53.15,53.15.1C
53.15,53.15.1S
53.16,53.16.0C
53.16,53.16.0S
53.17,53.1Z.00
53.21,53.21.0C
53.29,53.29.1C
53.31,53.31.0C
53.39,53.3Z.00
53.41,53.41.0C
53.41,53.41.0S
53.49,53.42.0C
53.49,53.49.10
53.49,53.49.20
53.49,53.49.Z0
53.51,53.51.00
53.59,53.59.0C
53.59,53.59.0S
53.59,53.59.1S
53.59,53.59.20
53.59,53.59.Z0
53.61,53.61.0C
53.61,53.61.0S
53.61,53.6Z.0S
53.69,53.6Z.00
53.7,53.70.0C
53.7,53.70.0S
53.7,53.70.1S
53.80,53.80.0C
53.80,53.80.0S
53.80,53.80.1C
53.80,53.80.1S
53.81,53.81.0C
53.81,53.81.0S
53.82,53.82.0C
53.82,53.82.0S
53.9,53.91.0C
53.9,53.91.0S
53.9,53.92.0C
53.9,53.92.0S
53.9,53.93.0C
53.9,53.93.0S
53.9,53.94.0C
53.9,53.94.0S
53.9,53.94.1C
53.9,53.94.1S
53.9,53.95.0C
53.9,53.95.0S
53.9,53.96.0C
53.9,53.96.0S
53.9,53.97.0C
53.9,53.97.0S
53.9,53.Z0.00
53.9,53.Z1.00
54.0,54.00.0C
54.0,54.0Z.00
54.11,54.11.0C
54.12,54.12.0C
54.12,54.12.1C
54.19,00.00.6C
54.19,54.19.0C
54.19,54.19.1C
54.19,54.19.Z0
54.19,54.26.0C
54.21,00.00.0S
54.21,54.21.0S
54.21,54.21.1S
54.21,54.21.2S
54.21,54.21.ZS
54.21,54.26.0M
54.21,55.31.0S
54.21,55.53.1S
54.21,55.81.0S
54.21,55.83.0S
54.21,55.85.0S
54.21,55.86.1S
54.21,56.74.2S
54.21,56.74.3S
54.21,56.75.0S
54.21,56.82.1S
54.21,56.85.0S
54.21,56.86.0S
54.21,57.51.0S
54.21,59.19.1S
54.21,59.29.1S
54.22,54.22.0C
54.22,54.22.0P
54.23,54.23.0C
54.23,54.23.0S
54.23,54.23.Z0
54.24,54.24.1P
54.24,54.24.2P
54.24,54.24.ZP
54.25,54.25.10
54.25,54.25.20
54.29,54.2Z.00
54.3,54.30.0C
54.3,54.30.0S
54.4,54.40.0C
54.4,54.40.0S
54.4,54.41.0C
54.4,54.41.0S
54.4,54.42.0C
54.4,54.42.0S
54.4,54.43.0C
54.4,54.43.0S
54.4,54.44.0C
54.4,54.44.0S
54.4,54.4Z.00
54.51,54.51.0S
54.59,54.59.0C
54.59,54.59.Z0
54.61,54.61.0C
54.61,54.61.1C
54.62,54.62.0C
54.63,54.63.0C
54.63,54.65.0C
54.64,54.64.0C
54.64,54.64.0S
54.71,54.71.0C
54.71,54.71.1C
54.72,54.7Z.00
54.73,54.73.0C
54.73,54.73.0S
54.73,54.73.Z0
54.74,54.74.0C
54.74,54.74.0S
54.74,54.74.Z0
54.75,54.75.0C
54.75,54.75.0S
54.91,54.91.0P
54.91,54.91.1P
54.91,54.91.2P
54.91,54.91.3P
54.91,54.91.ZP
54.92,54.92.0C
54.93,54.93.00
54.93,54.93.10
54.93,54.93.20
54.94,54.94.0C
54.95,54.95.10
54.95,54.95.20
54.95,54.95.30
54.95,54.95.40
54.95,54.95.Z0
54.96,54.96.0P
54.97,54.97.00
54.98,54.98.10
54.98,54.98.11
54.98,54.98.20
54.98,54.98.21
54.98,54.98.22
54.98,54.98.23
54.98,54.98.24
54.98,54.98.25
54.98,54.98.26
54.98,54.98.30
54.98,54.98.31
54.98,54.98.32
54.98,54.98.33
54.98,54.98.34
54.98,54.98.35
54.98,54.98.36
54.98,54.98.40
54.98,54.98.41
54.98,54.98.42
54.98,54.98.43
54.98,54.98.44
54.98,54.98.45
54.98,54.98.46
54.98,54.98.8W
54.98,54.98.9W
54.98,54.98.A0
54.98,54.98.Z0
54.99,54.9Z.00
55.01,55.01.0C
55.01,55.01.0S
55.01,55.01.0Z
55.01,55.01.1P
55.02,55.02.0C
55.03,55.03.1P
55.03,55.03.2P
55.03,55.03.3P
55.03,55.03.4P
55.03,55.03.ZP
55.04,55.04.1P
55.04,55.04.2P
55.04,55.04.3G
55.11,55.11.0C
55.11,55.11.0S
55.11,55.11.Z0
55.12,55.12.0C
55.12,55.12.0P
55.12,55.12.0S
55.21,55.21.0C
55.21,55.21.1G
55.21,55.21.2G
55.22,55.21.0C
55.22,55.21.2G
55.23,55.23.1G
55.23,55.23.1N
55.23,55.23.2P
55.23,55.23.3P
55.23,55.23.ZP
55.23,55.33.8P
55.24,55.24.0C
55.29,55.2Z.00
55.31,55.31.0C
55.32,55.32.1C
55.32,55.32.2C
55.33,55.33.0P
55.33,55.33.1P
55.33,55.33.2P
55.33,55.33.3P
55.33,55.33.4P
55.33,55.33.5P
55.33,55.33.6G
55.33,55.33.7P
55.34,55.34.1S
55.34,55.34.2S
55.35,55.35.0N
55.39,55.3Z.00
55.4,55.40.0C
55.4,55.40.0M
55.4,55.40.0S
55.4,55.40.1C
55.4,55.40.1M
55.4,55.40.1S
55.4,55.41.1S
55.4,55.41.3C
55.4,55.4Z.00
55.51,55.51.0C
55.51,55.51.0S
55.51,55.55.0C
55.51,55.55.0S
55.51,55.56.0C
55.51,55.56.0S
55.51,55.57.0C
55.51,55.57.0S
55.51,55.5Z.10
55.51,55.5Z.20
55.52,55.52.1C
55.52,55.52.1M
55.52,55.52.1S
55.52,55.52.2C
55.52,55.52.2M
55.52,55.52.2S
55.52,55.52.3C
55.52,55.52.3S
55.52,55.52.4C
55.52,55.52.4S
55.53,55.53.1C
55.54,55.54.0C
55.54,55.54.0S
55.54,55.54.1C
55.54,55.54.1S
55.54,55.54.2C
55.54,55.54.2S
55.54,55.54.Z0
55.61,55.61.1C
55.61,55.61.1S
55.61,55.61.2C
55.61,55.61.2S
55.61,55.61.3C
55.61,55.61.Z0
55.69,55.62.1C
55.69,55.62.2C
55.69,55.62.3C
55.69,55.62.Z0
55.69,55.69.1C
55.69,55.69.Z0
55.7,55.70.0C
55.7,55.70.0S
55.81,55.81.0C
55.82,55.82.00
55.83,55.83.0C
55.84,55.89.Z0
55.85,55.85.0C
55.86,55.86.1C
55.87,55.87.1C
55.87,55.87.1M
55.87,55.87.1S
55.87,55.87.Z0
55.89,55.89.Z0
55.91,55.91.00
55.92,55.92.1P
55.92,55.92.2P
55.93,55.93.00
55.94,55.94.00
55.95,55.95.0B
55.96,55.96.0P
55.97,55.97.00
55.98,55.98.00
55.99,55.99.Z0
56.0,56.00.1N
56.0,56.00.2N
56.0,56.0Z.00
56.1,56.10.1C
56.1,56.10.1N
56.2,56.20.0C
56.2,56.20.0G
56.2,56.20.0S
56.2,56.20.1N
56.2,56.20.2N
56.31,56.31.0N
56.32,56.32.0P
56.33,56.33.0N
56.34,56.34.0C
56.34,56.39.1S
56.35,56.35.0N
56.39,56.39.Z0
56.40,56.4Z.00
56.41,56.41.0C
56.41,56.41.0S
56.41,56.41.2C
56.41,56.41.2N
56.41,56.41.2S
56.41,56.41.Z0
56.42,56.42.0C
56.42,56.42.0S
56.51,56.51.1C
56.51,56.51.1S
56.51,56.51.3C
56.51,56.51.3S
56.51,56.51.4C
56.51,56.51.4S
56.51,56.51.Z0
56.51,56.71.2S
56.52,56.52.1C
56.52,56.52.1S
56.61,56.61.1C
56.61,56.61.1S
56.61,56.61.2C
56.61,56.61.2S
56.62,56.62.1C
56.62,56.62.20
56.71,56.71.1C
56.71,56.71.1S
56.71,56.71.2C
56.71,56.71.3C
56.71,56.71.3S
56.71,56.71.4C
56.71,56.71.Z0
56.72,56.72.1C
56.72,56.72.1S
56.72,56.72.2C
56.72,56.72.2S
56.72,56.72.Z0
56.73,56.73.0C
56.73,56.73.Z0
56.74,56.74.1C
56.74,56.74.1S
56.74,56.74.2C
56.74,56.74.3C
56.74,56.74.Z0
56.75,56.75.0C
56.79,56.79.Z0
56.81,56.81.0N
56.82,56.82.1C
56.83,56.83.00
56.84,56.84.0C
56.84,56.84.0S
56.85,56.85.0C
56.86,56.86.0C
56.89,56.89.10
56.89,56.89.2C
56.89,56.89.2S
56.89,56.89.3C
56.89,56.89.3S
56.89,56.89.Z0
56.89,56.8A.0C
56.89,56.8A.0S
56.89,56.8B.0C
56.89,56.8B.0S
56.89,56.8C.1C
56.89,56.8C.1S
56.89,56.8C.2C
56.89,56.8C.2S
56.89,57.89.4C
56.91,56.91.0N
56.91,56.91.1N
56.92,56.92.00
56.93,56.93.00
56.94,56.94.00
56.95,56.95.00
56.99,56.99.Z0
57.0,57.00.0N
57.0,57.00.1N
57.0,57.00.2N
57.0,57.01.0N
57.0,57.01.1N
57.11,57.11.0P
57.12,57.12.0C
57.12,57.12.0S
57.12,57.12.Z0
57.17,57.17.0P
57.18,57.18.1C
57.18,57.18.1S
57.19,57.1Z.00
57.21,57.21.0C
57.21,57.21.Z0
57.22,57.22.0C
57.31,57.31.0N
57.31,57.39.10
57.31,57.39.Z0
57.32,57.32.1N
57.33,57.33.1N
57.34,57.34.0C
57.39,57.39.Z1
57.41,57.41.0N
57.49,57.49.0N
57.51,57.51.0C
57.59,57.58.1C
57.59,57.58.2C
57.59,57.58.3C
57.59,57.59.1C
57.59,57.59.2C
57.59,57.59.3C
57.59,57.5Z.00
57.6,57.60.0C
57.6,57.60.0S
57.71,57.71.1C
57.71,57.71.1S
57.71,57.71.2C
57.71,57.71.2S
57.71,57.71.Z0
57.79,57.72.1C
57.79,57.72.1S
57.79,57.72.2C
57.79,57.72.2S
57.79,57.73.1C
57.79,57.73.1S
57.79,57.79.Z0
57.81,57.81.0C
57.81,57.81.0S
57.82,57.82.00
57.83,57.83.1C
57.83,57.83.1S
57.83,57.83.2C
57.83,57.83.2S
57.83,57.83.3C
57.83,57.83.3S
57.83,57.83.4C
57.83,57.83.4S
57.83,57.83.Z0
57.84,57.84.1C
57.84,57.84.1S
57.84,57.84.2C
57.84,57.84.2S
57.84,57.84.3C
57.84,57.84.3S
57.84,57.84.4C
57.84,57.84.4S
57.84,57.84.Z0
57.85,57.85.1C
57.85,57.85.1S
57.85,57.85.Z0
57.86,57.86.0C
57.87,57.87.1C
57.87,57.87.1S
57.87,57.87.2C
57.87,57.87.2S
57.87,57.87.3C
57.87,57.87.3S
57.87,57.8A.0C
57.87,57.8A.0S
57.88,57.88.1C
57.88,57.88.Z0
57.89,57.89.1C
57.89,57.89.1S
57.89,57.89.2C
57.89,57.89.2S
57.89,57.89.3C
57.89,57.89.3S
57.89,57.89.Z0
57.91,57.91.0N
57.92,57.92.00
57.93,57.93.0C
57.93,57.93.0N
57.93,57.93.0P
57.93,57.93.0S
57.93,57.93.1N
57.93,57.93.Z0
57.94,57.94.00
57.95,57.95.0N
57.96,57.96.0C
57.96,57.96.0N
57.97,57.97.10
57.98,57.98.00
57.99,57.89.5P
57.99,57.99.1C
57.99,57.99.1N
57.99,57.99.1P
57.99,57.99.1S
57.99,57.99.2C
57.99,57.99.2N
57.99,57.99.2P
57.99,57.99.2S
57.99,57.99.Z0
58.0,58.00.0C
58.0,58.00.0N
58.0,58.00.Z0
58.1,58.10.00
58.21,58.21.0N
58.22,58.22.ZN
58.23,58.23.0N
58.23,58.23.Z0
58.24,58.24.Z0
58.29,58.29.Z0
58.31,58.31.1N
58.31,58.31.2N
58.31,58.31.30
58.39,58.37.00
58.39,58.38.10
58.39,58.38.20
58.39,58.38.30
58.39,58.38.40
58.39,58.39.10
58.39,58.39.20
58.39,58.39.Z0
58.41,58.41.00
58.42,58.42.00
58.43,58.43.10
58.43,58.43.20
58.43,58.43.30
58.43,58.43.Z0
58.44,58.44.10
58.44,58.44.20
58.44,58.44.30
58.44,58.44.Z0
58.45,58.45.00
58.46,58.46.10
58.46,58.46.20
58.46,58.46.Z0
58.47,58.47.00
58.49,58.49.10
58.49,58.49.20
58.49,58.49.30
58.49,58.49.Z0
58.5,58.50.1N
58.5,58.50.2N
58.5,58.50.ZN
58.6,58.60.1N
58.6,58.60.2N
58.6,58.61.00
58.91,58.91.0C
58.92,58.92.0C
58.93,58.93.10
58.93,58.93.20
58.99,58.99.10
58.99,58.99.20
58.99,58.99.30
58.99,58.99.40
58.99,58.99.Z0
59.00,59.00.0C
59.00,59.00.0S
59.02,59.02.0C
59.03,59.03.1S
59.03,59.03.2S
59.03,59.03.ZS
59.09,59.09.1C
59.09,59.09.1P
59.09,59.09.1S
59.09,59.09.Z0
59.11,59.11.0C
59.12,59.12.0S
59.19,59.19.1C
59.19,59.19.Z0
59.21,59.21.0C
59.29,59.29.Z0
59.3,59.30.0C
59.3,59.30.0S
59.3,59.3Z.00
59.4,59.40.10
59.4,59.40.20
59.4,59.40.30
59.5,59.50.0C
59.5,59.50.0S
59.5,59.5Z.00
59.6,59.60.00
59.6,59.6Z.00
59.71,59.71.0C
59.71,59.71.0S
59.72,59.72.0N
59.79,59.73.1C
59.79,59.73.1S
59.79,59.73.Z0
59.79,59.74.10
59.79,59.74.20
59.79,59.74.30
59.79,59.74.Z0
59.79,59.7Z.00
59.8,59.80.0N
59.8,59.81.10
59.8,59.82.1C
59.8,59.82.1S
59.8,59.82.20
59.8,59.82.30
59.8,59.83.2N
59.8,59.8Z.00
59.91,59.91.0C
59.91,59.91.0S
59.92,59.92.Z0
59.93,59.93.00
59.93,59.93.0S
59.94,59.94.00
59.94,59.94.0S
59.95,59.95.1N
59.95,59.95.2H
59.99,59.99.Z0
60.0,60.00.1C
60.0,60.00.2N
60.11,60.11.1P
60.11,60.11.2P
60.12,60.12.0C
60.13,60.13.1P
60.13,60.13.2P
60.13,60.15.0P
60.14,60.14.0C
60.15,60.15.0C
60.18,60.18.1S
60.18,60.18.Z0
60.19,60.19.Z0
60.21,60.21.1N
60.29,60.22.1N
60.29,60.22.2N
60.29,60.22.3N
60.29,60.22.4N
60.29,60.22.5N
60.29,60.2Z.0N
60.3,60.30.0C
60.3,60.30.0S
60.4,60.40.0C
60.4,60.40.0S
60.5,60.51.0C
60.5,60.51.0S
60.5,60.52.0C
60.5,60.52.0S
60.5,60.53.0C
60.5,60.53.0S
60.5,60.5Z.00
60.61,60.61.0C
60.61,60.61.0S
60.61,60.61.Z0
60.62,60.62.0C
60.69,60.69.Z0
60.71,60.71.0P
60.71,60.81.0P
60.72,60.72.0C
60.72,60.72.0S
60.73,60.73.0C
60.73,60.73.0S
60.79,60.79.Z0
60.81,60.81.0C
60.82,60.82.0C
60.82,60.82.0S
60.91,60.91.0P
60.92,60.92.0P
60.93,60.93.0C
60.93,60.93.0S
60.94,60.94.0C
60.94,60.94.0S
60.94,60.94.1N
60.95,60.95.0N
60.96,60.96.1N
60.97,60.96.2N
60.99,60.98.1N
60.99,60.99.1G
60.99,60.99.1P
60.99,60.99.2G
60.99,60.99.Z0
61.0,61.00.00
61.11,61.11.0P
61.19,61.19.Z0
61.2,61.20.10
61.2,61.20.20
61.3,61.31.00
61.3,61.32.00
61.3,61.33.00
61.3,61.34.00
61.3,61.3Z.00
61.41,61.41.00
61.42,61.42.00
61.49,61.49.Z0
61.91,61.91.0P
61.92,61.92.00
61.92,61.92.Z0
61.99,61.99.Z0
62.0,62.00.00
62.11,62.11.0P
62.11,62.11.1P
62.12,62.12.0C
62.12,62.13.1C
62.12,62.13.1S
62.12,62.13.2C
62.19,62.19.00
62.2,62.20.00
62.3,62.31.10
62.3,62.31.20
62.3,62.32.10
62.3,62.32.20
62.3,62.32.30
62.3,62.33.00
62.3,62.3Z.00
62.41,62.41.00
62.42,62.42.00
62.5,62.51.00
62.5,62.52.00
62.5,62.53.0C
62.5,62.53.0S
62.61,62.61.00
62.69,62.69.10
62.69,62.69.Z0
62.7,62.70.00
62.91,62.91.1P
62.91,62.91.ZP
62.92,62.92.0P
62.99,62.99.Z0
63.01,63.01.0P
63.09,63.09.Z0
63.1,63.11.00
63.1,63.11.1C
63.1,63.11.1S
63.1,63.11.2B
63.1,63.1Z.00
63.2,63.20.00
63.3,63.30.00
63.4,63.40.00
63.51,63.51.00
63.52,63.52.10
63.52,63.52.20
63.53,63.59.Z0
63.59,63.59.Z0
63.6,63.60.00
63.70,63.70.00
63.71,63.71.00
63.72,63.72.00
63.73,63.73.00
63.81,63.81.00
63.82,63.82.00
63.83,63.83.00
63.84,63.84.00
63.85,63.85.00
63.89,63.89.Z0
63.91,63.91.00
63.92,63.92.00
63.93,63.93.00
63.94,63.94.00
63.95,63.95.00
63.99,63.99.20
63.99,63.99.Z0
64.0,64.00.10
64.0,64.00.20
64.11,64.11.0C
64.11,64.11.0P
64.11,64.11.Z0
64.19,64.19.Z0
64.2,64.20.00
64.3,64.31.00
64.3,64.32.00
64.3,64.33.10
64.3,64.33.20
64.3,64.33.30
64.41,64.41.00
64.42,64.42.00
64.43,64.43.00
64.44,64.44.10
64.44,64.44.20
64.44,64.44.30
64.44,64.44.40
64.44,64.44.50
64.44,64.44.Z0
64.45,64.45.00
64.49,64.49.Z0
64.5,64.5Z.00
64.91,64.91.00
64.92,64.92.10
64.92,64.92.Z0
64.93,64.93.10
64.93,64.93.20
64.94,64.94.00
64.95,64.95.10
64.95,64.95.20
64.96,64.96.10
64.96,64.96.20
64.97,64.97.10
64.97,64.97.20
64.98,64.98.10
64.98,64.98.20
64.98,64.98.30
64.98,64.98.Z0
64.99,64.99.Z0
65.01,65.01.0S
65.09,65.02.0C
65.09,65.02.1C
65.09,65.09.Z0
65.11,65.11.10
65.11,65.11.1P
65.11,65.11.2P
65.12,65.12.Z0
65.13,65.13.0S
65.14,65.14.ZS
65.19,65.19.Z0
65.21,65.21.0C
65.22,65.22.0C
65.23,65.23.0S
65.24,65.24.0S
65.25,65.25.1S
65.25,65.25.2S
65.25,65.25.3S
65.25,65.25.4S
65.25,65.25.5S
65.25,65.25.6S
65.25,65.25.7S
65.25,65.25.8S
65.25,65.25.9S
65.25,65.25.ZS
65.29,65.29.1C
65.29,65.29.2C
65.29,65.29.3C
65.29,65.29.4C
65.29,65.29.5C
65.29,65.29.6C
65.29,65.29.7C
65.29,65.29.8C
65.29,65.29.Z0
65.31,65.31.0S
65.31,65.32.0C
65.39,65.39.Z0
65.41,65.41.0S
65.41,65.42.0C
65.49,65.49.Z0
65.51,65.51.0C
65.52,65.52.0C
65.53,65.53.0S
65.54,65.54.0S
65.61,65.61.0C
65.62,65.62.0C
65.63,65.63.0S
65.64,65.64.0S
65.71,65.71.0C
65.72,65.72.0C
65.73,65.73.0C
65.74,65.74.0S
65.75,65.75.0S
65.76,65.76.0S
65.79,65.79.1C
65.79,65.79.1S
65.79,65.79.2C
65.79,65.79.2S
65.79,65.79.Z0
65.81,65.81.0S
65.89,65.89.1C
65.91,65.91.1P
65.91,65.91.2P
65.92,65.92.00
65.93,65.93.00
65.94,65.94.00
65.95,65.95.1C
65.95,65.95.1S
65.99,65.99.Z0
66.01,66.01.0C
66.02,66.02.0C
66.11,66.11.0C
66.11,66.11.0P
66.11,66.11.0S
66.19,66.19.1S
66.19,66.19.Z0
66.21,66.21.0N
66.22,66.22.0N
66.22,66.22.1N
66.29,66.29.ZN
66.31,66.31.0S
66.31,66.31.Z0
66.32,66.32.0C
66.32,66.32.0S
66.32,66.32.1C
66.32,66.32.1S
66.39,66.39.Z0
66.4,66.40.0C
66.4,66.40.0S
66.4,66.40.Z0
66.51,66.51.0C
66.51,66.51.0S
66.51,66.51.Z0
66.52,66.52.0C
66.52,66.52.0S
66.61,66.61.0C
66.61,66.61.0S
66.61,66.61.Z0
66.62,66.62.0C
66.62,66.62.0S
66.63,66.63.0C
66.63,66.63.0S
66.63,66.63.Z0
66.69,66.69.0C
66.69,66.69.0S
66.69,66.69.Z0
66.71,66.71.0C
66.72,66.72.0C
66.73,66.73.0C
66.74,66.74.0C
66.79,66.79.0C
66.79,66.79.0S
66.79,66.79.Z0
66.8,66.80.0N
66.91,66.91.00
66.92,66.92.0C
66.92,66.92.0S
66.93,66.93.0C
66.93,66.93.0S
66.93,66.93.1C
66.93,66.93.1S
66.93,66.93.Z0
66.94,66.94.0C
66.94,66.94.0S
66.94,66.94.Z0
66.95,66.95.00
66.96,66.96.0N
66.96,66.96.Z0
66.97,66.97.00
66.99,66.99.Z0
67.0,67.00.00
67.11,67.11.0N
67.11,67.11.10
67.12,67.12.00
67.19,67.19.Z0
67.2,67.20.10
67.2,67.20.20
67.2,67.2Z.00
67.31,67.31.00
67.32,67.32.00
67.32,67.32.10
67.32,67.32.20
67.32,67.32.30
67.32,67.32.40
67.32,67.32.Z0
67.33,67.33.00
67.39,67.34.00
67.39,67.35.00
67.39,67.39.1C
67.39,67.39.1N
67.39,67.39.Z0
67.4,67.40.00
67.4,67.40.0C
67.4,67.40.0S
67.4,67.41.00
67.4,67.41.0C
67.4,67.41.0S
67.4,67.4Z.00
67.51,67.51.00
67.59,67.59.10
67.59,67.59.Z0
67.61,67.61.00
67.62,67.62.10
67.62,67.62.Z0
67.69,67.69.10
67.69,67.69.Z0
68.0,68.00.00
68.11,68.11.00
68.12,68.12.1N
68.12,68.12.2N
68.12,68.12.ZN
68.13,68.13.0C
68.14,68.14.0C
68.15,68.15.1S
68.15,68.15.Z0
68.16,68.16.1N
68.16,68.16.1S
68.19,68.19.Z0
68.21,68.21.0N
68.21,68.21.Z0
68.22,68.22.1N
68.22,68.22.Z0
68.23,68.23.1N
68.29,68.24.1B
68.29,68.24.2B
68.29,68.26.0C
68.29,68.26.0N
68.29,68.26.0S
68.29,68.26.1C
68.29,68.26.1N
68.29,68.26.1S
68.29,68.26.Z0
68.29,68.27.00
68.29,68.29.0Z
68.29,68.29.1N
68.29,68.29.2N
68.29,68.29.ZC
68.29,68.29.ZN
68.29,68.29.ZS
68.31,68.31.0S
68.31,68.38.0S
68.39,68.38.0C
68.39,68.39.0C
68.39,68.39.Z0
68.41,68.41.1S
68.41,68.41.2S
68.41,68.41.3S
68.41,68.41.4S
68.41,68.42.1S
68.41,68.42.2S
68.41,68.42.3S
68.41,68.42.4S
68.49,68.43.1C
68.49,68.43.2C
68.49,68.44.1C
68.49,68.44.2C
68.49,68.44.4C
68.49,68.49.Z0
68.51,68.51.1S
68.51,68.52.1S
68.51,68.52.2S
68.59,68.53.0C
68.59,68.59.Z0
68.61,68.61.0S
68.61,68.62.1S
68.61,68.62.2S
68.61,68.62.3S
68.61,68.62.4S
68.69,68.63.0S
68.69,68.64.1S
68.69,68.64.2S
68.69,68.64.3S
68.69,68.64.4S
68.69,68.69.Z0
68.71,68.71.0S
68.71,68.72.1S
68.71,68.72.2S
68.79,68.73.0C
68.79,68.79.Z0
68.8,68.81.1C
68.8,68.81.1S
68.8,68.81.2C
68.8,68.81.2S
68.8,68.81.Z0
68.8,68.82.1C
68.8,68.82.1S
68.8,68.82.2C
68.8,68.82.2S
68.8,68.82.Z0
68.8,68.83.1C
68.8,68.83.1S
68.8,68.83.Z0
68.8,68.8Z.00
68.9,68.Z1.00
68.9,68.Z2.00
69.01,69.01.00
69.02,69.02.00
69.09,69.09.10
69.09,69.09.Z0
69.19,69.19.10
69.19,69.19.1S
69.19,69.19.20
69.19,69.19.2S
69.19,69.19.30
69.19,69.19.Z0
69.21,69.21.00
69.22,69.22.10
69.22,69.22.20
69.22,69.22.Z0
69.23,69.23.00
69.29,69.29.Z0
69.3,69.30.00
69.41,69.41.00
69.42,69.42.00
69.49,69.43.0C
69.49,69.43.0S
69.49,69.43.10
69.49,69.49.10
69.49,69.49.2N
69.49,69.49.Z0
69.51,69.51.00
69.52,69.52.00
69.59,69.59.00
69.6,69.60.00
69.7,69.70.00
69.91,69.91.0N
69.92,69.92.00
69.92,69.92.10
69.92,69.92.20
69.92,69.92.30
69.92,69.92.50
69.92,69.92.60
69.92,69.92.70
69.92,69.92.80
69.92,69.92.90
69.92,69.92.A0
69.92,69.92.BL
69.92,69.92.CN
69.92,69.92.CS
69.92,69.92.DN
69.92,69.92.DS
69.92,69.92.EN
69.92,69.92.ES
69.92,69.92.FN
69.92,69.92.FS
69.93,69.93.00
69.94,69.94.00
69.95,69.95.20
69.95,69.95.Z0
69.96,69.96.00
69.97,69.97.00
69.98,69.98.Z0
69.99,69.99.Z0
70.0,70.00.00
70.11,70.11.00
70.12,70.12.00
70.13,70.13.00
70.14,70.14.Z0
70.21,70.21.0N
70.22,70.22.0N
70.23,70.23.00
70.24,70.24.00
70.24,70.24.1P
70.24,70.24.2P
70.29,70.29.10
70.29,70.29.Z0
70.31,70.31.00
70.32,70.32.10
70.32,70.32.2S
70.32,70.32.Z0
70.33,70.33.0C
70.33,70.33.10
70.33,70.33.20
70.33,70.33.30
70.33,70.33.40
70.33,70.33.Z0
70.4,70.41.00
70.4,70.41.Z0
70.4,70.42.00
70.4,70.43.00
70.4,70.4Z.00
70.50,70.50.10
70.50,70.50.20
70.50,70.50.30
70.50,70.53.10
70.50,70.53.20
70.50,70.53.30
70.51,70.51.10
70.51,70.51.20
70.51,70.51.30
70.52,70.52.10
70.52,70.52.20
70.52,70.52.30
70.61,70.61.10
70.61,70.61.20
70.61,70.61.Z0
70.62,70.62.10
70.62,70.62.20
70.62,70.62.Z0
70.71,70.71.00
70.71,70.71.10
70.72,70.72.0C
70.72,70.72.0S
70.72,70.72.Z0
70.73,70.73.0C
70.73,70.73.0S
70.73,70.73.Z0
70.74,70.74.Z0
70.75,70.75.10
70.75,70.75.Z0
70.76,70.76.00
70.77,70.77.1C
70.77,70.77.1S
70.77,70.77.2C
70.77,70.77.2S
70.77,70.77.3C
70.77,70.77.4S
70.77,70.77.5S
70.77,70.77.60
70.77,70.77.70
70.77,70.77.Z0
70.79,70.79.10
70.79,70.79.20
70.79,70.79.30
70.79,70.79.Z0
70.8,70.80.00
70.91,70.91.Z0
70.92,70.92.Z0
71.01,71.01.00
71.09,71.09.00
71.11,71.11.01
71.11,71.11.02
71.11,71.11.0C
71.19,71.19.Z0
71.21,71.21.0P
71.22,71.22.00
71.23,71.23.00
71.24,71.24.10
71.24,71.24.20
71.29,71.29.Z0
71.3,71.30.10
71.3,71.31.10
71.3,71.31.20
71.3,71.3Z.00
71.4,71.40.00
71.5,71.51.00
71.5,71.51.30
71.5,71.52.40
71.5,71.52.70
71.5,71.53.00
71.5,71.6Z.00
71.61,71.61.00
71.61,71.61.10
71.62,71.62.00
71.71,71.71.00
71.72,71.72.00
71.79,71.73.10
71.79,71.73.20
71.79,71.73.30
71.79,71.73.40
71.79,71.73.Z0
71.79,71.79.Z0
71.8,71.80.00
71.9,71.90.00
72.0,72.00.00
72.1,72.10.00
72.21,72.21.00
72.29,72.29.Z0
72.31,72.31.00
72.39,72.39.Z0
72.4,72.40.00
72.51,72.51.00
72.52,72.52.00
72.53,72.53.00
72.54,72.54.00
72.6,72.60.00
72.71,72.71.00
72.79,72.79.Z0
72.8,72.8Z.00
72.9,72.9Z.00
73.01,73.01.00
73.09,73.0Z.00
73.1,73.10.10
73.1,73.1Z.00
73.21,73.21.00
73.22,73.22.00
73.3,73.30.00
73.4,73.40.00
73.51,73.51.00
73.59,73.59.Z0
73.6,73.60.00
73.8,73.80.00
73.91,73.91.00
73.92,73.92.00
73.93,73.93.00
73.94,73.94.00
73.99,73.99.Z0
74.0,74.01.1C
74.0,74.01.2C
74.0,74.02.1C
74.0,74.02.2C
74.0,74.44.1C
74.0,74.44.2C
74.1,74.11.1C
74.1,74.11.2C
74.2,74.20.0C
74.2,74.20.1C
74.3,74.30.0C
74.3,74.30.0S
74.4,74.41.1C
74.4,74.41.2C
74.4,74.42.1C
74.4,74.42.2C
74.4,74.43.1C
74.4,74.43.2C
74.91,74.91.0C
74.91,74.91.0S
74.99,74.99.10
74.99,74.99.20
74.99,74.99.Z0
75.0,75.00.00
75.1,75.10.10
75.1,75.10.20
75.2,75.20.00
75.31,75.31.00
75.32,75.32.00
75.33,75.33.10
75.33,75.33.Z0
75.34,75.34.10
75.34,75.34.Z0
75.35,75.35.10
75.35,75.35.Z0
75.36,75.36.00
75.37,75.37.00
75.38,75.38.00
75.4,75.40.00
75.50,75.5Z.00
75.51,75.51.00
75.52,75.52.00
75.61,75.61.00
75.62,75.62.00
75.69,75.69.Z0
75.7,75.70.00
75.8,75.80.00
75.8,75.80.10
75.91,75.91.00
75.92,75.92.00
75.93,75.93.00
75.94,75.94.00
75.99,75.99.Z0
76.01,76.01.0C
76.09,76.09.10
76.09,76.09.Z0
76.11,76.11.1C
76.11,76.11.1P
76.11,76.11.Z0
76.11,76.12.1A
76.11,76.12.1C
76.11,76.12.Z0
76.19,76.9Z.00
76.2,76.20.10
76.2,76.20.20
76.2,76.20.Z0
76.2,76.69.10
76.31,76.31.00
76.31,76.31.Z0
76.31,76.32.10
76.31,76.32.20
76.31,76.32.30
76.31,76.32.40
76.31,76.32.50
76.31,76.32.60
76.31,76.32.Z0
76.31,76.33.10
76.31,76.33.20
76.31,76.33.30
76.31,76.33.40
76.31,76.33.50
76.31,76.33.60
76.31,76.33.70
76.31,76.33.80
76.31,76.33.Z0
76.39,76.38.00
76.39,76.38.1N
76.39,76.39.00
76.39,76.39.10
76.39,76.39.20
76.39,76.39.30
76.39,76.39.40
76.39,76.39.50
76.39,76.39.60
76.39,76.39.Z0
76.41,76.41.10
76.41,76.41.20
76.41,76.41.30
76.41,76.41.Z0
76.42,76.42.00
76.43,76.43.10
76.43,76.43.20
76.43,76.43.30
76.43,76.43.40
76.43,76.43.Z0
76.44,76.44.10
76.44,76.44.20
76.44,76.44.30
76.44,76.44.40
76.44,76.44.50
76.44,76.44.60
76.44,76.44.Z0
76.45,76.45.00
76.45,76.47.00
76.46,76.46.10
76.46,76.46.20
76.46,76.46.30
76.46,76.46.40
76.46,76.46.50
76.46,76.46.60
76.46,76.46.Z0
76.5,76.51.10
76.5,76.51.20
76.5,76.51.30
76.5,76.52.0A
76.5,76.53.00
76.5,76.54.00
76.5,76.54.10
76.5,76.54.20
76.5,76.54.30
76.5,76.5Z.00
76.61,76.61.1M
76.61,76.61.2M
76.62,76.62.1C
76.62,76.62.2C
76.63,76.63.0C
76.63,76.63.0M
76.63,76.63.1C
76.64,76.64.10
76.64,76.64.Z0
76.65,76.65.10
76.65,76.65.20
76.65,76.65.Z0
76.66,76.66.10
76.66,76.66.20
76.66,76.66.Z0
76.67,76.67.00
76.68,76.68.00
76.69,76.69.Z0
76.70,76.7Z.00
76.71,76.71.10
76.72,76.71.2M
76.72,76.72.0C
76.73,76.73.0P
76.74,76.74.0C
76.75,76.75.0P
76.76,76.76.1C
76.76,76.76.2C
76.76,76.76.3C
76.76,76.76.4C
76.76,76.76.5C
76.76,76.76.ZC
76.77,76.77.00
76.78,76.78.10
76.78,76.78.Z0
76.79,76.78.2M
76.79,76.78.3M
76.79,76.79.1C
76.79,76.79.2C
76.79,76.79.3C
76.79,76.79.4C
76.79,76.79.ZC
76.91,76.91.10
76.91,76.91.20
76.91,76.91.30
76.91,76.91.40
76.91,76.91.Z0
76.92,76.92.00
76.92,76.92.10
76.92,76.92.20
76.93,76.93.0P
76.94,76.94.0C
76.95,76.95.Z0
76.96,76.96.0P
76.97,76.97.00
76.99,76.95.00
76.99,76.9Z.00
77.00,77.0Z.00
77.01,77.01.10
77.01,77.01.20
77.01,77.01.30
77.02,77.02.00
77.03,77.03.00
77.04,77.04.00
77.04,77.09.20
77.05,77.05.00
77.06,77.06.00
77.07,77.07.00
77.08,77.08.00
77.08,77.09.10
77.09,77.09.30
77.09,77.09.40
77.09,77.0Z.00
77.10,77.1Z.00
77.11,77.11.10
77.11,77.11.20
77.11,77.11.30
77.11,77.11.40
77.11,77.11.Z0
77.12,77.12.Z0
77.13,77.13.Z0
77.14,77.14.Z0
77.15,77.15.00
77.16,77.16.Z0
77.17,77.17.Z0
77.18,77.18.10
77.18,77.18.20
77.18,77.18.Z0
77.19,77.19.10
77.19,77.19.20
77.19,77.19.30
77.20,77.2Z.00
77.21,77.21.10
77.21,77.21.20
77.21,77.21.30
77.21,77.21.40
77.21,77.21.50
77.21,77.21.Z0
77.22,77.22.00
77.22,77.22.10
77.22,77.22.20
77.22,77.22.30
77.22,77.22.40
77.22,77.22.50
77.22,77.22.60
77.22,77.22.Z0
77.23,77.23.00
77.23,77.23.10
77.23,77.23.20
77.23,77.23.30
77.23,77.23.40
77.23,77.23.50
77.23,77.23.60
77.23,77.23.Z0
77.24,77.24.00
77.24,77.24.10
77.24,77.24.20
77.24,77.24.30
77.24,77.24.40
77.24,77.24.50
77.24,77.24.60
77.24,77.24.Z0
77.25,77.25.00
77.25,77.25.10
77.25,77.25.20
77.25,77.25.30
77.25,77.25.40
77.25,77.25.50
77.25,77.25.70
77.25,77.25.Z0
77.26,77.26.Z0
77.27,77.27.00
77.27,77.27.10
77.27,77.27.20
77.27,77.27.30
77.27,77.27.40
77.27,77.27.50
77.27,77.27.70
77.27,77.27.80
77.27,77.27.Z0
77.28,77.28.00
77.28,77.28.10
77.28,77.28.20
77.28,77.28.30
77.28,77.28.40
77.28,77.28.50
77.28,77.28.Z0
77.29,77.29.00
77.29,77.29.10
77.29,77.29.20
77.29,77.29.30
77.29,77.29.40
77.29,77.29.50
77.29,77.29.60
77.29,77.29.70
77.29,77.29.80
77.29,77.29.90
77.29,77.29.A0
77.29,77.29.B0
77.29,77.29.C0
77.29,77.29.D0
77.29,77.29.E0
77.29,77.29.F0
77.29,77.29.G0
77.29,77.29.H0
77.30,77.3Z.00
77.31,77.31.10
77.31,77.31.Z0
77.32,77.32.10
77.32,77.32.Z0
77.33,77.33.10
77.33,77.33.Z0
77.34,77.34.10
77.34,77.34.Z0
77.35,77.35.10
77.35,77.35.Z0
77.36,77.36.Z0
77.37,77.37.10
77.37,77.37.Z0
77.38,77.38.10
77.38,77.38.Z0
77.39,77.39.10
77.39,77.39.20
77.39,77.39.30
77.40,77.4Z.00
77.41,77.41.0C
77.41,77.41.0P
77.41,77.41.Z0
77.42,77.42.0C
77.42,77.42.0P
77.42,77.42.Z0
77.43,77.43.0C
77.43,77.43.0P
77.43,77.43.Z0
77.44,77.44.0C
77.44,77.44.0P
77.44,77.44.Z0
77.45,77.45.0C
77.45,77.45.0P
77.46,77.46.0C
77.46,77.46.0P
77.47,77.47.0C
77.47,77.47.0P
77.47,77.47.1C
77.47,77.47.1P
77.48,77.48.0C
77.48,77.48.0P
77.48,77.48.1C
77.48,77.48.1P
77.49,77.49.1C
77.49,77.49.1P
77.49,77.49.2C
77.49,77.49.2P
77.49,77.49.3C
77.49,77.49.3P
77.49,77.49.4C
77.49,77.49.4P
77.51,77.51.10
77.51,77.51.20
77.51,77.51.30
77.51,77.51.40
77.51,77.51.50
77.51,77.51.60
77.51,77.51.Z0
77.52,77.52.00
77.53,77.59.Z1
77.54,77.59.Z1
77.56,77.56.00
77.57,77.57.00
77.58,77.58.Z0
77.59,77.59.Z0
77.60,77.6Z.00
77.61,77.61.10
77.61,77.61.1K
77.61,77.61.20
77.61,77.61.2K
77.61,77.61.30
77.61,77.61.3K
77.61,77.61.40
77.61,77.61.4K
77.61,77.61.50
77.62,77.62.00
77.62,77.62.0K
77.62,77.62.10
77.63,77.63.00
77.63,77.63.0K
77.63,77.63.10
77.64,77.64.00
77.64,77.64.0K
77.64,77.64.10
77.65,77.65.00
77.65,77.65.0K
77.65,77.65.10
77.66,77.66.00
77.66,77.66.0K
77.67,77.67.00
77.67,77.67.0K
77.67,77.67.10
77.68,77.68.00
77.68,77.68.0K
77.68,77.68.10
77.68,77.68.1K
77.68,77.68.20
77.69,77.69.10
77.69,77.69.1K
77.69,77.69.20
77.69,77.69.2K
77.69,77.69.30
77.69,77.69.3K
77.69,77.69.40
77.69,77.69.50
77.69,77.69.5K
77.70,77.7Z.00
77.71,77.71.10
77.71,77.71.20
77.71,77.71.30
77.71,77.71.40
77.71,77.7A.10
77.71,77.7A.20
77.71,77.7A.30
77.71,77.7A.40
77.72,77.72.00
77.72,77.7B.00
77.73,77.73.00
77.73,77.7C.00
77.74,77.74.00
77.74,77.7D.00
77.75,77.75.00
77.75,77.7E.00
77.76,77.76.00
77.76,77.7F.00
77.77,77.77.00
77.77,77.7G.00
77.78,77.78.00
77.78,77.7H.00
77.79,77.79.10
77.79,77.79.20
77.79,77.79.30
77.79,77.7I.10
77.79,77.7I.20
77.79,77.7I.30
77.80,77.8Z.00
77.81,77.81.00
77.81,77.81.10
77.81,77.81.20
77.81,77.81.30
77.81,77.81.40
77.81,77.81.50
77.82,77.82.00
77.82,77.82.10
77.82,77.82.20
77.82,77.82.30
77.82,77.82.40
77.82,77.82.50
77.82,77.82.60
77.83,77.83.00
77.83,77.83.10
77.83,77.83.20
77.83,77.83.30
77.83,77.83.40
77.83,77.83.50
77.83,77.83.60
77.84,77.84.00
77.84,77.84.10
77.84,77.84.20
77.84,77.84.30
77.84,77.84.40
77.84,77.84.50
77.84,77.84.60
77.85,77.85.00
77.85,77.85.10
77.85,77.85.20
77.85,77.85.30
77.85,77.85.40
77.85,77.85.50
77.85,77.85.70
77.86,77.86.00
77.87,77.87.00
77.87,77.87.10
77.87,77.87.20
77.87,77.87.30
77.87,77.87.40
77.87,77.87.50
77.87,77.87.70
77.87,77.87.80
77.88,77.88.00
77.88,77.88.10
77.88,77.88.20
77.88,77.88.30
77.88,77.88.40
77.88,77.88.50
77.89,77.89.00
77.89,77.89.01
77.89,77.89.10
77.89,77.89.20
77.89,77.89.30
77.89,77.89.40
77.89,77.89.50
77.89,77.89.60
77.89,77.89.70
77.89,77.89.80
77.89,77.89.90
77.89,77.89.A0
77.89,77.89.B0
77.89,77.89.C0
77.89,77.89.D0
77.89,77.89.E0
77.89,77.89.F0
77.89,77.89.G0
77.89,77.89.H0
77.89,77.8Z.00
77.90,77.9Z.00
77.91,77.91.00
77.91,77.91.10
77.91,77.91.20
77.91,77.91.30
77.91,77.91.40
77.91,77.91.50
77.92,77.92.00
77.92,77.92.10
77.92,77.92.20
77.92,77.92.30
77.92,77.92.40
77.92,77.92.50
77.92,77.92.60
77.93,77.93.00
77.93,77.93.10
77.93,77.93.20
77.93,77.93.30
77.93,77.93.40
77.93,77.93.50
77.93,77.93.60
77.94,77.94.00
77.94,77.94.10
77.94,77.94.20
77.94,77.94.30
77.94,77.94.40
77.94,77.94.50
77.94,77.94.60
77.95,77.95.00
77.95,77.95.10
77.95,77.95.20
77.95,77.95.30
77.95,77.95.40
77.95,77.95.50
77.95,77.95.70
77.96,77.96.00
77.97,77.97.00
77.97,77.97.10
77.97,77.97.20
77.97,77.97.30
77.97,77.97.40
77.97,77.97.50
77.97,77.97.70
77.97,77.97.80
77.98,77.98.00
77.98,77.98.10
77.98,77.98.20
77.98,77.98.30
77.98,77.98.40
77.98,77.98.50
77.99,77.99.00
77.99,77.99.10
77.99,77.99.20
77.99,77.99.30
77.99,77.99.40
77.99,77.99.50
77.99,77.99.60
77.99,77.99.70
77.99,77.99.80
77.99,77.99.90
77.99,77.99.A0
77.99,77.99.B0
77.99,77.99.C0
77.99,77.99.D0
77.99,77.99.E0
77.99,77.99.F0
77.99,77.99.G0
77.99,77.99.H0
77.99,77.9Z.00
78.00,78.0Z.00
78.01,78.01.00
78.01,78.01.10
78.01,78.01.20
78.01,78.0A.00
78.01,78.0A.10
78.02,78.02.00
78.02,78.02.10
78.02,78.02.20
78.02,78.0B.00
78.02,78.0B.10
78.03,78.03.00
78.03,78.03.10
78.03,78.03.20
78.03,78.0C.00
78.03,78.0C.10
78.04,78.04.00
78.04,78.04.10
78.04,78.04.20
78.04,78.09.50
78.04,78.09.60
78.04,78.0D.00
78.04,78.0D.10
78.04,78.0I.50
78.04,78.0I.60
78.05,78.05.00
78.05,78.05.10
78.05,78.05.20
78.05,78.0E.00
78.05,78.0E.10
78.06,78.06.00
78.06,78.06.10
78.06,78.06.20
78.06,78.0F.00
78.06,78.0F.10
78.07,78.07.00
78.07,78.07.10
78.07,78.07.20
78.07,78.0G.00
78.07,78.0G.10
78.08,78.08.00
78.08,78.08.10
78.08,78.08.20
78.08,78.09.30
78.08,78.09.40
78.08,78.0H.00
78.08,78.0H.10
78.08,78.0I.30
78.08,78.0I.40
78.09,78.09.10
78.09,78.09.20
78.09,78.09.70
78.09,78.09.80
78.09,78.09.90
78.09,78.09.A0
78.09,78.09.B0
78.09,78.09.C0
78.09,78.0I.10
78.09,78.0I.20
78.09,78.0I.70
78.09,78.0I.80
78.10,78.1Z.00
78.11,78.11.10
78.11,78.11.20
78.11,78.11.30
78.11,78.11.40
78.12,78.12.00
78.13,78.13.00
78.14,78.14.00
78.15,78.15.00
78.16,78.16.00
78.17,78.17.00
78.18,78.18.00
78.19,78.19.10
78.19,78.19.20
78.19,78.19.30
78.20,78.2Z.00
78.22,78.22.00
78.23,78.23.00
78.24,78.24.00
78.25,78.25.00
78.27,78.27.00
78.28,78.28.00
78.29,78.29.00
78.29,78.29.10
78.30,78.3Z.00
78.32,78.32.00
78.33,78.33.00
78.34,78.34.00
78.35,78.35.00
78.37,78.37.00
78.38,78.38.00
78.39,78.39.00
78.39,78.39.10
78.40,78.4Z.00
78.41,78.41.10
78.41,78.41.20
78.41,78.41.30
78.42,78.42.10
78.42,78.42.20
78.43,78.43.10
78.43,78.43.20
78.44,78.44.10
78.44,78.44.20
78.45,78.45.10
78.45,78.45.20
78.46,78.46.10
78.46,78.46.20
78.47,78.47.10
78.47,78.47.20
78.48,78.48.10
78.48,78.48.20
78.49,78.49.10
78.49,78.49.20
78.49,78.49.30
78.49,78.49.40
78.49,78.49.50
78.49,78.49.60
78.49,78.49.70
78.49,78.49.80
78.50,78.5Z.00
78.51,78.51.10
78.51,78.51.20
78.51,78.51.30
78.51,78.51.40
78.51,78.51.50
78.51,78.51.60
78.51,78.51.70
78.52,78.52.10
78.52,78.52.20
78.52,78.52.30
78.52,78.52.40
78.52,78.52.50
78.53,78.53.10
78.53,78.53.20
78.53,78.53.30
78.53,78.53.40
78.53,78.53.50
78.53,78.53.60
78.54,78.54.10
78.54,78.54.20
78.54,78.54.30
78.54,78.54.40
78.54,78.54.50
78.55,78.55.10
78.55,78.55.20
78.55,78.55.30
78.55,78.55.40
78.55,78.55.50
78.56,78.56.10
78.56,78.56.20
78.56,78.56.30
78.56,78.56.40
78.57,78.57.10
78.57,78.57.20
78.57,78.57.30
78.57,78.57.40
78.57,78.57.50
78.57,78.57.60
78.58,78.58.10
78.58,78.58.20
78.58,78.58.30
78.58,78.58.40
78.58,78.58.50
78.59,78.59.00
78.59,78.59.10
78.59,78.59.20
78.59,78.59.30
78.59,78.59.40
78.59,78.59.50
78.59,78.59.60
78.59,78.59.70
78.59,78.59.80
78.59,78.59.90
78.59,78.59.A0
78.59,78.59.B0
78.59,78.59.C0
78.59,78.59.D0
78.60,78.6Z.00
78.60,78.6Z.10
78.61,78.61.10
78.61,78.61.20
78.61,78.61.30
78.61,78.61.40
78.61,78.61.Z0
78.62,78.62.00
78.62,78.62.10
78.62,78.62.20
78.62,78.62.30
78.62,78.62.40
78.62,78.63.10
78.62,78.63.20
78.62,78.63.30
78.62,78.63.40
78.62,78.65.10
78.62,78.65.20
78.62,78.65.30
78.62,78.65.40
78.62,78.67.10
78.62,78.67.20
78.62,78.67.30
78.62,78.67.40
78.63,78.63.00
78.64,78.64.00
78.65,78.65.00
78.66,78.66.00
78.67,78.67.00
78.68,78.68.00
78.69,78.69.00
78.69,78.69.10
78.69,78.69.20
78.69,78.69.30
78.70,78.7Z.00
78.71,78.71.00
78.72,78.72.00
78.73,78.73.00
78.74,78.74.00
78.75,78.75.00
78.76,78.76.00
78.77,78.77.00
78.78,78.78.00
78.79,78.79.00
78.79,78.79.10
78.79,78.79.20
78.79,78.79.30
78.80,78.8Z.00
78.81,78.81.Z0
78.82,78.82.Z0
78.83,78.83.Z0
78.84,78.84.Z0
78.85,78.85.Z0
78.86,78.86.Z0
78.87,78.87.Z0
78.88,78.88.Z0
78.89,78.89.Z0
78.89,78.89.Z1
78.89,78.89.Z2
78.89,78.89.Z3
78.90,78.9Z.00
78.91,78.91.00
78.92,78.92.00
78.93,78.93.00
78.94,78.94.00
78.95,78.95.00
78.96,78.96.00
78.97,78.97.00
78.98,78.98.00
78.99,78.99.00
78.99,78.99.10
78.99,78.99.20
78.99,78.99.30
79.00,79.0Z.00
79.01,79.01.00
79.01,79.01.10
79.01,79.01.20
79.02,79.02.00
79.02,79.02.10
79.02,79.02.20
79.03,79.03.00
79.03,79.03.10
79.03,79.03.20
79.04,79.04.00
79.04,79.04.10
79.04,79.04.20
79.05,79.05.00
79.05,79.05.10
79.05,79.05.20
79.06,79.06.00
79.06,79.06.10
79.06,79.06.20
79.06,79.06.30
79.06,79.06.40
79.07,79.07.00
79.07,79.07.10
79.07,79.07.20
79.07,79.07.30
79.07,79.07.40
79.08,79.08.00
79.08,79.08.10
79.08,79.08.20
79.09,79.09.10
79.09,79.09.20
79.09,79.09.30
79.09,79.09.40
79.09,79.09.50
79.09,79.09.60
79.09,79.09.Z1
79.09,79.09.Z2
79.10,79.1Z.00
79.11,79.11.00
79.11,79.11.10
79.11,79.11.20
79.11,79.11.30
79.12,79.12.00
79.12,79.12.10
79.12,79.12.20
79.12,79.12.30
79.13,79.13.00
79.13,79.13.10
79.13,79.13.30
79.14,79.14.00
79.14,79.14.10
79.15,79.15.00
79.15,79.15.10
79.15,79.15.20
79.15,79.15.30
79.16,79.16.00
79.16,79.16.10
79.16,79.16.20
79.16,79.16.30
79.16,79.16.40
79.17,79.17.00
79.17,79.17.10
79.17,79.17.20
79.18,79.18.00
79.18,79.18.10
79.19,79.19.01
79.19,79.19.02
79.19,79.19.03
79.19,79.19.10
79.19,79.19.20
79.19,79.19.30
79.20,79.2Z.00
79.21,79.21.00
79.22,79.22.00
79.23,79.23.00
79.24,79.24.00
79.25,79.25.00
79.26,79.26.00
79.27,79.27.00
79.28,79.28.00
79.28,79.29.10
79.29,79.2Z.00
79.30,79.3Z.00
79.31,79.31.00
79.31,79.31.10
79.31,79.31.20
79.31,79.31.40
79.31,79.31.50
79.31,79.31.60
79.32,79.32.10
79.32,79.32.20
79.32,79.32.30
79.32,79.32.40
79.32,79.32.50
79.32,79.32.60
79.32,79.32.Z0
79.33,79.33.10
79.33,79.33.20
79.33,79.33.30
79.33,79.33.Z0
79.34,79.34.10
79.34,79.34.20
79.34,79.34.30
79.34,79.34.Z0
79.35,79.35.00
79.35,79.35.10
79.35,79.35.20
79.35,79.35.40
79.35,79.35.50
79.35,79.35.60
79.36,79.36.00
79.36,79.36.10
79.36,79.36.20
79.36,79.36.40
79.36,79.36.50
79.36,79.36.60
79.36,79.36.70
79.36,79.36.90
79.36,79.36.A0
79.36,79.36.B0
79.36,79.36.D0
79.36,79.36.E0
79.37,79.37.00
79.37,79.37.10
79.37,79.37.20
79.37,79.37.30
79.37,79.37.40
79.37,79.37.50
79.37,79.37.60
79.38,79.38.00
79.38,79.38.10
79.38,79.38.20
79.39,79.39.10
79.39,79.39.20
79.39,79.39.30
79.39,79.39.40
79.39,79.39.50
79.39,79.39.60
79.39,79.39.70
79.39,79.39.80
79.39,79.39.90
79.39,79.39.A0
79.39,79.39.B0
79.39,79.39.C0
79.39,79.39.E0
79.40,79.4Z.00
79.41,79.41.10
79.41,79.41.20
79.42,79.42.10
79.42,79.42.20
79.45,79.45.10
79.45,79.45.20
79.46,79.46.10
79.46,79.46.20
79.49,79.4Z.00
79.50,79.5Z.00
79.51,79.51.10
79.51,79.51.20
79.52,79.52.10
79.52,79.52.20
79.55,79.55.10
79.55,79.55.20
79.56,79.56.10
79.56,79.56.20
79.59,79.5Z.00
79.60,79.6Z.00
79.61,79.61.00
79.62,79.62.00
79.63,79.63.00
79.64,79.64.00
79.65,79.65.00
79.66,79.66.00
79.67,79.67.00
79.68,79.68.00
79.69,79.6Z.00
79.70,79.7Z.00
79.71,79.71.00
79.71,79.71.10
79.72,79.72.00
79.72,79.72.10
79.73,79.73.00
79.73,79.73.10
79.74,79.74.00
79.74,79.74.10
79.75,79.75.00
79.75,79.75.10
79.76,79.76.00
79.76,79.76.10
79.77,79.77.00
79.77,79.77.10
79.78,79.78.00
79.78,79.78.10
79.79,79.79.10
79.79,79.79.20
79.79,79.79.30
79.79,79.79.40
79.80,79.8Z.00
79.81,79.81.00
79.81,79.81.10
79.82,79.82.00
79.82,79.82.10
79.83,79.83.00
79.83,79.83.10
79.84,79.84.00
79.84,79.84.10
79.85,79.85.00
79.85,79.85.10
79.86,79.86.00
79.86,79.86.10
79.87,79.87.00
79.87,79.87.10
79.88,79.88.00
79.88,79.88.10
79.89,79.89.10
79.89,79.89.20
79.89,79.89.30
79.89,79.89.40
79.90,79.9Z.00
79.91,79.91.Z0
79.92,79.92.Z0
79.93,79.93.Z0
79.94,79.94.Z0
79.95,79.95.Z0
79.96,79.96.Z0
79.97,79.97.Z0
79.98,79.98.Z0
79.99,79.99.Z1
79.99,79.99.Z2
79.99,79.99.Z3
79.99,79.99.Z4
80.00,80.0Z.00
80.01,80.01.00
80.02,80.02.00
80.03,80.03.00
80.04,80.04.00
80.05,80.05.00
80.06,80.06.00
80.06,81.55.20
80.07,80.07.00
80.08,80.08.00
80.09,80.09.00
80.10,80.1Z.00
80.11,80.11.1C
80.11,80.11.2C
80.11,80.11.3C
80.11,80.11.4C
80.11,80.11.5C
80.12,80.12.1C
80.12,80.12.2C
80.12,80.12.3C
80.12,80.12.4C
80.12,80.12.5C
80.13,80.13.1C
80.13,80.13.2C
80.13,80.13.3C
80.13,80.13.4C
80.13,80.13.5C
80.14,80.14.1C
80.14,80.14.2C
80.14,80.14.3C
80.14,80.14.4C
80.14,80.14.5C
80.15,80.15.1C
80.15,80.15.2C
80.15,80.15.3C
80.15,80.15.4C
80.15,80.15.5C
80.16,80.16.1C
80.16,80.16.2C
80.16,80.16.3C
80.16,80.16.4C
80.16,80.16.5C
80.17,80.17.1C
80.17,80.17.2C
80.17,80.17.3C
80.17,80.17.4C
80.17,80.17.5C
80.18,80.18.1C
80.18,80.18.2C
80.18,80.18.3C
80.18,80.18.4C
80.18,80.18.5C
80.19,80.19.10
80.20,80.2Z.0A
80.21,79.A0.1A
80.21,80.21.0A
80.21,80.21.1A
80.21,80.21.2A
80.21,80.21.3A
80.21,80.21.4A
80.21,80.21.5A
80.22,79.A0.2A
80.22,80.22.0A
80.22,80.22.1A
80.22,80.22.2A
80.22,80.22.3A
80.22,80.22.4A
80.22,80.22.5A
80.23,79.A0.3A
80.23,80.23.0A
80.23,80.23.1A
80.23,80.23.2A
80.23,80.23.3A
80.23,80.23.4A
80.23,80.23.5A
80.24,80.24.0A
80.25,79.A0.4A
80.25,80.25.0A
80.25,80.25.1A
80.25,80.25.2A
80.25,80.25.3A
80.25,80.25.4A
80.25,80.25.5A
80.26,79.A0.5A
80.26,80.26.0A
80.26,80.26.1A
80.26,80.26.2A
80.26,80.26.3A
80.26,80.26.4A
80.26,80.26.5A
80.27,79.A0.6A
80.27,80.27.0A
80.27,80.27.1A
80.27,80.27.2A
80.27,80.27.3A
80.27,80.27.4A
80.28,80.28.0A
80.29,79.A0.7A
80.29,80.29.1A
80.29,80.29.2A
80.29,80.29.3A
80.30,80.3Z.00
80.31,80.31.1A
80.31,80.31.1C
80.31,80.31.1P
80.32,80.32.1A
80.32,80.32.1C
80.32,80.32.1P
80.33,80.33.1A
80.33,80.33.1C
80.33,80.33.1P
80.34,80.34.1A
80.34,80.34.1C
80.34,80.34.1P
80.35,80.35.1A
80.35,80.35.1C
80.35,80.35.1P
80.36,80.36.1A
80.36,80.36.1C
80.36,80.36.1P
80.37,80.37.1A
80.37,80.37.1C
80.37,80.37.1P
80.38,80.38.1A
80.38,80.38.1C
80.38,80.38.1P
80.39,80.39.1A
80.39,80.39.1C
80.39,80.39.1P
80.39,80.39.2A
80.39,80.39.2C
80.39,80.39.2P
80.40,80.4Z.00
80.41,80.41.00
80.41,80.41.0A
80.42,80.42.00
80.42,80.42.0A
80.43,80.43.00
80.43,80.43.0A
80.44,80.44.00
80.44,80.44.0A
80.45,80.45.00
80.45,80.45.0A
80.46,80.46.00
80.46,80.46.0A
80.47,80.47.00
80.47,80.47.0A
80.48,80.48.00
80.48,80.48.0A
80.49,80.49.00
80.49,80.49.0A
80.50,80.5Z.00
80.51,80.51.1C
80.51,80.51.1M
80.51,80.51.2C
80.51,80.51.2M
80.51,80.51.2P
80.51,80.51.2Y
80.51,80.51.3C
80.51,80.51.3M
80.51,80.51.4C
80.51,80.51.4M
80.51,80.51.4P
80.51,80.51.4Y
80.51,80.51.5C
80.51,80.51.5M
80.51,80.51.6C
80.51,80.51.Z0
80.52,80.52.10
80.52,80.52.20
80.59,80.53.10
80.59,80.53.20
80.59,80.55.10
80.59,80.55.20
80.59,80.56.00
80.59,80.5Z.00
80.6,80.60.1A
80.6,80.60.1C
80.6,80.60.2A
80.6,80.60.2C
80.6,80.6Z.00
80.70,80.7Z.00
80.71,80.71.00
80.71,80.71.0A
80.72,80.72.00
80.72,80.72.0A
80.73,80.73.00
80.73,80.73.0A
80.74,80.74.00
80.74,80.74.0A
80.75,80.75.00
80.75,80.75.0A
80.76,80.76.00
80.76,80.76.0A
80.77,80.77.00
80.77,80.77.0A
80.78,80.78.00
80.78,80.78.0A
80.79,80.79.00
80.79,80.79.0A
80.80,80.8Z.00
80.81,80.81.00
80.81,80.81.0A
80.82,80.82.00
80.82,80.82.0A
80.83,80.83.00
80.83,80.83.0A
80.84,80.84.00
80.84,80.84.0A
80.85,80.85.00
80.85,80.85.0A
80.86,80.86.00
80.86,80.86.0A
80.87,80.87.00
80.87,80.87.0A
80.88,80.88.00
80.88,80.88.0A
80.89,80.89.00
80.89,80.89.0A
80.90,80.9Z.00
80.91,80.91.00
80.91,80.91.0A
80.92,80.92.00
80.92,80.92.0A
80.93,80.93.00
80.93,80.93.0A
80.94,80.94.00
80.94,80.94.0A
80.95,80.95.00
80.95,80.95.0A
80.96,80.96.10
80.96,80.96.20
80.96,80.96.Z0
80.97,80.97.00
80.98,80.98.00
80.99,80.99.10
80.99,80.99.20
80.99,80.99.2A
81.00,81.09.10
81.00,81.09.20
81.00,81.09.30
81.00,81.09.40
81.00,81.09.50
81.00,81.0Z.00
81.01,81.01.10
81.01,81.01.20
81.01,81.01.30
81.01,81.01.40
81.01,81.01.Z0
81.02,81.02.10
81.02,81.02.20
81.02,81.02.30
81.02,81.02.40
81.02,81.02.50
81.02,81.02.60
81.02,81.02.70
81.02,81.02.80
81.02,81.02.90
81.02,81.02.A0
81.02,81.02.B0
81.02,81.02.Z0
81.03,81.03.10
81.03,81.03.20
81.03,81.03.3M
81.03,81.03.3P
81.03,81.03.50
81.03,81.03.60
81.03,81.03.70
81.03,81.03.80
81.03,81.03.Z0
81.04,81.04.10
81.04,81.04.20
81.04,81.04.30
81.04,81.04.40
81.04,81.04.Z0
81.05,81.05.10
81.05,81.05.20
81.05,81.05.30
81.05,81.05.40
81.05,81.05.Z0
81.06,81.06.10
81.06,81.06.20
81.06,81.06.30
81.06,81.06.40
81.06,81.06.50
81.06,81.06.60
81.06,81.06.70
81.06,81.06.80
81.06,81.06.90
81.06,81.06.A0
81.06,81.06.B0
81.06,81.06.Z0
81.07,81.07.10
81.07,81.07.20
81.07,81.07.30
81.07,81.07.40
81.07,81.07.Z0
81.08,81.08.10
81.08,81.08.20
81.08,81.08.30
81.08,81.08.40
81.08,81.08.50
81.08,81.08.60
81.08,81.08.70
81.08,81.08.Z0
81.11,81.11.00
81.12,81.12.00
81.13,81.13.00
81.14,81.14.00
81.15,81.15.00
81.16,81.16.00
81.17,81.17.00
81.18,81.18.00
81.20,81.29.Z0
81.21,81.21.00
81.22,81.22.00
81.23,81.23.00
81.24,81.24.00
81.25,81.25.00
81.26,81.26.00
81.27,81.27.00
81.28,81.28.00
81.29,81.29.10
81.29,81.29.20
81.29,81.29.30
81.29,81.29.Z0
81.30,81.39.10
81.30,81.39.20
81.30,81.39.30
81.30,81.39.40
81.30,81.39.50
81.30,81.3Z.00
81.31,81.31.10
81.31,81.31.20
81.31,81.31.30
81.31,81.31.40
81.31,81.31.50
81.31,81.31.60
81.32,81.32.10
81.32,81.32.20
81.32,81.32.30
81.32,81.32.40
81.32,81.32.50
81.32,81.32.60
81.32,81.32.70
81.32,81.32.80
81.33,81.33.10
81.33,81.33.20
81.33,81.33.30
81.33,81.33.40
81.33,81.33.50
81.33,81.33.60
81.34,81.34.10
81.34,81.34.20
81.34,81.34.30
81.34,81.34.40
81.34,81.34.50
81.34,81.34.60
81.34,81.34.70
81.35,81.35.10
81.35,81.35.20
81.35,81.35.30
81.35,81.35.40
81.35,81.35.50
81.35,81.35.60
81.35,81.35.70
81.36,81.36.10
81.36,81.36.20
81.36,81.36.30
81.36,81.36.40
81.36,81.36.50
81.36,81.36.60
81.36,81.36.70
81.37,81.37.10
81.37,81.37.20
81.37,81.37.30
81.37,81.37.40
81.37,81.37.50
81.38,81.38.10
81.38,81.38.20
81.38,81.38.30
81.38,81.38.40
81.38,81.38.50
81.38,81.38.60
81.38,81.38.70
81.38,81.38.80
81.39,81.67.10
81.39,81.67.20
81.39,81.68.10
81.39,81.68.20
81.39,81.68.30
81.39,81.68.40
81.40,81.40.1A
81.40,81.40.1C
81.40,81.40.2A
81.40,81.40.2C
81.40,81.40.3A
81.40,81.40.3C
81.40,81.40.4A
81.40,81.40.4C
81.40,81.40.5A
81.40,81.40.5C
81.40,81.40.60
81.40,81.40.7A
81.40,81.40.7C
81.42,81.40.Z0
81.42,81.42.00
81.43,81.43.00
81.44,81.44.1A
81.44,81.44.1C
81.44,81.44.2A
81.44,81.44.2C
81.44,81.44.3A
81.44,81.44.3C
81.44,81.44.4A
81.44,81.44.4C
81.44,81.44.50
81.44,81.44.Z0
81.45,81.45.1A
81.45,81.45.2A
81.45,81.45.3A
81.45,81.45.4A
81.45,81.45.5A
81.45,81.45.6A
81.45,81.45.7A
81.45,81.45.Z0
81.46,81.46.1A
81.46,81.46.1C
81.46,81.46.Z0
81.47,81.47.1A
81.47,81.47.1C
81.47,81.47.2A
81.47,81.47.2C
81.47,81.47.3A
81.47,81.47.3C
81.47,81.47.4A
81.47,81.47.ZA
81.47,81.47.ZC
81.49,81.49.10
81.49,81.49.20
81.49,81.49.Z0
81.51,81.51.10
81.51,81.51.20
81.51,81.51.30
81.51,81.51.40
81.51,81.51.50
81.51,81.51.60
81.51,81.51.70
81.51,81.51.80
81.51,81.51.Z0
81.52,81.52.10
81.52,81.52.20
81.52,81.52.30
81.52,81.52.Z0
81.53,81.53.10
81.53,81.53.30
81.53,81.53.40
81.53,81.53.50
81.53,81.53.60
81.53,81.53.80
81.53,81.53.Z0
81.54,81.54.10
81.54,81.54.20
81.54,81.54.30
81.54,81.54.40
81.54,81.54.Z0
81.55,81.55.Z0
81.56,81.56.00
81.56,81.56.10
81.57,81.57.00
81.57,81.57.10
81.59,81.58.00
81.59,81.58.10
81.59,81.58.20
81.59,81.58.30
81.59,81.58.40
81.59,81.58.50
81.59,81.58.60
81.59,81.58.70
81.59,81.58.80
81.59,81.58.Z0
81.59,81.59.Z0
81.62,81.62.0W
81.63,81.63.0W
81.64,81.64.0W
81.65,81.65.1P
81.65,81.65.2P
81.65,81.65.Z0
81.66,81.66.10
81.66,81.66.20
81.71,81.71.00
81.72,81.72.00
81.73,81.73.10
81.73,81.73.20
81.74,81.74.00
81.75,81.75.00
81.79,81.79.10
81.79,81.79.20
81.79,81.79.30
81.79,81.79.40
81.79,81.79.50
81.79,81.79.60
81.79,81.79.70
81.79,81.79.Z1
81.79,81.79.Z2
81.80,81.80.10
81.80,81.80.20
81.80,81.80.30
81.80,81.80.3A
81.80,81.80.40
81.80,81.80.Z0
81.81,81.81.10
81.81,81.81.20
81.81,81.81.30
81.81,81.81.40
81.82,81.82.1A
81.82,81.82.1C
81.82,81.82.2A
81.82,81.82.2C
81.82,81.82.3A
81.82,81.82.3C
81.82,81.82.4A
81.82,81.82.4C
81.82,81.82.5A
81.82,81.82.5C
81.82,81.82.6A
81.82,81.82.6C
81.82,81.82.Z0
81.83,81.83.1A
81.83,81.83.1C
81.83,81.83.2A
81.83,81.83.2C
81.83,81.83.30
81.83,81.83.40
81.83,81.83.50
81.83,81.83.60
81.83,81.83.70
81.83,81.83.80
81.83,81.83.Z0
81.84,81.84.10
81.84,81.84.20
81.84,81.84.30
81.84,81.84.40
81.84,81.84.50
81.85,81.85.1A
81.85,81.85.1C
81.85,81.85.20
81.85,81.85.30
81.85,81.85.Z0
81.91,81.91.1P
81.91,81.91.2P
81.91,81.91.3P
81.91,81.91.4P
81.91,81.91.5P
81.91,81.91.6P
81.91,81.91.ZP
81.92,81.92.1P
81.92,81.92.2P
81.92,81.92.3P
81.92,81.92.4P
81.92,81.92.5P
81.92,81.92.6P
81.92,81.92.7P
81.92,81.92.Z0
81.93,81.93.00
81.94,81.94.00
81.94,81.94.1A
81.94,81.94.1C
81.95,81.95.0A
81.95,81.95.0C
81.96,81.96.Z0
81.97,81.76.10
81.97,81.97.Z0
81.98,81.98.Z0
81.99,81.90.10
81.99,81.90.20
81.99,81.90.30
81.99,81.90.40
81.99,81.9Z.00
82.01,82.01.00
82.02,82.02.00
82.03,82.03.00
82.04,82.04.00
82.09,82.09.Z0
82.11,82.11.00
82.12,82.12.0C
82.12,82.12.0P
82.19,82.1Z.00
82.21,82.21.00
82.22,82.22.00
82.29,82.29.00
82.31,82.31.00
82.32,82.32.00
82.33,82.33.00
82.34,82.34.00
82.35,82.35.10
82.35,82.35.20
82.35,82.35.30
82.35,82.35.Z0
82.36,82.36.00
82.39,82.39.Z0
82.41,82.41.00
82.42,82.42.0W
82.43,82.43.0W
82.44,82.44.10
82.44,82.44.20
82.45,82.45.10
82.45,82.45.20
82.46,82.46.00
82.51,82.51.00
82.52,82.52.00
82.53,82.53.00
82.54,82.54.00
82.55,82.55.00
82.56,82.56.10
82.56,82.56.20
82.56,82.56.30
82.57,82.57.00
82.58,82.58.00
82.59,82.5Z.00
82.61,82.61.00
82.69,82.69.00
82.69,82.69.Z0
82.71,82.71.10
82.71,82.71.20
82.71,82.71.30
82.72,82.72.00
82.79,82.79.10
82.79,82.79.20
82.79,82.79.30
82.79,82.79.40
82.79,82.79.50
82.79,82.79.60
82.79,82.79.70
82.79,82.79.80
82.79,82.79.90
82.79,82.79.A0
82.79,82.79.B0
82.79,82.79.C0
82.79,82.79.Z0
82.81,82.81.00
82.82,82.82.00
82.83,82.83.00
82.84,82.84.00
82.85,82.85.Z0
82.86,82.86.Z0
82.89,82.89.Z0
82.91,82.91.0C
82.91,82.91.Z0
82.92,82.92.0P
82.93,82.93.0P
82.94,82.94.0P
82.95,82.95.0P
82.96,82.96.0P
82.99,82.99.Z0
83.01,83.01.00
83.02,83.02.00
83.03,83.03.00
83.09,83.09.00
83.11,83.11.00
83.12,83.12.00
83.13,83.13.10
83.13,83.13.20
83.13,83.13.30
83.13,83.13.60
83.13,83.13.70
83.13,83.13.80
83.13,83.13.Z0
83.14,83.14.00
83.19,83.19.00
83.19,83.19.10
83.19,83.19.20
83.19,83.19.Z0
83.21,83.21.0C
83.21,83.21.0P
83.29,83.29.Z0
83.31,83.31.1C
83.31,83.31.2A
83.31,83.31.2C
83.31,83.31.3C
83.31,83.31.6C
83.31,83.31.7C
83.31,83.31.8C
83.31,83.31.Z0
83.32,83.32.1C
83.32,83.32.2C
83.32,83.32.2M
83.32,83.32.3C
83.32,83.32.4C
83.32,83.32.5C
83.32,83.32.6C
83.32,83.32.Z0
83.39,83.39.1A
83.39,83.39.1C
83.39,83.39.Z0
83.41,83.41.00
83.42,83.42.10
83.42,83.42.20
83.42,83.42.2A
83.42,83.42.30
83.42,83.42.60
83.42,83.42.70
83.42,83.42.80
83.42,83.42.Z0
83.43,83.43.00
83.44,83.44.Z0
83.45,83.45.Z0
83.49,83.49.10
83.49,83.49.20
83.49,83.49.Z0
83.5,83.50.10
83.5,83.50.20
83.5,83.50.2A
83.5,83.50.30
83.5,83.50.60
83.5,83.50.70
83.5,83.50.80
83.5,83.50.Z0
83.61,83.61.00
83.62,83.62.0W
83.63,83.63.1A
83.63,83.63.1C
83.63,83.63.2A
83.63,83.63.2C
83.63,83.63.3A
83.63,83.63.3C
83.63,83.63.4A
83.63,83.63.4C
83.63,83.63.5A
83.63,83.63.5C
83.63,83.63.6A
83.63,83.63.6C
83.63,83.63.7A
83.63,83.63.7C
83.63,83.63.8A
83.63,83.63.8C
83.63,83.63.9A
83.63,83.63.9C
83.63,83.63.AA
83.63,83.63.AC
83.63,83.63.BA
83.63,83.63.BC
83.63,83.63.CA
83.63,83.63.CC
83.63,83.63.Z0
83.64,83.64.10
83.64,83.64.20
83.64,83.64.30
83.64,83.64.3A
83.64,83.64.40
83.64,83.64.4A
83.64,83.64.50
83.64,83.64.60
83.64,83.64.70
83.64,83.64.80
83.64,83.64.90
83.64,83.64.A0
83.64,83.64.B0
83.64,83.64.C0
83.64,83.64.D0
83.64,83.64.Z0
83.65,83.65.10
83.65,83.65.20
83.65,83.65.Z0
83.71,83.71.00
83.72,83.72.00
83.73,83.73.10
83.73,83.73.20
83.73,83.73.30
83.73,83.73.3A
83.73,83.73.40
83.73,83.73.4A
83.73,83.73.50
83.73,83.73.60
83.73,83.73.70
83.73,83.73.80
83.73,83.73.90
83.73,83.73.A0
83.73,83.73.B0
83.73,83.73.C0
83.73,83.73.D0
83.73,83.73.Z0
83.74,83.74.00
83.75,83.75.10
83.75,83.75.20
83.75,83.75.30
83.75,83.75.40
83.75,83.75.4A
83.75,83.75.50
83.75,83.75.5A
83.75,83.75.60
83.75,83.75.6A
83.75,83.75.70
83.75,83.75.80
83.75,83.75.90
83.75,83.75.A0
83.75,83.75.B0
83.75,83.75.C0
83.75,83.75.D0
83.75,83.75.E0
83.75,83.75.F0
83.75,83.75.G0
83.75,83.75.H0
83.75,83.75.I0
83.76,83.75.Z0
83.77,83.77.00
83.79,83.79.00
83.81,83.81.Z0
83.82,83.82.Z0
83.83,83.83.10
83.83,83.83.20
83.83,83.83.30
83.84,83.84.Z0
83.85,83.85.Z0
83.86,83.86.00
83.87,83.87.10
83.87,83.87.20
83.87,83.87.30
83.87,83.87.40
83.87,83.87.Z0
83.88,83.88.Z0
83.89,83.89.Z0
83.91,83.91.10
83.91,83.91.20
83.91,83.91.2A
83.91,83.91.30
83.91,83.91.3A
83.91,83.91.60
83.91,83.91.70
83.91,83.91.80
83.91,83.91.Z0
83.92,83.92.10
83.92,83.92.20
83.93,83.93.10
83.93,83.93.20
83.94,83.94.0P
83.95,83.95.0P
83.96,83.96.0P
83.97,83.97.0P
83.98,83.98.0P
83.99,83.99.Z0
84.00,84.0Z.00
84.01,84.01.0C
84.02,84.02.1C
84.03,84.03.0C
84.04,84.04.0C
84.05,84.05.0C
84.06,84.06.0C
84.07,84.07.0C
84.08,84.08.0C
84.09,84.09.0C
84.10,84.1Z.00
84.11,84.11.1C
84.12,84.12.0C
84.13,84.13.0C
84.14,84.14.0C
84.15,84.15.0C
84.16,84.16.0C
84.17,84.17.0C
84.18,84.18.0C
84.19,84.19.1C
84.21,84.21.00
84.22,84.22.00
84.23,84.23.00
84.24,84.24.00
84.25,84.25.00
84.26,84.26.00
84.27,84.27.00
84.28,84.28.00
84.29,84.29.Z0
84.3,84.30.10
84.3,84.30.20
84.3,84.30.30
84.3,84.30.40
84.3,84.3Z.00
84.40,84.4Z.00
84.41,84.41.00
84.42,84.42.00
84.43,84.43.00
84.44,84.44.00
84.45,84.45.00
84.46,84.46.00
84.47,84.47.00
84.48,84.48.00
84.51,84.51.0W
84.52,84.52.10
84.53,84.53.00
84.54,84.54.00
84.55,84.55.00
84.56,84.56.10
84.56,84.56.20
84.56,84.56.50
84.56,84.56.Z0
84.57,84.57.10
84.57,84.57.Z0
84.58,84.58.00
84.59,84.59.Z0
84.60,84.6Z.00
84.61,84.61.00
84.62,84.62.00
84.63,84.63.00
84.64,84.64.00
84.65,84.65.00
84.66,84.66.10
84.66,84.66.20
84.67,84.67.10
84.67,84.67.20
84.68,84.68.10
84.68,84.68.20
84.69,84.6Z.10
84.71,84.71.1W
84.71,84.71.2W
84.71,84.71.3W
84.71,84.71.4W
84.71,84.74.ZW
84.71,84.75.0W
84.72,84.72.0W
84.72,84.72.1W
84.73,84.73.0W
84.73,84.73.1W
84.91,84.91.Z0
84.92,84.92.00
84.93,84.93.00
84.99,84.9Z.00
85.0,85.00.00
85.11,85.11.1P
85.11,85.11.2P
85.11,85.11.3P
85.11,85.11.4P
85.11,85.11.5P
85.11,85.11.6P
85.11,85.11.7P
85.11,85.11.8P
85.12,85.12.1C
85.19,85.12.2C
85.19,85.19.Z0
85.20,85.20.00
85.20,85.20.1P
85.20,85.20.Z0
85.21,85.21.10
85.21,85.21.30
85.21,85.21.40
85.22,85.22.1C
85.22,85.22.2C
85.22,85.22.3C
85.23,85.23.1C
85.23,85.23.2C
85.23,85.23.3C
85.24,85.24.0C
85.25,85.25.00
85.31,85.31.00
85.31,85.31.10
85.32,85.32.00
85.32,85.32.10
85.33,85.33.10
85.33,85.33.20
85.34,85.34.10
85.34,85.34.20
85.34,85.34.30
85.34,85.34.40
85.35,85.35.10
85.35,85.35.20
85.36,85.36.10
85.36,85.36.20
85.36,85.36.30
85.36,85.36.40
85.41,85.41.1C
85.41,85.41.2C
85.41,85.4Z.00
85.42,85.42.1C
85.42,85.42.2C
85.43,85.43.1C
85.43,85.43.2C
85.44,85.44.1C
85.44,85.44.2C
85.45,85.45.1C
85.45,85.45.2C
85.46,85.46.1C
85.46,85.46.2C
85.47,85.47.1C
85.48,85.48.1C
85.50,85.8Z.00
85.51,85.51.00
85.52,85.52.00
85.53,85.53.10
85.53,85.53.20
85.53,85.53.30
85.53,85.53.40
85.53,85.53.50
85.53,85.53.Z0
85.53,85.54.40
85.53,85.54.50
85.54,85.54.10
85.54,85.54.20
85.54,85.54.30
85.54,85.54.Z0
85.6,85.61.00
85.6,85.62.00
85.7,85.71.10
85.7,85.71.20
85.7,85.71.30
85.7,85.72.10
85.7,85.72.20
85.7,85.72.30
85.7,85.73.10
85.7,85.73.20
85.7,85.73.30
85.7,85.73.40
85.7,85.73.50
85.7,85.73.60
85.7,85.74.10
85.7,85.74.20
85.7,85.74.30
85.7,85.74.40
85.7,85.74.50
85.7,85.74.60
85.7,85.75.10
85.7,85.75.20
85.7,85.75.30
85.7,85.75.40
85.7,85.76.10
85.7,85.76.20
85.7,85.76.30
85.7,85.76.40
85.7,85.7Z.00
85.7,85.7Z.10
85.7,85.7Z.20
85.81,85.81.00
85.81,85.81.10
85.82,85.82.00
85.82,85.82.10
85.83,85.83.00
85.83,85.83.20
85.84,85.7Z.10
85.85,85.7Z.00
85.86,85.86.10
85.86,85.86.Z0
85.87,85.87.10
85.87,85.87.20
85.87,85.87.Z0
85.89,85.8Z.00
85.91,85.91.1P
85.91,85.91.Z0
85.92,85.92.0P
85.93,85.93.00
85.94,85.94.10
85.94,85.94.20
85.95,85.95.00
85.96,85.96.00
85.99,85.99.10
85.99,85.99.20
85.99,85.99.Z0
86.01,86.01.1P
86.02,86.02.10
86.02,86.02.20
86.02,86.02.30
86.02,86.02.Z0
86.03,86.03.00
86.04,86.04.10
86.04,86.04.20
86.04,86.04.30
86.04,86.04.40
86.04,86.04.50
86.04,86.04.Z0
86.05,86.05.10
86.05,86.05.20
86.05,86.05.30
86.05,86.05.40
86.05,86.05.50
86.05,86.05.60
86.06,86.06.00
86.06,86.06.10
86.06,86.06.20
86.07,86.07.00
86.09,86.09.10
86.09,86.09.20
86.09,86.09.30
86.09,86.09.40
86.09,86.09.50
86.09,86.09.Z0
86.11,86.11.1P
86.11,86.11.20
86.19,86.19.Z0
86.21,86.21.0C
86.21,86.21.0M
86.21,86.21.Z0
86.22,86.22.10
86.22,86.22.20
86.22,86.22.30
86.22,86.22.40
86.22,86.22.Z0
86.23,86.23.00
86.23,86.23.10
86.24,86.24.00
86.24,86.24.10
86.25,86.25.10
86.25,86.25.20
86.26,86.26.00
86.27,86.27.00
86.28,86.28.00
86.3,86.31.10
86.3,86.31.20
86.3,86.32.10
86.3,86.32.20
86.3,86.32.30
86.3,86.32.Z0
86.3,86.33.00
86.3,86.3Z.00
86.4,86.41.00
86.4,86.42.10
86.4,86.42.20
86.4,86.42.30
86.4,86.42.Z0
86.51,86.51.00
86.59,86.59.10
86.59,86.59.Z0
86.60,86.60.10
86.60,86.63.10
86.61,86.61.10
86.61,86.61.20
86.61,86.61.Z0
86.62,86.62.00
86.63,86.63.Z0
86.64,86.64.00
86.65,86.65.00
86.66,86.66.10
86.66,86.66.20
86.67,85.97.10
86.67,85.97.20
86.67,85.97.30
86.67,85.97.40
86.67,86.67.20
86.67,86.67.30
86.67,86.67.40
86.67,86.67.50
86.67,86.67.60
86.67,86.67.70
86.67,86.67.Z0
86.67,86.68.10
86.67,86.68.20
86.67,86.69.30
86.69,86.69.10
86.69,86.69.20
86.69,86.69.Z1
86.69,86.69.Z2
86.69,86.69.Z3
86.70,86.76.00
86.70,86.77.10
86.70,86.77.20
86.70,86.77.30
86.70,86.77.40
86.70,86.77.Z0
86.71,86.71.10
86.71,86.71.20
86.71,86.71.Z0
86.72,86.72.10
86.72,86.72.20
86.72,86.72.30
86.72,86.72.40
86.72,86.72.50
86.72,86.72.60
86.72,86.72.70
86.72,86.72.80
86.72,86.72.90
86.72,86.72.A0
86.72,86.72.B0
86.72,86.72.C0
86.72,86.72.D0
86.72,86.72.Z0
86.73,86.73.10
86.73,86.73.20
86.74,86.72.Z0
86.75,86.75.10
86.75,86.75.20
86.75,86.75.30
86.75,86.75.40
86.81,86.81.00
86.82,86.82.00
86.83,86.83.10
86.83,86.83.20
86.83,86.83.30
86.83,86.83.40
86.83,86.83.Z0
86.84,86.84.00
86.85,86.85.10
86.85,86.85.20
86.85,86.85.30
86.85,86.85.Z0
86.86,86.86.00
86.89,86.87.00
86.89,86.88.10
86.89,86.88.20
86.89,86.89.10
86.89,86.89.20
86.89,86.89.30
86.89,86.89.40
86.89,86.89.Z0
86.91,86.91.10
86.91,86.91.20
86.91,86.91.30
86.92,86.92.00
86.93,86.93.00
86.94,86.G1.10
86.94,86.G1.20
86.94,86.G1.30
86.94,86.G1.40
86.94,86.G1.50
86.94,86.G1.60
86.95,86.G2.10
86.95,86.G2.20
86.95,86.G2.30
86.95,86.G2.40
86.95,86.G2.50
86.95,86.G2.60
86.96,86.G5.10
86.96,86.G5.20
86.96,86.G5.30
86.96,86.G5.40
86.96,86.G6.10
86.96,86.G6.20
86.96,86.G6.30
86.96,86.G6.40
86.96,86.G9.Z0
86.96,86.G9.Z1
86.97,86.G3.10
86.97,86.G3.20
86.97,86.G3.30
86.97,86.G3.40
86.97,86.G3.50
86.97,86.G3.60
86.98,86.G4.10
86.98,86.G4.20
86.98,86.G4.30
86.98,86.G4.40
86.98,86.G4.50
86.98,86.G4.60
86.99,86.99.Z0
87.01,87.01.00
87.02,87.02.00
87.03,87.03.00
87.03,87.03.10
87.03,87.03.20
87.03,87.03.30
87.03,87.03.50
87.03,87.03.60
87.03,87.03.70
87.03,87.03.80
87.03,87.03.90
87.03,87.03.A0
87.03,87.03.B0
87.03,87.03.C0
87.03,87.03.D0
87.03,87.03.E0
87.03,87.03.F0
87.03,87.03.Z0
87.04,87.03.Z0
87.05,87.05.00
87.06,87.06.00
87.06,87.06.10
87.07,87.07.00
87.08,87.08.00
87.09,87.09.10
87.09,87.09.20
87.11,87.11.20
87.11,87.11.30
87.12,87.12.10
87.12,87.12.20
87.13,87.13.00
87.14,87.14.00
87.15,87.15.00
87.16,87.16.30
87.16,87.16.40
87.16,87.16.60
87.16,87.16.70
87.17,87.17.30
87.17,87.17.40
87.21,87.21.00
87.22,87.22.00
87.23,87.23.00
87.23,87.23.60
87.24,87.24.00
87.24,87.24.60
87.24,87.24.70
87.29,87.29.00
87.31,87.31.00
87.32,87.32.00
87.33,87.33.00
87.34,87.34.00
87.35,87.35.00
87.36,87.36.00
87.37,87.37.10
87.37,87.37.20
87.38,87.38.00
87.39,87.3Z.00
87.41,87.41.00
87.41,87.41.10
87.42,87.42.40
87.42,87.42.50
87.42,87.42.60
87.43,87.43.10
87.43,87.43.30
87.43,87.43.40
87.43,87.43.50
87.44,87.44.10
87.49,87.4Z.00
87.51,87.51.00
87.52,87.52.00
87.53,87.53.00
87.54,87.54.10
87.59,87.5Z.00
87.61,87.61.00
87.62,87.62.00
87.62,87.62.10
87.62,87.62.20
87.62,87.62.30
87.63,87.63.00
87.64,87.64.10
87.65,87.65.10
87.65,87.65.20
87.65,87.65.30
87.66,87.66.00
87.69,87.69.20
87.69,87.69.30
87.69,87.69.40
87.71,87.71.00
87.72,87.72.00
87.73,87.73.00
87.74,87.74.10
87.74,87.74.20
87.75,87.75.10
87.76,87.76.00
87.76,87.76.10
87.77,87.77.00
87.78,87.78.00
87.79,87.79.10
87.79,87.79.20
87.81,87.81.00
87.82,87.82.00
87.83,87.83.00
87.83,87.83.10
87.83,87.83.20
87.84,87.84.00
87.85,87.85.00
87.89,87.89.00
87.91,87.91.00
87.92,87.92.00
87.93,87.93.00
87.94,87.94.00
87.95,87.95.00
87.99,87.99.00
88.01,88.01.10
88.01,88.01.20
88.01,88.01.30
88.01,88.01.40
88.01,88.01.50
88.01,88.01.60
88.01,88.01.70
88.01,88.01.80
88.01,88.01.90
88.02,88.02.10
88.03,88.03.20
88.04,88.04.00
88.09,88.09.00
88.11,88.11.00
88.12,88.12.00
88.13,88.13.00
88.14,88.14.00
88.15,88.15.00
88.16,88.16.00
88.19,88.19.00
88.21,88.21.10
88.21,88.21.20
88.21,88.21.30
88.22,88.22.10
88.22,88.22.20
88.23,88.23.10
88.23,88.23.20
88.24,88.24.00
88.25,88.25.00
88.26,88.26.10
88.26,88.26.20
88.27,88.27.10
88.27,88.27.20
88.27,88.27.30
88.28,88.28.10
88.28,88.28.20
88.29,88.29.10
88.29,88.29.30
88.31,88.31.00
88.31,88.31.10
88.32,88.32.00
88.33,88.33.10
88.34,88.34.00
88.35,88.35.00
88.36,88.36.00
88.37,88.37.00
88.38,88.38.50
88.38,88.38.80
88.38,88.38.90
88.38,88.38.A0
88.38,88.38.B0
88.38,88.38.C0
88.38,88.38.D0
88.38,88.38.E0
88.38,88.38.F0
88.38,88.38.G0
88.38,88.38.H0
88.38,88.38.J0
88.38,88.38.K0
88.38,88.38.L0
88.38,88.38.M0
88.38,88.38.N0
88.38,88.38.P0
88.38,88.38.Q0
88.38,88.38.R0
88.38,88.38.S0
88.38,88.38.T0
88.38,88.38.U0
88.38,88.38.V0
88.38,88.38.W0
88.38,88.38.X0
88.38,88.38.Y0
88.38,88.38.Z0
88.39,88.39.10
88.39,88.39.20
88.39,88.39.30
88.39,88.39.40
88.39,88.39.50
88.39,88.39.60
88.39,88.39.70
88.39,88.39.80
88.39,88.39.90
88.39,88.39.A0
88.39,88.39.B0
88.39,88.39.C0
88.39,88.39.D0
88.39,88.39.E0
88.39,88.39.F0
88.39,88.39.G0
88.39,88.39.H0
88.40,88.41.4B
88.40,88.41.5B
88.40,88.41.6B
88.40,88.43.20
88.40,88.45.3B
88.40,88.46.00
88.40,88.47.4B
88.40,88.47.5B
88.40,88.48.10
88.40,88.49.10
88.41,88.41.10
88.41,88.41.20
88.41,88.41.30
88.41,88.41.4B
88.41,88.41.5B
88.41,88.41.6B
88.42,88.42.10
88.42,88.42.20
88.43,88.43.10
88.43,88.43.20
88.44,88.44.10
88.45,88.45.10
88.45,88.45.20
88.45,88.45.3B
88.46,88.46.00
88.47,88.47.10
88.47,88.47.20
88.47,88.47.30
88.47,88.47.4B
88.47,88.47.5B
88.48,88.48.10
88.48,88.48.20
88.49,88.49.10
88.49,88.49.20
88.50,88.5Z.00
88.51,88.51.00
88.52,88.52.0B
88.53,88.53.0B
88.54,88.54.0B
88.55,38.29.2B
88.55,88.55.0B
88.55,88.55.1B
88.56,88.56.0B
88.57,88.57.Z0
88.58,88.58.00
88.60,88.61.00
88.60,88.62.00
88.60,88.63.20
88.60,88.64.00
88.60,88.65.20
88.60,88.65.40
88.60,88.66.10
88.60,88.66.20
88.60,88.68.00
88.61,88.61.00
88.62,88.62.00
88.63,88.63.10
88.63,88.63.20
88.64,88.64.00
88.65,88.65.10
88.65,88.65.20
88.65,88.65.40
88.66,88.66.10
88.66,88.66.20
88.67,88.61.00
88.67,88.62.00
88.67,88.63.20
88.67,88.64.00
88.67,88.65.20
88.67,88.65.40
88.67,88.66.10
88.67,88.66.20
88.67,88.68.00
88.68,88.68.00
88.71,88.71.10
88.71,88.71.20
88.71,88.71.30
88.71,88.71.40
88.71,88.71.50
88.71,88.71.60
88.71,88.71.70
88.72,88.72.20
88.72,88.72.30
88.72,88.72.40
88.72,88.72.50
88.72,88.72.60
88.72,88.72.70
88.72,88.72.80
88.73,88.73.10
88.73,88.73.20
88.73,88.73.30
88.73,88.73.50
88.73,88.73.60
88.73,88.73.70
88.73,88.73.80
88.73,88.73.90
88.73,88.73.A0
88.74,88.74.10
88.74,88.74.60
88.74,88.74.70
88.74,88.74.80
88.74,88.74.A0
88.75,88.75.10
88.76,88.76.10
88.76,88.76.30
88.76,88.76.40
88.76,88.76.50
88.76,88.76.60
88.76,88.76.90
88.76,88.76.A0
88.76,88.76.B0
88.76,88.76.C0
88.77,88.77.00
88.77,88.77.40
88.77,88.77.50
88.77,88.77.60
88.77,88.77.70
88.78,88.78.10
88.78,88.78.20
88.78,88.78.30
88.78,88.78.40
88.78,88.78.50
88.78,88.78.60
88.79,88.79.10
88.79,88.79.20
88.79,88.79.30
88.79,88.79.50
88.79,88.79.60
88.79,88.79.80
88.79,88.79.90
88.79,88.79.A0
88.79,88.79.B0
88.79,88.79.D0
88.79,88.79.E0
88.79,88.79.F0
88.79,88.79.H0
88.79,88.79.HW
88.79,88.79.K0
88.79,88.79.L0
88.81,88.81.00
88.82,88.82.00
88.83,88.83.00
88.84,88.84.00
88.85,88.85.00
88.86,88.86.00
88.89,88.8Z.00
88.90,NA
88.91,88.91.10
88.91,88.91.20
88.91,88.91.50
88.91,88.91.60
88.91,88.91.70
88.91,88.91.80
88.91,88.91.A0
88.91,88.91.B0
88.91,88.91.C0
88.91,88.91.D0
88.91,88.91.E0
88.91,88.91.F0
88.91,88.91.G0
88.91,88.91.H0
88.91,88.91.J0
88.91,88.91.K0
88.91,88.91.L0
88.91,88.91.M0
88.91,88.91.N0
88.91,88.91.P0
88.91,88.91.R0
88.91,88.91.T0
88.91,88.91.U0
88.92,88.92.00
88.92,88.92.10
88.92,88.92.20
88.92,88.92.30
88.92,88.92.40
88.92,88.92.50
88.92,88.92.90
88.92,88.92.A0
88.92,88.92.B0
88.93,88.93.20
88.93,88.93.30
88.93,88.93.40
88.93,88.93.50
88.93,88.93.60
88.93,88.93.70
88.93,88.93.80
88.93,88.93.90
88.93,88.93.A0
88.93,88.93.B0
88.93,88.93.C0
88.94,88.94.00
88.94,88.94.40
88.94,88.94.50
88.94,88.94.60
88.94,88.94.70
88.94,88.94.80
88.94,88.94.90
88.94,88.94.A0
88.94,88.94.B0
88.94,88.94.C0
88.94,88.94.D0
88.94,88.94.E0
88.94,88.94.F0
88.94,88.94.G0
88.94,88.94.H0
88.94,88.94.J0
88.94,88.94.K0
88.94,88.94.L0
88.94,88.94.M0
88.94,88.94.N0
88.94,88.94.P0
88.94,88.94.Q0
88.94,88.94.R0
88.94,88.94.S0
88.94,88.94.T0
88.94,88.94.U0
88.94,88.94.V0
88.94,88.94.X0
88.94,88.94.X1
88.94,88.94.Y0
88.94,88.94.Y1
88.94,88.94.Z0
88.95,88.95.10
88.95,88.95.20
88.95,88.95.30
88.95,88.95.40
88.95,88.95.50
88.95,88.95.60
88.95,88.95.70
88.95,88.95.80
88.95,88.95.90
88.95,88.95.A0
88.95,88.95.B0
88.95,88.95.C0
88.95,88.95.D0
88.95,88.95.E0
88.95,88.95.F0
88.96,88.96.00
88.97,88.97.20
88.97,88.97.40
88.97,88.97.60
88.97,88.97.80
88.97,88.97.90
88.97,88.97.A0
88.97,88.97.B0
88.97,88.97.C0
88.98,88.98.30
88.98,88.98.40
88.98,88.98.50
88.98,88.98.60
88.98,88.98.70
88.98,88.98.80
89.01,89.01.0V
89.01,89.01.1V
89.01,89.01.2V
89.01,89.01.3V
89.01,89.01.4V
89.01,89.01.5V
89.01,89.01.6V
89.01,89.01.7V
89.01,89.01.8V
89.01,89.01.9V
89.01,89.01.AV
89.01,89.01.BV
89.01,89.01.CV
89.01,89.01.DV
89.01,89.01.EV
89.01,89.01.FV
89.01,89.01.GV
89.01,89.01.HV
89.01,89.01.LV
89.01,89.01.MV
89.01,89.01.NV
89.01,89.01.PV
89.01,89.01.QV
89.01,89.01.RV
89.01,89.01.SV
89.01,89.01.TV
89.01,89.01.WV
89.01,89.01.YV
89.02,89.02.ZV
89.03,89.03.00
89.04,89.04.00
89.05,89.05.00
89.06,89.06.0V
89.06,89.06.1V
89.06,89.06.2V
89.06,89.06.3V
89.06,89.06.4V
89.06,89.06.5V
89.06,89.06.6V
89.06,89.06.7V
89.06,89.06.8V
89.06,89.06.9V
89.06,89.06.AV
89.06,89.06.BV
89.06,89.06.CV
89.06,89.06.DV
89.06,89.06.EV
89.06,89.06.FV
89.06,89.06.GV
89.06,89.06.HV
89.06,89.06.IV
89.06,89.06.KV
89.06,89.06.LV
89.06,89.06.MV
89.06,89.06.NV
89.06,89.06.PV
89.06,89.06.QV
89.06,89.06.RV
89.06,89.06.SV
89.06,89.06.TV
89.06,89.06.WV
89.06,89.06.YV
89.06,89.06.Z0
89.07,89.07.0V
89.07,89.07.AV
89.07,89.08.0V
89.07,89.08.1V
89.07,89.08.2V
89.07,89.08.3V
89.07,89.08.4V
89.07,89.08.ZV
89.08,89.0Z.00
89.09,89.0Z.00
89.10,89.10.00
89.11,89.11.00
89.12,89.12.00
89.12,89.12.10
89.13,89.7A.EV
89.14,89.14.00
89.14,89.14.10
89.14,89.14.20
89.14,89.14.30
89.14,89.14.50
89.15,89.15.10
89.15,89.15.20
89.15,89.15.30
89.15,89.15.40
89.15,89.15.50
89.15,89.15.70
89.15,89.15.A0
89.15,89.15.B0
89.15,89.1A.00
89.15,89.1B.00
89.16,89.16.00
89.17,89.17.00
89.17,89.17.30
89.18,89.18.00
89.19,89.19.10
89.19,89.19.20
89.21,89.21.00
89.22,89.22.00
89.23,89.23.00
89.24,89.24.00
89.25,89.25.00
89.26,89.26.1V
89.26,89.26.2V
89.26,89.26.3V
89.26,89.26.4V
89.26,89.26.50
89.29,89.2Z.00
89.31,89.31.00
89.32,89.32.00
89.32,89.32.10
89.33,89.33.00
89.34,89.34.00
89.35,89.35.00
89.36,89.36.00
89.37,89.37.10
89.37,89.37.20
89.37,89.37.30
89.37,89.37.40
89.37,89.37.50
89.37,89.37.60
89.38,89.38.10
89.38,89.38.20
89.38,89.38.30
89.38,89.38.40
89.38,89.38.50
89.38,89.38.60
89.38,89.38.70
89.38,89.38.80
89.38,89.38.90
89.39,89.39.30
89.39,89.39.40
89.39,89.39.50
89.39,89.39.60
89.39,89.39.Z0
89.39,G1.01.0L
89.39,G1.01.DL
89.39,G1.01.ML
89.39,G1.01.TL
89.39,G1.02.0L
89.39,G1.03.0L
89.39,G1.04.0L
89.39,G1.05.0L
89.39,G1.06.0L
89.39,G1.07.0L
89.39,G1.08.0L
89.39,G1.09.0L
89.39,G1.10.0L
89.39,G1.11.0L
89.39,G1.12.0L
89.39,G1.13.0L
89.39,G1.14.0L
89.39,G1.15.0L
89.39,G1.16.0L
89.39,G1.17.0L
89.39,G1.18.0L
89.39,G1.19.0L
89.39,G1.20.0L
89.39,G1.21.0L
89.39,G1.22.0L
89.39,G1.23.0L
89.39,G1.24.0L
89.39,G1.25.0L
89.39,G1.26.0L
89.39,G1.27.0L
89.39,G1.28.0L
89.39,G1.29.0L
89.39,G1.30.0L
89.39,G1.31.0L
89.39,G1.32.0L
89.39,G1.33.0L
89.39,G1.34.0L
89.39,G1.35.0L
89.39,G1.36.0L
89.39,G1.37.0L
89.39,G1.38.0L
89.39,G1.39.0L
89.39,G1.40.0L
89.39,G1.41.0L
89.39,G1.42.0L
89.39,G1.43.0L
89.39,G1.44.0L
89.39,G1.45.0L
89.39,G1.46.0L
89.39,G1.47.0L
89.39,G1.91.0L
89.39,G1.92.0L
89.39,G1.93.0L
89.39,G1.94.0L
89.39,G2.01.0L
89.39,G2.02.0L
89.39,G2.03.0L
89.39,G2.04.0L
89.39,G2.05.0L
89.39,G2.06.0L
89.39,G2.07.0L
89.39,G2.08.0L
89.39,G2.09.0L
89.39,G2.10.0L
89.39,G3.01.0L
89.39,G3.02.0L
89.39,G3.03.0L
89.39,G9.01.0V
89.41,89.41.00
89.42,89.42.00
89.43,89.43.00
89.44,89.44.00
89.44,89.44.10
89.44,89.44.2R
89.45,89.45.00
89.46,89.46.00
89.47,89.47.00
89.48,89.48.10
89.48,89.48.20
89.49,89.49.00
89.50,89.50.00
89.51,89.51.00
89.52,89.52.00
89.52,89.52.10
89.52,89.52.20
89.52,89.52.30
89.53,89.53.00
89.54,89.54.00
89.55,89.55.00
89.56,89.56.00
89.57,89.57.00
89.58,89.58.10
89.58,89.58.90
89.59,89.59.10
89.59,89.59.20
89.60,89.60.00
89.61,89.61.10
89.61,89.61.20
89.62,38.29.3B
89.62,38.29.3N
89.62,89.62.00
89.63,89.63.00
89.64,89.64.00
89.65,89.65.1L
89.65,89.65.2L
89.65,89.65.3L
89.65,89.65.40
89.65,89.65.50
89.65,89.65.7L
89.65,89.65.80
89.66,89.66.0L
89.67,89.67.00
89.68,89.68.00
89.69,89.69.00
89.7,89.7A.1V
89.7,89.7A.2V
89.7,89.7A.3V
89.7,89.7A.4V
89.7,89.7A.5V
89.7,89.7A.6V
89.7,89.7A.7V
89.7,89.7A.8V
89.7,89.7A.9V
89.7,89.7A.AV
89.7,89.7A.BV
89.7,89.7A.CV
89.7,89.7A.DV
89.7,89.7A.FV
89.7,89.7A.GV
89.7,89.7B.1V
89.7,89.7B.2V
89.7,89.7B.3V
89.7,89.7B.4V
89.7,89.7B.5V
89.7,89.7B.6V
89.7,89.7B.7V
89.7,89.7B.8V
89.7,89.7B.9V
89.7,89.7B.AV
89.7,89.7B.BV
89.7,89.7B.CV
89.7,89.7B.DV
89.7,89.7C.1V
89.7,89.7C.2V
89.7,89.7C.3V
89.7,89.7C.4V
89.7,89.7D.Z0
89.7,89.7Z.0V
89.8,89.80.00
90.01,M0.00.01
90.02,M0.00.02
90.03,M0.00.03
90.04,M0.00.04
90.05,M0.00.05
90.06,M0.00.06
90.09,M0.00.09
90.11,M0.01.01
90.12,M0.01.02
90.13,M0.01.03
90.14,M0.01.04
90.15,M0.01.05
90.16,M0.01.06
90.19,M0.01.09
90.21,M0.02.01
90.22,M0.02.02
90.23,M0.02.03
90.24,M0.02.04
90.25,M0.02.05
90.26,M0.02.06
90.29,M0.02.09
90.31,M0.03.01
90.32,M0.03.02
90.33,M0.03.03
90.34,M0.03.04
90.35,M0.03.05
90.36,M0.03.06
90.39,M0.03.09
90.41,M0.04.01
90.42,M0.04.02
90.43,M0.04.03
90.44,M0.04.04
90.45,M0.04.05
90.46,M0.04.06
90.49,M0.04.09
90.51,M0.05.01
90.52,M0.05.02
90.53,M0.05.03
90.54,M0.05.04
90.55,M0.05.05
90.56,M0.05.06
90.59,90.01.2L
90.59,90.01.5L
90.59,90.01.60
90.59,90.02.1L
90.59,90.02.2L
90.59,90.02.3L
90.59,90.02.5L
90.59,90.03.2L
90.59,90.03.6L
90.59,90.03.7L
90.59,90.03.8L
90.59,90.03.9L
90.59,90.03.AL
90.59,90.03.BL
90.59,90.03.CL
90.59,90.03.DL
90.59,90.03.EL
90.59,90.04.1L
90.59,90.04.4L
90.59,90.04.5L
90.59,90.05.1L
90.59,90.05.2L
90.59,90.05.3L
90.59,90.05.4L
90.59,90.05.5L
90.59,90.06.1L
90.59,90.06.2L
90.59,90.06.3L
90.59,90.06.4L
90.59,90.06.5L
90.59,90.07.1L
90.59,90.07.2L
90.59,90.07.3L
90.59,90.07.5L
90.59,90.08.1L
90.59,90.08.2L
90.59,90.08.4L
90.59,90.08.5L
90.59,90.09.1L
90.59,90.09.2L
90.59,90.10.1L
90.59,90.10.2L
90.59,90.10.5L
90.59,90.10.6L
90.59,90.10.7L
90.59,90.11.1L
90.59,90.11.2L
90.59,90.11.4L
90.59,90.11.5L
90.59,90.11.6L
90.59,90.11.7L
90.59,90.12.1L
90.59,90.12.5L
90.59,90.12.AL
90.59,90.13.1L
90.59,90.13.3L
90.59,90.13.5L
90.59,90.13.AL
90.59,90.13.BL
90.59,90.13.CL
90.59,90.14.1L
90.59,90.14.3L
90.59,90.15.2L
90.59,90.15.3L
90.59,90.15.4L
90.59,90.16.3L
90.59,90.16.4L
90.59,90.16.5L
90.59,90.16.6L
90.59,90.16.8L
90.59,90.16.9L
90.59,90.17.2L
90.59,90.17.3L
90.59,90.17.5L
90.59,90.17.6L
90.59,90.17.8L
90.59,90.17.BL
90.59,90.17.CL
90.59,90.17.DL
90.59,90.17.EL
90.59,90.17.FL
90.59,90.17.GL
90.59,90.18.4L
90.59,90.18.5L
90.59,90.19.2L
90.59,90.20.1L
90.59,90.21.2L
90.59,90.21.4L
90.59,90.22.3L
90.59,90.22.5L
90.59,90.23.2L
90.59,90.23.3L
90.59,90.23.4L
90.59,90.23.5L
90.59,90.24.1L
90.59,90.24.3L
90.59,90.25.5L
90.59,90.25.6L
90.59,90.25.7L
90.59,90.25.8L
90.59,90.26.1L
90.59,90.26.3L
90.59,90.26.5L
90.59,90.27.1L
90.59,90.27.2L
90.59,90.27.3L
90.59,90.27.4L
90.59,90.27.5L
90.59,90.27.6L
90.59,90.28.1L
90.59,90.28.4L
90.59,90.28.5L
90.59,90.28.7L
90.59,90.28.CL
90.59,90.29.1L
90.59,90.29.2L
90.59,90.30.2L
90.59,90.30.3L
90.59,90.30.4L
90.59,90.30.5L
90.59,90.31.1L
90.59,90.31.2L
90.59,90.31.3L
90.59,90.31.6L
90.59,90.31.7L
90.59,90.31.8L
90.59,90.31.9L
90.59,90.32.1L
90.59,90.32.2L
90.59,90.32.4L
90.59,90.32.5L
90.59,90.32.6L
90.59,90.33.4L
90.59,90.33.5L
90.59,90.33.6L
90.59,90.33.AL
90.59,90.34.2L
90.59,90.34.4L
90.59,90.34.6L
90.59,90.34.7L
90.59,90.34.8L
90.59,90.34.AL
90.59,90.35.1L
90.59,90.35.2L
90.59,90.35.3L
90.59,90.35.4L
90.59,90.35.5L
90.59,90.35.6L
90.59,90.36.3L
90.59,90.36.4L
90.59,90.36.5L
90.59,90.36.6L
90.59,90.37.1L
90.59,90.37.2L
90.59,90.37.3L
90.59,90.37.4L
90.59,90.37.6L
90.59,90.37.7L
90.59,90.37.8L
90.59,90.38.1L
90.59,90.38.2L
90.59,90.38.4L
90.59,90.38.5L
90.59,90.38.8L
90.59,90.38.GL
90.59,90.38.ML
90.59,90.38.NL
90.59,90.39.1L
90.59,90.39.2L
90.59,90.39.3L
90.59,90.39.4L
90.59,90.39.6L
90.59,90.39.7L
90.59,90.40.2L
90.59,90.40.3L
90.59,90.40.4L
90.59,90.40.6L
90.59,90.40.7L
90.59,90.40.8L
90.59,90.40.9L
90.59,90.40.AL
90.59,90.40.BL
90.59,90.40.CL
90.59,90.40.DL
90.59,90.40.FL
90.59,90.40.GL
90.59,90.41.3L
90.59,90.41.4L
90.59,90.41.5L
90.59,90.41.6L
90.59,90.41.8L
90.59,90.42.1L
90.59,90.42.3L
90.59,90.42.4L
90.59,90.42.5L
90.59,90.42.6L
90.59,90.42.BL
90.59,90.43.2L
90.59,90.43.3L
90.59,90.43.4L
90.59,90.43.5L
90.59,90.43.7L
90.59,90.43.8L
90.59,90.44.1L
90.59,90.44.3L
90.59,90.44.5L
90.59,90.44.6L
90.59,90.45.1L
90.59,90.45.2L
90.59,90.45.4L
90.59,90.46.3L
90.59,90.46.4L
90.59,90.46.5L
90.59,90.47.1L
90.59,90.47.2L
90.59,90.47.3L
90.59,90.47.5L
90.59,90.47.7L
90.59,90.47.8L
90.59,90.47.9L
90.59,90.47.AL
90.59,90.47.BL
90.59,90.47.CL
90.59,90.47.DL
90.59,90.47.EL
90.59,90.47.FL
90.59,90.47.GL
90.59,90.48.1L
90.59,90.48.2L
90.59,90.48.3L
90.59,90.48.4L
90.59,90.48.5L
90.59,90.48.9L
90.59,90.49.1L
90.59,90.49.2L
90.59,90.49.3L
90.59,90.49.5L
90.59,90.49.6L
90.59,90.49.7L
90.59,90.49.8L
90.59,90.49.9L
90.59,90.50.1L
90.59,90.50.5L
90.59,90.50.AL
90.59,90.50.BL
90.59,90.50.CL
90.59,90.50.DL
90.59,90.50.EL
90.59,90.50.FL
90.59,90.50.GL
90.59,90.51.1L
90.59,90.51.2L
90.59,90.51.3L
90.59,90.51.4L
90.59,90.51.5L
90.59,90.51.6L
90.59,90.52.1L
90.59,90.52.2L
90.59,90.52.3L
90.59,90.52.4L
90.59,90.52.5L
90.59,90.52.6L
90.59,90.53.1L
90.59,90.53.3L
90.59,90.53.4L
90.59,90.53.5L
90.59,90.53.6L
90.59,90.53.7L
90.59,90.53.8L
90.59,90.53.9L
90.59,90.53.AL
90.59,90.53.BL
90.59,90.53.CL
90.59,90.53.DL
90.59,90.54.3L
90.59,90.54.4L
90.59,90.54.5L
90.59,90.55.1L
90.59,90.55.2L
90.59,90.55.3L
90.59,90.56.3L
90.59,90.56.9L
90.59,90.56.AL
90.59,90.57.2L
90.59,90.57.5L
90.59,90.58.2L
90.59,90.59.3L
90.59,90.59.5L
90.59,90.60.1L
90.59,90.60.2L
90.59,90.61.1L
90.59,90.61.2L
90.59,90.61.3L
90.59,90.61.4L
90.59,90.62.2L
90.59,90.62.3L
90.59,90.62.4L
90.59,90.63.1L
90.59,90.63.2L
90.59,90.63.3L
90.59,90.63.6L
90.59,90.63.7L
90.59,90.63.8L
90.59,90.64.1L
90.59,90.64.2L
90.59,90.64.3L
90.59,90.64.4L
90.59,90.64.6L
90.59,90.65.3L
90.59,90.65.5L
90.59,90.66.7L
90.59,90.67.4L
90.59,90.67.5L
90.59,90.67.AL
90.59,90.67.BL
90.59,90.67.CL
90.59,90.67.DL
90.59,90.67.EL
90.59,90.67.FL
90.59,90.68.1L
90.59,90.68.2L
90.59,90.68.3L
90.59,90.68.4L
90.59,90.68.5L
90.59,90.68.6L
90.59,90.68.7L
90.59,90.68.8L
90.59,90.68.9L
90.59,90.68.AL
90.59,90.68.BL
90.59,90.68.CL
90.59,90.69.2L
90.59,90.69.4L
90.59,90.70.3L
90.59,90.71.5L
90.59,90.72.1L
90.59,90.72.2L
90.59,90.72.3L
90.59,90.72.4L
90.59,90.72.5L
90.59,90.72.6L
90.59,90.73.2L
90.59,90.73.5L
90.59,90.73.AL
90.59,90.73.BL
90.59,90.74.1L
90.59,90.74.5L
90.59,90.74.8L
90.59,90.74.AL
90.59,90.75.4L
90.59,90.75.5L
90.59,90.76.1L
90.59,90.76.2L
90.59,90.76.7L
90.59,90.77.2L
90.59,90.77.6L
90.59,90.78.2L
90.59,90.78.4L
90.59,90.78.AL
90.59,90.78.BL
90.59,90.79.1L
90.59,90.79.4L
90.59,90.79.5L
90.59,90.79.AL
90.59,90.79.BL
90.59,90.80.2L
90.59,90.80.3L
90.59,90.80.4L
90.59,90.81.1L
90.59,90.81.3L
90.59,90.81.4L
90.59,90.81.AL
90.59,90.81.BL
90.59,90.81.CL
90.59,90.81.DL
90.59,90.82.1L
90.59,90.82.3L
90.59,90.82.5L
90.59,M0.05.09
90.61,M0.06.01
90.62,M0.06.02
90.63,M0.06.03
90.63,M0.10.01
90.64,M0.06.04
90.65,M0.06.05
90.66,M0.06.06
90.69,M0.06.09
90.71,M0.07.01
90.72,M0.07.02
90.73,M0.07.03
90.74,M0.07.04
90.75,M0.07.05
90.76,M0.07.06
90.79,M0.07.09
90.81,M0.08.01
90.82,M0.08.02
90.83,90.83.AL
90.83,M0.08.03
90.84,90.84.8L
90.84,M0.08.04
90.85,M0.08.05
90.86,M0.08.06
90.89,90.89.6L
90.89,M0.08.09
90.91,90.91.4L
90.91,M0.09.01
90.92,90.92.6L
90.92,90.92.7L
90.92,M0.09.02
90.93,90.93.1L
90.93,90.93.2L
90.93,90.93.3L
90.93,90.93.5L
90.93,90.93.6L
90.93,90.93.7L
90.93,90.93.8L
90.93,90.93.9L
90.93,90.93.AL
90.93,90.93.BL
90.93,90.93.CL
90.93,90.93.DL
90.93,90.93.EL
90.93,90.93.JL
90.93,90.93.KL
90.93,90.93.LL
90.93,M0.09.03
90.94,90.94.1L
90.94,90.94.2L
90.94,90.94.3L
90.94,90.94.5L
90.94,90.94.6L
90.94,90.94.7L
90.94,90.94.CL
90.94,M0.09.04
90.95,90.95.1L
90.95,90.95.4L
90.95,90.95.5L
90.95,90.95.8L
90.95,M0.09.05
90.96,90.96.1L
90.96,90.96.2L
90.96,90.96.6L
90.96,90.96.7L
90.96,90.96.8L
90.96,90.96.9L
90.96,M0.09.06
90.99,90.99.1L
90.99,90.99.2L
90.99,90.99.4L
90.99,M0.09.09
91.01,91.01.9L
91.01,91.01.AL
91.01,M1.00.01
91.02,91.02.6L
91.02,91.02.7L
91.02,91.02.8L
91.02,91.02.9L
91.02,91.02.AL
91.02,91.02.DL
91.02,M1.00.02
91.03,91.03.5L
91.03,M1.00.03
91.04,91.04.1L
91.04,91.04.5L
91.04,91.04.6L
91.04,91.04.8L
91.04,M1.00.04
91.05,91.05.2L
91.05,91.05.AL
91.05,91.05.BL
91.05,91.05.CL
91.05,91.05.DL
91.05,M1.00.05
91.06,91.06.6L
91.06,91.06.AL
91.06,91.06.BL
91.06,91.06.CL
91.06,M1.00.06
91.09,91.09.3L
91.09,91.09.BL
91.09,91.09.DL
91.09,M1.00.09
91.11,91.11.3L
91.11,M1.01.01
91.12,91.12.2L
91.12,91.12.5L
91.12,91.12.8L
91.12,91.12.9L
91.12,91.12.AL
91.12,91.12.BL
91.12,M1.01.02
91.13,91.13.1L
91.13,91.13.2L
91.13,91.13.6L
91.13,91.13.7L
91.13,M1.01.03
91.14,M1.01.04
91.15,91.15.AL
91.15,91.15.BL
91.15,91.15.CL
91.15,91.15.DL
91.15,91.15.FL
91.15,M1.01.05
91.16,91.16.AL
91.16,91.16.BL
91.16,91.16.CL
91.16,91.16.DL
91.16,M1.01.06
91.19,91.19.3L
91.19,91.19.4L
91.19,91.19.5L
91.19,91.19.6L
91.19,91.19.7L
91.19,M1.01.09
91.21,91.21.6L
91.21,91.21.9L
91.21,91.21.BL
91.21,91.21.DL
91.21,M1.02.01
91.22,91.22.2L
91.22,91.22.3L
91.22,M1.02.02
91.23,91.23.7L
91.23,91.23.9L
91.23,91.23.FL
91.23,M1.02.03
91.24,91.24.8L
91.24,91.24.9L
91.24,91.24.CL
91.24,91.24.FL
91.24,91.24.GL
91.24,M1.02.04
91.25,91.25.8L
91.25,91.25.DL
91.25,M1.02.05
91.26,91.26.3L
91.26,91.26.9L
91.26,91.26.CL
91.26,91.26.DL
91.26,91.26.EL
91.26,M1.02.06
91.29,M1.02.09
91.31,M1.03.01
91.32,M1.03.02
91.33,M1.03.03
91.34,M1.03.04
91.35,91.35.6V
91.35,M1.03.05
91.36,M1.03.06
91.39,91.39.2L
91.39,91.39.4L
91.39,91.39.AL
91.39,91.39.BL
91.39,91.39.CL
91.39,91.39.DL
91.39,91.39.EL
91.39,91.39.FL
91.39,91.39.GL
91.39,91.39.HL
91.39,91.39.JL
91.39,91.39.LL
91.39,91.39.NL
91.39,M1.03.09
91.41,91.41.8L
91.41,91.41.BL
91.41,91.41.CL
91.41,91.41.DL
91.41,91.41.EL
91.41,91.41.FL
91.41,91.41.GL
91.41,91.41.JL
91.41,91.41.KL
91.41,91.41.LL
91.41,M1.04.01
91.42,91.42.CL
91.42,91.42.DL
91.42,91.42.EL
91.42,91.42.FL
91.42,91.42.GL
91.42,91.42.HL
91.42,M1.04.02
91.43,91.43.AL
91.43,91.43.BL
91.43,91.43.DL
91.43,91.43.EL
91.43,91.43.GL
91.43,91.43.HL
91.43,91.43.KL
91.43,91.43.LL
91.43,M1.04.03
91.44,91.44.1L
91.44,M1.04.04
91.45,91.45.8L
91.45,M1.04.05
91.46,91.46.8L
91.46,91.46.AL
91.46,91.46.BL
91.46,M1.04.06
91.49,91.49.10
91.49,91.49.20
91.49,91.49.30
91.49,91.49.4L
91.49,91.49.5L
91.49,M1.04.09
91.51,M1.05.01
91.52,M1.05.02
91.53,M1.05.03
91.54,M1.05.04
91.55,M1.05.05
91.56,M1.05.06
91.59,M1.05.09
91.61,91.61.1L
91.61,91.61.2L
91.61,M1.06.01
91.62,M1.06.02
91.63,M1.06.03
91.64,M1.06.04
91.65,M1.06.05
91.66,M1.06.06
91.69,M1.06.09
91.71,M1.07.01
91.72,M1.07.02
91.73,M1.07.03
91.74,M1.07.04
91.75,M1.07.05
91.76,M1.07.06
91.79,M1.07.09
91.81,M1.08.01
91.82,M1.08.02
91.83,M1.08.03
91.84,M1.08.04
91.85,M1.08.05
91.86,M1.08.06
91.89,M1.08.09
91.91,M1.09.01
91.92,M1.09.02
91.93,M1.09.03
91.94,M1.09.04
91.95,M1.09.05
91.96,M1.09.06
91.99,M1.09.09
92.01,92.01.10
92.01,92.01.30
92.01,92.01.50
92.02,92.02.20
92.02,92.02.30
92.03,92.03.10
92.03,92.03.30
92.03,92.03.40
92.03,92.03.80
92.04,92.04.10
92.04,92.04.20
92.04,92.04.30
92.04,92.04.40
92.04,92.04.60
92.04,92.04.70
92.05,92.05.40
92.05,92.05.60
92.05,92.05.70
92.05,92.05.A0
92.05,92.05.C0
92.05,92.05.D0
92.05,92.05.E0
92.05,92.05.F0
92.09,92.09.10
92.09,92.09.20
92.09,92.09.90
92.09,92.09.B0
92.11,92.11.50
92.11,92.11.60
92.11,92.11.90
92.11,92.11.A0
92.12,92.12.00
92.13,92.13.00
92.13,92.13.20
92.14,92.14.00
92.15,92.15.10
92.15,92.15.20
92.15,92.15.40
92.15,92.15.60
92.16,92.16.10
92.16,92.16.20
92.17,92.17.00
92.18,92.18.10
92.18,92.18.20
92.18,92.18.70
92.18,92.18.80
92.18,92.18.90
92.18,92.18.A0
92.18,92.18.B0
92.18,92.18.C0
92.18,92.18.D0
92.19,92.19.10
92.19,92.19.20
92.19,92.19.50
92.19,92.19.80
92.19,92.19.A0
92.19,92.19.B0
92.20,92.20.00
92.21,92.21.10
92.22,92.22.00
92.23,92.23.10
92.24,92.24.10
92.24,92.24.20
92.24,92.24.40
92.24,92.24.60
92.24,92.24.70
92.24,92.24.A0
92.24,92.24.C0
92.24,92.24.D0
92.24,92.47.80
92.24,92.47.90
92.25,92.25.10
92.25,92.25.20
92.25,92.25.60
92.25,92.25.70
92.26,92.26.00
92.27,92.27.10
92.27,92.27.30
92.27,92.27.50
92.28,92.28.10
92.28,92.28.20
92.28,92.28.30
92.28,92.28.40
92.28,92.28.50
92.28,92.28.60
92.28,92.28.70
92.28,92.28.80
92.28,92.28.AB
92.28,92.28.Z0
92.29,92.29.10
92.29,92.29.20
92.29,92.29.30
92.29,92.29.40
92.29,92.29.50
92.29,92.29.60
92.29,92.29.80
92.29,92.29.90
92.29,92.29.A0
92.29,92.29.G0
92.29,92.29.H0
92.29,92.29.L0
92.29,92.29.Q0
92.29,92.29.R0
92.29,92.29.S0
92.29,92.29.T0
92.29,92.29.U0
92.29,92.29.V0
92.29,92.29.W0
92.30,04.01.0K
92.30,92.30.0K
92.31,92.31.0K
92.32,92.32.0K
92.33,92.33.0K
92.39,92.3Z.0K
92.39,92.41.00
92.39,92.42.00
93.01,93.01.1R
93.01,93.01.3R
93.01,93.01.4R
93.01,93.01.5R
93.01,93.01.6R
93.01,93.01.7R
93.01,93.01.8R
93.01,93.01.9R
93.01,93.01.AR
93.01,93.01.BR
93.01,93.01.CR
93.01,93.01.DR
93.02,93.02.0R
93.03,93.03.0R
93.03,93.03.1R
93.03,93.03.2R
93.03,93.03.3R
93.04,93.04.00
93.05,93.05.3R
93.05,93.05.4R
93.05,93.05.5R
93.05,93.05.6R
93.05,93.05.7R
93.05,93.05.8R
93.06,93.06.00
93.07,93.07.10
93.07,93.07.20
93.08,93.08.10
93.08,93.08.20
93.08,93.08.30
93.08,93.08.40
93.08,93.08.50
93.08,93.08.60
93.08,93.08.70
93.08,93.08.80
93.08,93.08.A0
93.08,93.08.B0
93.08,93.08.C0
93.08,93.08.D0
93.08,93.08.ER
93.08,93.08.FR
93.09,93.09.10
93.09,93.09.20
93.09,93.09.3R
93.09,93.09.4R
93.09,93.09.5R
93.11,93.11.1R
93.11,93.11.2R
93.11,93.11.5R
93.11,93.11.6R
93.11,93.11.7R
93.11,93.11.8R
93.11,93.11.9R
93.11,93.11.AR
93.11,93.11.BR
93.11,93.11.CR
93.11,93.11.DR
93.11,93.11.ER
93.11,93.11.FR
93.11,93.11.GR
93.11,93.11.HR
93.12,93.12.00
93.13,93.13.00
93.14,93.14.00
93.15,93.15.0R
93.16,93.16.0R
93.17,93.17.00
93.18,93.18.1R
93.18,93.18.2R
93.19,93.19.3R
93.21,93.21.0R
93.22,93.22.1R
93.22,93.22.2R
93.23,93.23.0R
93.24,93.24.0R
93.25,93.25.0R
93.26,93.26.0R
93.27,93.27.0R
93.28,93.28.0R
93.29,93.29.00
93.29,93.29.Z0
93.31,93.31.00
93.32,93.32.00
93.33,93.33.00
93.34,93.34.00
93.35,93.35.00
93.36,93.36.00
93.37,93.37.0R
93.38,93.38.00
93.39,93.39.2R
93.39,93.39.6R
93.39,93.3Z.00
93.41,93.41.0R
93.42,93.42.0R
93.43,93.43.0R
93.44,93.44.0R
93.45,93.45.0R
93.46,93.46.00
93.51,93.51.00
93.52,93.52.00
93.53,93.53.00
93.54,93.54.10
93.54,93.54.20
93.54,93.54.30
93.54,93.54.40
93.54,93.54.50
93.54,93.54.60
93.54,93.54.80
93.54,93.54.90
93.55,93.55.00
93.56,93.56.10
93.56,93.56.20
93.56,93.56.30
93.56,93.56.40
93.56,93.56.50
93.57,93.57.00
93.58,93.58.00
93.59,93.59.00
93.59,93.5A.10
93.59,93.5A.20
93.59,93.5A.Z0
93.61,93.61.00
93.62,93.62.00
93.63,93.63.00
93.64,93.64.00
93.65,93.65.00
93.66,93.66.00
93.67,93.67.00
93.71,93.71.00
93.72,93.72.00
93.73,93.73.00
93.74,93.74.00
93.75,93.75.00
93.76,93.76.00
93.77,93.77.00
93.78,93.78.1R
93.78,93.78.3R
93.81,93.81.00
93.82,93.82.10
93.82,93.82.20
93.82,93.82.30
93.83,93.83.00
93.84,93.84.00
93.85,93.85.00
93.89,93.89.1R
93.89,93.89.2R
93.89,93.89.3R
93.89,93.89.4R
93.90,93.90.10
93.90,93.90.20
93.90,93.90.30
93.90,93.90.40
93.90,93.90.50
93.90,93.90.60
93.90,93.92.10
93.90,93.92.20
93.90,93.92.30
93.90,96.81.00
93.90,96.82.00
93.90,96.83.00
93.91,93.90.70
93.93,93.93.00
93.94,93.94.00
93.95,93.95.00
93.96,93.96.00
93.97,93.97.00
93.98,93.98.00
93.99,93.99.10
93.99,93.99.20
93.99,93.99.30
93.99,93.99.40
93.99,93.99.50
93.99,93.99.60
93.99,93.99.Z0
94.01,94.01.10
94.01,94.01.20
94.02,94.02.10
94.02,94.02.20
94.03,94.03.00
94.08,94.08.10
94.08,94.08.20
94.08,94.08.30
94.08,94.08.40
94.08,94.08.50
94.08,94.08.60
94.09,94.09.0V
94.11,94.11.00
94.12,94.12.1V
94.12,94.12.2V
94.13,94.13.00
94.19,94.19.1V
94.19,94.19.2V
94.21,94.21.00
94.22,94.22.00
94.23,94.23.00
94.24,94.24.00
94.25,94.25.00
94.26,94.26.00
94.27,94.27.00
94.29,94.2Z.00
94.31,94.30.00
94.31,94.31.00
94.32,94.32.00
94.33,94.33.00
94.34,94.34.00
94.35,94.35.00
94.36,94.36.00
94.37,94.37.00
94.38,94.38.00
94.39,94.39.00
94.41,94.41.00
94.42,94.42.00
94.42,94.42.10
94.43,94.43.00
94.44,94.44.00
94.45,94.45.00
94.46,94.46.00
94.49,94.4Z.00
94.51,94.51.00
94.52,94.52.00
94.53,94.53.00
94.54,94.54.00
94.55,94.55.00
94.59,94.59.00
94.61,94.61.00
94.62,94.62.00
94.63,94.63.00
94.64,94.64.00
94.65,94.65.00
94.66,94.66.00
94.67,94.67.00
94.68,94.68.00
94.69,94.69.00
95.01,95.01.00
95.02,95.02.0V
95.03,95.03.10
95.03,95.03.20
95.03,95.03.30
95.04,95.04.00
95.05,95.05.00
95.06,95.06.00
95.07,95.07.00
95.07,95.07.10
95.09,95.09.20
95.09,95.09.30
95.09,95.09.40
95.09,95.09.50
95.09,95.20.00
95.11,95.11.00
95.11,95.11.10
95.12,95.12.00
95.12,95.12.10
95.13,95.13.00
95.13,95.13.10
95.13,95.13.20
95.13,95.13.30
95.14,95.14.00
95.15,95.15.00
95.16,95.16.00
95.21,95.21.00
95.22,95.22.00
95.23,95.23.00
95.24,95.24.10
95.25,95.25.00
95.26,95.26.00
95.31,95.31.00
95.32,95.32.00
95.33,95.33.00
95.34,95.34.00
95.35,95.35.0R
95.36,95.36.00
95.41,95.41.10
95.41,95.41.20
95.41,95.41.40
95.42,95.42.00
95.43,95.43.00
95.44,95.44.10
95.45,95.45.00
95.46,95.46.00
95.47,95.47.00
95.48,95.48.1R
95.48,95.48.2R
95.48,95.48.3R
95.48,95.48.40
95.49,95.49.0R
96.01,96.01.00
96.02,96.02.00
96.03,96.03.00
96.04,96.04.00
96.05,96.05.00
96.06,96.06.00
96.07,96.07.00
96.08,96.08.00
96.09,96.09.00
96.11,96.11.00
96.14,96.14.00
96.15,96.15.00
96.16,96.16.00
96.17,96.17.00
96.18,96.18.00
96.19,96.19.00
96.21,96.21.00
96.22,96.22.00
96.23,96.23.00
96.24,96.24.00
96.25,96.25.00
96.26,96.26.00
96.27,96.27.00
96.28,96.28.00
96.29,96.29.00
96.31,96.31.00
96.32,96.32.00
96.33,96.33.00
96.34,96.34.00
96.35,96.35.00
96.36,96.36.00
96.37,96.37.00
96.38,96.38.00
96.39,96.39.00
96.41,96.41.00
96.42,96.42.00
96.43,96.43.00
96.44,96.44.00
96.45,96.45.00
96.46,96.46.00
96.47,96.47.00
96.48,96.48.00
96.49,96.49.00
96.51,96.51.00
96.52,96.52.00
96.53,96.53.00
96.54,96.54.10
96.54,96.54.20
96.55,96.55.00
96.56,96.56.00
96.57,96.57.00
96.58,96.58.00
96.59,96.59.00
96.59,96.59.10
96.59,96.59.20
96.59,96.59.30
96.59,96.59.40
96.59,96.59.50
96.59,96.59.60
96.59,96.59.70
96.6,96.6A.N0
96.70,96.70.00
96.70,96.7Z.00
96.71,96.71.10
96.71,96.71.20
96.72,96.72.00
97.01,97.01.00
97.02,97.02.00
97.03,97.03.00
97.04,97.04.00
97.05,97.05.00
97.11,97.10.00
97.11,97.11.00
97.12,97.12.00
97.13,97.13.00
97.14,97.14.00
97.15,97.15.00
97.16,97.16.00
97.21,97.21.00
97.22,97.22.00
97.23,97.23.00
97.24,97.24.00
97.25,97.25.00
97.26,97.26.00
97.29,97.2Z.00
97.31,97.31.00
97.32,97.32.00
97.33,97.33.00
97.34,97.34.00
97.35,97.35.00
97.35,97.35.10
97.36,97.36.00
97.37,97.37.00
97.38,97.38.00
97.39,97.39.00
97.41,97.41.00
97.42,97.42.00
97.43,97.43.00
97.44,37.6B.30
97.44,37.6B.40
97.49,97.4Z.00
97.51,97.51.00
97.52,97.52.00
97.53,97.53.00
97.54,97.54.00
97.55,97.55.00
97.56,97.56.00
97.59,97.5Z.00
97.61,97.61.00
97.62,97.62.00
97.63,97.63.00
97.64,97.64.00
97.65,97.65.00
97.69,97.6Z.00
97.71,97.71.00
97.72,97.72.00
97.73,97.73.00
97.74,97.74.00
97.75,97.75.00
97.79,97.7Z.00
97.81,97.81.00
97.82,97.82.00
97.83,97.83.00
97.84,97.84.00
97.85,97.85.00
97.86,97.86.00
97.87,97.87.00
97.88,97.88.00
97.89,97.8Z.00
98.01,98.01.00
98.02,42.A0.0N
98.03,44.A0.0N
98.03,46.A0.1N
98.03,98.00.00
98.04,46.A0.2N
98.05,48.A0.0N
98.05,98.05.00
98.11,98.11.00
98.12,98.12.00
98.13,98.13.00
98.14,98.14.00
98.15,33.A0.1N
98.15,33.A0.2N
98.16,98.16.00
98.17,98.17.00
98.18,98.18.00
98.19,98.19.00
98.20,98.20.00
98.21,98.21.00
98.22,98.22.00
98.23,98.23.00
98.24,98.24.00
98.25,98.25.00
98.26,98.26.00
98.27,98.27.00
98.28,98.28.00
98.29,98.29.00
98.51,59.96.1H
98.51,59.96.1K
98.52,51.89.1H
98.52,51.89.1K
98.59,52.9B.1H
98.59,52.9B.ZK
98.59,64.98.40
98.59,98.50.Z0
98.59,98.59.Z0
99.00,99.00.00
99.01,99.01.00
99.02,99.02.00
99.03,99.03.00
99.04,99.04.00
99.05,99.05.00
99.06,99.06.10
99.06,99.06.AL
99.07,99.07.10
99.07,99.07.20
99.07,99.07.30
99.08,99.08.00
99.09,99.09.00
99.10,39.5N.1B
99.10,39.5N.2B
99.10,39.5N.3B
99.10,39.5N.4B
99.10,39.5N.5B
99.10,39.5N.6B
99.10,99.10.00
99.11,99.11.00
99.12,99.12.10
99.12,99.12.20
99.12,99.12.40
99.12,99.12.Z0
99.12,99.13.10
99.13,99.13.00
99.14,99.14.10
99.14,99.14.20
99.14,99.14.30
99.15,99.15.00
99.16,99.16.00
99.17,99.17.00
99.18,99.18.00
99.19,99.19.10
99.19,99.19.20
99.19,99.19.30
99.19,99.19.40
99.19,99.19.Z0
99.20,99.20.00
99.21,99.21.00
99.22,99.22.00
99.22,99.22.10
99.22,99.22.20
99.23,99.23.00
99.24,99.24.10
99.24,99.24.20
99.25,54.45.10
99.25,54.45.20
99.25,99.25.00
99.26,99.26.00
99.26,99.26.10
99.26,99.26.20
99.26,99.26.30
99.26,99.26.40
99.26,99.26.A0
99.26,99.26.Z0
99.27,99.27.00
99.28,99.28.00
99.29,03.40.6B
99.29,99.29.50
99.29,99.29.90
99.29,99.29.Z1
99.29,99.29.Z2
99.29,99.29.Z3
99.31,99.31.00
99.32,99.32.00
99.33,99.33.00
99.34,99.34.00
99.35,99.35.00
99.36,99.36.00
99.37,99.37.00
99.38,99.38.00
99.39,99.39.00
99.41,99.41.00
99.42,99.42.00
99.43,99.43.00
99.44,99.44.00
99.45,99.45.00
99.46,99.46.00
99.47,99.47.00
99.48,99.48.00
99.51,99.51.00
99.52,99.52.00
99.53,99.53.00
99.54,99.54.00
99.55,99.49.00
99.55,99.4A.00
99.55,99.4B.00
99.55,99.55.Z0
99.56,99.56.00
99.57,99.57.00
99.58,99.58.Z0
99.59,99.5Z.00
99.60,99.60.00
99.61,99.61.00
99.62,99.62.00
99.63,99.63.00
99.64,99.64.00
99.69,99.6Z.00
99.71,99.71.00
99.71,99.71.1L
99.71,99.71.A0
99.71,99.71.B0
99.72,99.72.00
99.73,99.73.00
99.74,99.74.00
99.75,99.75.00
99.76,99.76.0L
99.77,99.77.00
99.78,99.78.00
99.79,99.79.00
99.81,99.81.00
99.82,99.82.00
99.82,99.82.10
99.83,99.83.00
99.84,99.84.00
99.85,99.85.00
99.86,99.86.00
99.88,99.88.00
99.91,99.91.0R
99.92,99.92.0R
99.93,99.93.00
99.94,99.94.00
99.95,99.95.00
99.96,99.96.00
99.97,99.97.10
99.97,99.97.20
99.97,99.97.30
99.98,99.98.00
99.99,00.00.0A
99.99,00.00.0B
99.99,00.00.0C
99.99,00.00.0K
99.99,00.00.0M
99.99,00.00.0N
99.99,00.00.0P
99.99,00.00.0Y
99.99,00.00.1N
99.99,00.00.1P
99.99,00.00.1Y
99.99,00.00.2C
99.99,00.00.2N
99.99,00.00.2P
99.99,00.00.2Y
99.99,00.00.3P
99.99,00.00.4C
99.99,00.00.5C
99.99,00.00.ZP
99.99,00.01.0D
99.99,00.01.0E
99.99,00.01.0F
99.99,00.01.0G
99.99,00.01.Z0
99.99,00.02.00
99.99,00.94.10
99.99,00.94.20
99.99,00.94.30
99.99,00.94.40
99.99,00.94.50
99.99,00.94.60
99.99,00.94.70
99.99,00.94.80
99.99,00.94.Z0
99.99,02.93.40
99.99,02.93.60
99.99,02.98.10
99.99,03.07.1W
99.99,03.07.2W
99.99,03.07.3W
99.99,03.07.4W
99.99,03.07.5W
99.99,03.07.6W
99.99,03.07.7W
99.99,03.07.8W
99.99,03.07.9W
99.99,03.07.AW
99.99,03.93.60
99.99,37.6C.0W
99.99,37.6D.1W
99.99,37.6D.2W
99.99,37.6D.3W
99.99,37.6D.4W
99.99,37.6D.5W
99.99,37.6D.6W
99.99,37.6D.7W
99.99,37.6D.8W
99.99,37.6D.9W
99.99,37.6D.AW
99.99,37.6D.BW
99.99,37.6D.CW
99.99,37.6D.DW
99.99,37.6D.EW
99.99,37.6E.1W
99.99,37.6E.2W
99.99,37.6E.3W
99.99,37.6E.4W
99.99,37.6E.5W
99.99,37.6E.6W
99.99,37.6E.7W
99.99,37.6E.8W
99.99,37.6E.9W
99.99,37.6E.AW
99.99,37.6E.BW
99.99,37.6E.CW
99.99,37.6E.DW
99.99,37.6E.EW
99.99,37.6F.1W
99.99,37.6F.2W
99.99,37.6F.3W
99.99,37.6F.4W
99.99,37.6F.5W
99.99,37.6F.6W
99.99,37.6F.7W
99.99,37.6F.8W
99.99,37.6F.9W
99.99,37.6F.AW
99.99,37.6F.BW
99.99,37.6F.CW
99.99,37.6F.DW
99.99,37.6F.EW
99.99,37.6G.1W
99.99,37.6G.2W
99.99,37.6G.3W
99.99,37.6G.4W
99.99,37.6G.5W
99.99,37.6G.6W
99.99,37.6G.7W
99.99,37.6G.8W
99.99,37.6G.9W
99.99,37.6G.AW
99.99,37.6G.BW
99.99,37.6G.CW
99.99,37.6G.DW
99.99,37.6G.EW
99.99,37.6H.1W
99.99,37.6H.2W
99.99,37.6H.3W
99.99,37.6H.4W
99.99,37.6H.5W
99.99,37.6H.6W
99.99,37.6H.7W
99.99,37.6H.8W
99.99,37.6H.9W
99.99,37.6H.AW
99.99,37.6H.BW
99.99,37.6H.CW
99.99,37.6H.DW
99.99,37.6H.EW
99.99,39.49.1B
99.99,39.6D.1W
99.99,39.6D.2W
99.99,39.6D.3W
99.99,39.6D.4W
99.99,39.6D.5W
99.99,39.6D.6W
99.99,39.6D.7W
99.99,39.6D.8W
99.99,39.6D.9W
99.99,39.6D.AW
99.99,39.6D.BW
99.99,39.6D.CW
99.99,39.6D.DW
99.99,39.6D.EW
99.99,39.D5.1W
99.99,39.D5.2W
99.99,39.D7.1W
99.99,39.D7.2W
99.99,39.D8.1W
99.99,39.D8.2W
99.99,39.D8.3W
99.99,39.D9.1W
99.99,39.D9.2W
99.99,39.D9.3W
99.99,42.84.2P
99.99,51.19.Z1
99.99,54.98.B0
99.99,74.99.3W
99.99,74.99.4W
99.99,76.1Z.00
99.99,78.1A.1W
99.99,78.1A.2W
99.99,78.1A.3W
99.99,78.1A.4W
99.99,85.55.1W
99.99,85.55.2W
99.99,85.55.3W
99.99,90.87.6L
99.99,90.87.7L
99.99,90.87.8L
99.99,90.87.FL
99.99,90.87.GL
99.99,90.87.PL
99.99,90.87.RL
99.99,90.87.SL
99.99,90.87.TL
99.99,90.88.2L
99.99,90.88.EL
99.99,90.88.GL
99.99,90.88.HL
99.99,90.88.JL
99.99,90.90.3L
99.99,90.90.6L
99.99,90.90.7L
99.99,90.90.AL
99.99,90.90.BL
99.99,90.90.EL
99.99,90.90.GL
99.99,90.97.6L
99.99,90.98.4L
99.99,90.98.9L
99.99,91.07.6L
99.99,91.07.7L
99.99,91.07.8L
99.99,91.08.2L
99.99,91.08.4L
99.99,91.08.5L
99.99,91.08.6L
99.99,91.08.7L
99.99,91.08.8L
99.99,91.08.AL
99.99,91.08.BL
99.99,91.08.CL
99.99,91.10.7L
99.99,91.10.8L
99.99,91.10.9L
99.99,91.10.AL
99.99,91.10.BL
99.99,91.17.4L
99.99,91.17.6L
99.99,91.17.8L
99.99,91.18.2L
99.99,91.18.3L
99.99,91.18.4L
99.99,91.18.5L
99.99,91.18.6L
99.99,91.20.2L
99.99,91.20.5L
99.99,91.20.6L
99.99,91.20.7L
99.99,91.27.5L
99.99,91.30.2L
99.99,91.38.5L
99.99,91.38.LL
99.99,91.40.AL
99.99,91.40.BL
99.99,91.40.CL
99.99,91.40.DL
99.99,91.40.EL
99.99,91.40.GL
99.99,91.40.HL
99.99,91.47.6L
99.99,91.47.8L
99.99,91.47.CL
99.99,91.47.LL
99.99,91.47.ML
99.99,91.47.NL
99.99,91.47.PL
99.99,91.48.2L
99.99,91.48.3L
99.99,91.48.40
99.99,91.48.5L
99.99,91.5R.1L
99.99,91.5R.2L
99.99,91.5R.3L
99.99,91.5R.4L
99.99,91.5R.5L
99.99,91.5R.6L
99.99,91.5R.7L
99.99,91.5R.8L
99.99,91.5R.9L
99.99,91.5R.AL
99.99,91.5R.BL
99.99,91.5R.CL
99.99,91.5R.DL
99.99,91.5R.EL
99.99,91.5R.FL
99.99,91.5R.GL
99.99,91.5R.HL
99.99,91.5R.JL
99.99,91.5R.KL
99.99,91.5R.LL
99.99,91.5R.ML
99.99,91.5R.NL
99.99,91.5R.PL
99.99,91.5R.QL
99.99,91.5R.RL
99.99,91.5R.SL
99.99,91.5R.TL
99.99,91.5R.UL
99.99,91.5R.WL
99.99,91.5R.XL
99.99,91.5R.YL
99.99,91.5R.ZL
99.99,91.60.1L
99.99,91.60.2L
99.99,91.60.3L
99.99,91.60.4L
99.99,91.60.5L
99.99,91.60.6L
99.99,91.60.7L
99.99,91.60.8L
99.99,91.60.9L
99.99,91.60.AL
99.99,91.60.BL
99.99,91.60.CL
99.99,91.60.DL
99.99,91.60.EL
99.99,91.60.FL
99.99,91.60.GL
99.99,91.60.HL
99.99,91.60.JL
99.99,91.60.KL
99.99,91.60.LL
99.99,91.60.ML
99.99,91.60.NL
99.99,91.60.PL
99.99,91.60.QL
99.99,91.60.RL
99.99,91.60.SL
99.99,91.60.TL
99.99,91.60.UL
99.99,91.60.VL
99.99,91.60.WL
99.99,91.60.XL
99.99,91.60.ZL
99.99,91.90.10
99.99,91.90.40
99.99,91.90.50
99.99,91.90.60
99.99,91.90.70
99.99,91.90.80
99.99,91.90.90
99.99,91.90.A0
99.99,91.90.B0
99.99,91.90.C0
99.99,99.99.20
