code,description
00,Procedure ed interventi non classificati altrove
00.0,Terapia ad ultrasuoni
00.01,Terapia ad ultrasuoni dei vasi di testa e collo
00.02,Terapia ad ultrasuoni del cuore
00.03,Terapia ad ultrasuoni dei vasi vascolari periferici
00.09,Altre terapie ad ultrasuoni
00.1,Terapia farmacologica
00.10,Impianto di agenti chemioterapici
00.11,Infusione di Drotrecogin alfa (attivato)
00.12,Somministrazione per via inalatoria di ossido nitrico
00.13,Iniezione o infusione di nesiritide
00.14,Iniezione o infusione di antibiotici della classe dell’oxazolidinone
00.15,Infusione di Interleuchina-2 ad alte dosi (IL-2)
00.16,Trattamento pressurizzato di bypass venoso eseguito con farmaci
00.17,Infusione di agente vasopressorio
00.18,Infusione di terapia anticorpale immunosoppressiva durante la fase di induzione di trapianto di organo solido
00.2,Imaging intravascolare dei vasi sanguigni
00.21,Imaging intravascolare dei vasi cerebrali extracranici
00.22,Imaging intravascolare dei vasi intratoracici
00.23,Imaging intravascolare dei vasi periferici
00.24,Imaging intravascolare dei vasi coronarici
00.25,Imaging intravascolare dei vasi renali
00.28,Imaging intravascolare di altri vasi specificati
00.29,"Imaging intravascolare, vasi non specificati"
00.3,Chirurgia computer-assistita (CAS)
00.31,Chirurgia computer-assistita con CT/CTA
00.32,Chirurgia computer-assistita con MR/MRA
00.33,Chirurgia computer-assistita con fluoroscopia
00.34,Chirurgia computer-assistita senza immagini
00.35,Chirurgia computer-assistita con dataset multipli
00.39,Altra chirurgia computer-assistita
00.4,Procedure aggiuntive relative al sistema vascolare
00.40,Procedure su un singolo vaso
00.41,Procedure su due vasi
00.42,Procedure su tre vasi
00.43,Procedure su quattro o più vasi
00.44,Procedure sulla biforcazione dei vasi
00.45,Inserzione di uno stent vascolare
00.46,Inserzione di due stent vascolari
00.47,Inserzione di tre stent vascolari
00.48,Inserzione di quattro o più stent vascolari
00.5,Altre procedure cardiovascolari
00.50,"Impianto di pacemaker per la risincronizzazione cardiaca senza menzione di defibrillazione, sistema totale (CRT-P)"
00.51,"Impianto di defibrillatore per la risincronizzazione cardiaca, sistema totale (CRT-D)"
00.52,Impianto o sostituzione di elettrodi transvenosi nel sistema venoso coronarico del ventricolo sinistro
00.53,Impianto o sostituzione del solo pacemaker per la risincronizzazione cardiaca (CRT-P)
00.54,Impianto o sostituzione del solo defibrillatore per la risincronizzazione cardiaca (CRT-D)
00.55,Inserzione di stent medicati in vasi periferici
00.56,Inserzione o sostituzione di elettrodi a pressione impiantabili per il monitoraggio emodinamico intracardiaco
00.57,Impianto o sostituzione di dispositivo sottocutanei per il monitoraggio emodinamico intracardiaco
00.6,Procedure sui vasi sanguigni
00.61,Angioplastica percutanea o aterectomia di vasi precerebrali extracranici
00.62,Angioplastica percutanea o aterectomia dei vasi intracranici
00.63,Inserzione percutanea di stent nell’ arteria carotidea
00.64,Inserzione percutanea di stent in altre arterie precerebrali (extracraniche)
00.65,Inserzione percutanea di stent vascolari intracranici
00.66,Angioplastica percutanea coronarica transluminale (PTCA) o aterectomia coronarica
00.7,Altre procedure sull’anca
00.70,"Revisione di protesi d’anca, sia acetabolare che dei componenti femorali"
00.71,"Revisione della protesi d’anca, componente acetabolare"
00.72,"Revisione della protesi d’anca, componente femorale"
00.73,"Revisione della protesi d’anca, inserto acetabolare e/o della sola testa del femore"
00.74,"Superficie di appoggio della protesi d’anca, metallo su polietilene"
00.75,"Superficie di appoggio della protesi d’anca, metallo su metallo"
00.76,"Superficie di appoggio della protesi d’anca, ceramica su ceramica"
00.77,"Superficie di appoggio della protesi d’anca, ceramica su polietilene"
00.8,Altre procedure sul ginocchio o sull’anca
00.80,"Revisione della protesi di ginocchio, totale (tutti i componenti)"
00.81,"Revisione della protesi di ginocchio, componente tibiale"
00.82,"Revisione della protesi di ginocchio, componente femorale"
00.83,"Revisione della protesi di ginocchio, componente patellare"
00.84,"Revisione della protesi di ginocchio, inserto tibiale"
00.85,"Rivestimento totale dell’anca, acetabolo e testa del femore"
00.86,"Rivestimento dell’anca, parziale, testa del femore"
00.87,"Rivestimento dell’anca, parziale, acetabolo"
00.9,Altre procedure ed interventi
00.91,"Trapianto da donatore parente, vivente"
00.92,"Trapianto da donatore non-parente, vivente"
00.93,Trapianto da cadavere
01,"Incisioni ed asportazioni di patologia del cranio, del cervello e delle meningi cerebrali"
01.0,Puntura transcranica (trapanazione del cranio)
01.01,Puntura delle cisterne
01.02,Puntura ventricolare mediante catetere già impiantato
01.09,Altra puntura del cranio
01.1,"Procedure diagnostiche sul cranio, sul cervello e sulle meningi cerebrali"
01.11,Biopsia [percutanea] [agobiopsia] delle meningi cerebrali
01.12,Biopsia a cielo aperto delle meningi cerebrali
01.13,Biopsia [percutanea] [agobiopsia] di lesione cerebrale
01.14,Biopsia a cielo aperto di lesione cerebrale
01.15,Biopsia delle ossa craniche
01.18,Altre procedure diagnostiche sul cervello e sulle meningi cerebrali
01.19,Altre procedure diagnostiche sul cranio
01.2,Craniotomia e craniectomia
01.21,Incisione e drenaggio dei seni cranici
01.22,Rimozione di elettrodo/i di neurostimolatore intracranico
01.23,Riapertura di pregressa craniotomia
01.24,Altra craniotomia
01.25,Altra craniectomia
01.26,Inserzione di catetere/i nella cavità o tessuto del cranio
01.27,Rimozione di catetere/i dalla cavità o tessuto del cranio
01.28,Posizionamento di catetere/i intracerebrale attraverso foro circolare
01.3,Incisione cerebrale e delle meningi
01.31,Incisione delle meningi cerebrali
01.32,Lobotomia e trattotomia
01.39,Altre incisioni cerebrali
01.4,Interventi sul talamo e sul globo pallido
01.41,Interventi sul talamo
01.42,Interventi sul globo pallido
01.5,Altre asportazioni o altri interventi di demolizione sul cervello e sulle meningi cerebrali
01.51,Asportazione di lesione o di tessuto delle meningi cerebrali
01.52,Emisferectomia
01.53,Lobectomia cerebrale (per lesione organica)
01.59,Altra asportazione o demolizione di lesione o tessuto cerebrale
01.6,Asportazione di lesioni del cranio
02,"Altri interventi sul cranio, sul cervello e sulle meningi cerebrali"
02.0,Cranioplastica
02.01,Apertura di suture del cranio
02.02,Riposizionamento di frammenti di frattura affossata del cranio
02.03,Formazione di lembi cranici
02.04,Innesto osseo sul cranio
02.05,Inserzione di placca cranica Sostituzione di placca del cranio
02.06,Altri tipi di osteoplastica del cranio
02.07,Rimozione di placca del cranio
02.1,Trattamento di lesione delle meningi cerebrali
02.11,Sutura semplice della dura madre
02.12,Altra riparazione delle meningi cerebrali
02.13,Legatura dei vasi delle meningi: del seno longitudinale dell’arteria meningea mediale
02.14,Plessectomia coroidea
02.2,Ventricolostomia
02.3,Anastomosi ventricolare extracranico
02.31,Anastomosi fra ventricolo e strutture della testa e del collo
02.32,Anastomosi fra ventricolo e sistema circolatorio
02.33,Anastomosi fra ventricolo e cavità toracica
02.34,"Anastomosi fra ventricolo, cavità addominale e suoi organi"
02.35,Anastomosi fra ventricolo ed apparato urinario
02.39,Altri interventi per il drenaggio ventricolare
02.4,"Revisione, rimozione e irrigazione di anastomosi ventricolare"
02.41,Irrigazione ed esplorazione di anastomosi ventricolare
02.42,Sostituzione di anastomosi ventricolare
02.43,Rimozione di anastomosi ventricolare
02.9,"Altri interventi su cranio, cervello e meningi cerebrali"
02.91,Separazione di aderenze corticali
02.92,Interventi riparativi del cervello
02.93,Impianto o sostituzione di elettrodo/i del neurostimolatore intracranico
02.94,Applicazione o sostituzione di trazione transcranica o dispositivo di halo
02.95,Rimozione di trazione transcranica o dispositivo di halo
02.96,Applicazione di elettrodi sfenoidali
02.99,"Altri interventi sul cranio, sul cervello e sulle meningi"
03,Interventi sul midollo spinale e sulle strutture del canale vertebrale
03.0,Esplorazione e decompressione di strutture del canale vertebrale
03.01,Rimozione di corpo estraneo dal canale vertebrale
03.02,Riapertura di pregressa laminectomia
03.09,Altra esplorazione e decompressione del canale vertebrale
03.1,Sezione delle radici dei nervi intraspinali
03.2,Cordotomia
03.21,Cordotomia percutanea
03.29,Altra cordotomia
03.3,Procedure diagnostiche sul midollo spinale e sulle strutture del canale vertebrale
03.31,Rachicentesi
03.32,Biopsia di lesione spinale
03.39,Altre procedure diagnostiche sul midollo spinale e sulle strutture del canale vertebrale
03.4,Asportazione o demolizione di lesione del midollo o delle meningi spinali
03.5,Interventi di plastica sulle strutture del midollo
03.51,Riparazione di meningocele spinale
03.52,Riparazione di mielomeningocele spinale
03.53,Riparazione di fratture vertebrali
03.59,Altri interventi di riparazione e di plastica sul midollo spinale
03.6,Separazione di aderenze del midollo spinale e delle radici dei nervi
03.7,Anastomosi spinale
03.71,Anastomosi spinale subaracnoideoperitoneale
03.72,Anastomosi spinale subaracnoideo ureterale
03.79,Altro anastomosi spinale
03.8,Iniezione di farmaci citotossici nel canale vertebrale
03.9,Altri interventi sul midollo e sulle strutture del canale vertebrale
03.90,Inserzione di catetere nel canale vertebrale per infusione di sostanze terapeutiche o palliative
03.91,Iniezione di anestetico nel canale vertebrale per analgesia
03.92,Iniezione di altri farmaci nel canale vertebrale
03.93,Impianto o sostituzione di elettrodo/i di neurostimolatore spinale
03.94,Rimozione di elettrodo/i del neurostimolatore spinale
03.95,Spinal blood patch
03.96,Denervazione percutanea della faccetta articolare
03.97,Revisione di anastomosi spinale
03.98,Rimozione di anastomosi spinale
03.99,Altri interventi sul midollo spinale e sulle strutture del canale vertebrale
04,Interventi sui nervi cranici e periferici
04.0,"Incisione, sezione ed asportazione dei nervi cranici e periferici"
04.01,Asportazione di neuroma acustico
04.02,Sezione del nervo trigemino
04.03,Sezione o schiacciamento di altri nervi cranici e periferici
04.04,Altra incisione dei nervi cranici e periferici
04.05,Gangliectomia del ganglio di Gasser
04.06,Altre gangliectomie di nervi cranici o periferici
04.07,Altra resezione o asportazione dei nervi cranici e periferici
04.1,Procedure diagnostiche sul sistema nervoso periferico
04.11,Biopsia [percutanea] [agobiopsia] dei nervi cranici o periferici o dei gangli
04.12,Biopsia a cielo aperto dei nervi cranici o periferici o dei gangli
04.19,Altre procedure diagnostiche sui nervi cranici o periferici o sui gangli
04.2,Demolizione di nervi cranici e periferici
04.3,Suture dei nervi cranici e periferici
04.4,Separazione di aderenze e decompressione dei nervi cranici e periferici
04.41,Decompressione delle radici del trigemino
04.42,Altra decompressione di nervi cranici
04.43,Liberazione del tunnel carpale
04.44,Liberazione del tunnel tarsale
04.49,"Altre decompressioni dei nervi periferici e dei gangli, o separazione di aderenze"
04.5,Innesto di nervi cranici o periferici
04.6,Trasposizione di nervi cranici e periferici
04.7,Altra neuroplastica cranica o periferica
04.71,Anastomosi ipoglosso-faciale
04.72,Anastomosi accessorio-faciale
04.73,Anastomosi accessorio-ipoglosso
04.74,Altre anastomosi di nervi cranici e periferici
04.75,Revisione di pregressa ricostruzione di nervi cranici e periferici
04.76,Riparazione di lesioni traumatiche di vecchia data di nervi cranici e periferici
04.79,Altra neuroplastica
04.8,Iniezione nei nervi periferici
04.80,"Iniezione in nervo periferico, SAI"
04.81,Iniezione di anestetico in nervo periferico per analgesia
04.89,"Iniezione di altre sostanze, esclusi i neurolitici"
04.9,Altri interventi sui nervi cranici e periferici
04.91,Stiramento di nervo (neurectasia)
04.92,Impianto o sostituzione di eletrtrodo/i del neurostimolatore dei nervi periferici
04.93,Rimozione di elettrodo/i del neurostimolatore dei nervi periferici
04.99,Altri interventi sui nervi cranici e periferici
05,Interventi sui nervi o sui gangli simpatici
05.0,Sezione di nervo o ganglio simpatico
05.1,Procedure diagnostiche sui nervi o sui gangli simpatici
05.11,Biopsia di nervi o di gangli simpatici
05.19,Altre procedure diagnostiche sui nervi o sui gangli simpatici
05.2,Simpatectomia
05.21,Gangliectomia sfenopalatina
05.22,Simpatectomia cervicale
05.23,Simpatectomia lombare
05.24,Simpatectomia presacrale
05.25,Simpatectomia periarteriosa
05.29,Altre simpatectomie e gangliectomie
05.3,Iniezione in nervi o gangli simpatici
05.31,Iniezione di anestetico nei nervi simpatici per analgesia
05.32,Iniezione di agenti neurolitici nei nervi simpatici
05.39,Altra iniezione in nervi o gangli simpatici
05.8,Altri interventi su nervi o su gangli simpatici
05.81,Riparazione di nervi o gangli simpatici
05.89,Altri interventi su nervi simpatici
05.9,Altri interventi sul sistema nervoso
06,Interventi sulla tiroide e sulle paratiroidi
06.0,Incisione della regione tiroidea
06.01,Aspirazione nella regione tiroidea
06.02,Riapertura di ferita della regione tiroidea
06.09,Altra incisione della regione tiroidea
06.1,Procedure diagnostiche sulla tiroide e sulle paratiroidi
06.11,Biopsia [percutanea] [agobiopsia] della tiroide
06.12,Biopsia a cielo aperto della tiroide
06.13,Biopsia delle paratiroidi
06.19,Altra procedura diagnostica sulla tiroide o sulle paratiroidi
06.2,Lobectomia monolaterale della tiroide
06.3,Altra tiroidectomia parziale
06.31,Asportazione di lesione della tiroide
06.39,Altra tiroidectomia parziale
06.4,Tiroidectomia completa
06.5,Tiroidectomia retrosternale
06.50,"Tiroidectomia retrosternale, SAI"
06.51,Tiroidectomia retrosternale parziale
06.52,Tiroidectomia retrosternale completa
06.6,Asportazione di tiroide linguale
06.7,Asportazione del tratto o dotto tireoglosso
06.8,Paratiroidectomia
06.81,Paratiroidectomia completa
06.89,Altra paratiroidectomia
06.9,Altri interventi sulle regioni tiroidea e paratiroidea
06.91,Sezione dell’istmo tiroideo
06.92,Legatura dei vasi tiroidei
06.93,Sutura della tiroide
06.94,Reimpianto di tessuto tiroideo
06.95,Reimpianto di tessuto paratiroideo
06.98,Altri interventi sulla tiroide
06.99,Altri interventi sulle paratiroidi
07,Interventi su altre ghiandole endocrine
07.0,Esplorazione della regione surrenalica
07.00,Esplorazione della regione surrenalica non altrimenti specificata
07.01,Esplorazione unilaterale della regione surrenalica
07.02,Esplorazione bilaterale della regione surrenalica
07.1,"Procedure diagnostiche sulle ghiandole surrenali, ipofisi, ghiandola pineale e timo"
07.11,Biopsia [percutanea] [agobiopsia] delle ghiandole surrenali
07.12,Biopsia a cielo aperto delle ghiandole surrenali
07.13,Biopsia dell’ipofisi per via trans-frontale
07.14,Biopsia dell’ipofisi per via trans-sfenoidale
07.15,Biopsia dell’ipofisi per via non specificata
07.16,Biopsia del timo
07.17,Biopsia della ghiandola pineale
07.19,"Altre procedure diagnostiche sulle ghiandole surrenali, ipofisi, ghiandola pineale e timo"
07.2,Surrenectomia parziale
07.21,Asportazione di lesione delle ghiandole surrenali
07.22,Surrenectomia monolaterale
07.29,Altra surrenectomia parziale
07.3,Surrenectomia bilaterale
07.4,"Altri interventi su nervi, vasi e ghiandole surrenali"
07.41,Incisione delle ghiandole surrenali
07.42,Sezione di nervi afferenti alle ghiandole surrenaliche
07.43,Legatura di vasi delle ghiandole surrenali
07.44,Riparazione delle ghiandole surrenali
07.45,Reimpianto delle ghiandole surrenali
07.49,"Altri interventi su nervi, vasi e ghiandole surrenali"
07.5,Interventi sulla ghiandola pineale
07.51,Esplorazione della regione pineale
07.52,Incisione della ghiandola pineale
07.53,Asportazione parziale della ghiandola pineale
07.54,Asportazione della ghiandola pineale
07.59,Altri interventi sulla ghiandola pineale
07.6,Ipofisectomia
07.61,"Asportazione parziale dell’ipofisi, per via trans-frontale"
07.62,"Asportazione parziale dell’ipofisi, per via trans-sfenoidale"
07.63,"Asportazione parziale dell’ipofisi, per via non specificata"
07.64,Asportazione totale dell’ipofisi per via trans-frontale
07.65,Asportazione totale dell’ipofisi per via trans-sfenoidale
07.68,"Asportazione totale dell’ipofisi, per altra via specificata"
07.69,Asportazione totale dell’ipofisi per via non specificata
07.7,Altri interventi sull’ipofisi
07.71,Esplorazione della fossa dell’ipofisi
07.72,Incisione dell’ipofisi
07.79,Altri interventi sull’ipofisi
07.8,Timectomia
07.80,"Timectomia, SAI"
07.81,Asportazione parziale del timo
07.82,Asportazione totale del timo
07.9,Altri interventi sul timo
07.91,Esplorazione dell’area timica
07.92,Incisione del timo
07.93,Riparazione del timo
07.94,Trapianto del timo
07.99,Altri interventi sul timo
08,Interventi sulla palpebra
08.0,Incisione della palpebra
08.01,Incisione del margine palpebrale
08.02,Apertura di blefarorrafia
08.09,Altra incisione della palpebra
08.1,Procedure diagnostiche sulla palpebra
08.11,Biopsia della palpebra
08.19,Altre procedure diagnostiche sulla palpebra
08.2,Escissione o demolizione di lesione o tessuto della palpebra
08.20,"Rimozione di lesione della palpebra, SAI"
08.21,Asportazione di calazio
08.22,Asportazione di altra piccola lesione della palpebra
08.23,Asportazione di lesione estesa della palpebra non a tutto spessore
08.24,"Asportazione di lesione estesa della palpebra, a tutto spessore"
08.25,Demolizione di lesione palpebrale
08.3,Correzione di blefaroptosi e retrazione palpebrale
08.31,"Correzione di blefaroptosi con intervento sui muscoli frontali, con sutura"
08.32,Correzione di blefaroptosi con anastomosi del muscolo frontale mediante fascia lata
08.33,Correzione di blefaroptosi con resezione o avanzamento del muscolo elevatore o sua aponeurosi
08.34,Correzione di blefaroptosi con altre tecniche che utilizzano il muscolo elevatore
08.35,Correzione di blefaroptosi con tecnica tarsale
08.36,Correzione di blefaroptosi con altre tecniche
08.37,Riduzione di sovracorrezione di blefaroptosi
08.38,Correzione di retrazione della palpebra
08.4,Riparazione di entropion o ectropion
08.41,Riparazione di entropion o ectropion con termocoagulazione
08.42,Riparazione di entropion o ectropion con tecnica di sutura
08.43,Riparazione di entropion o ectropion con resezione cuneiforme
08.44,Riparazione di entropion o ectropion con ricostruzione della palpebra
08.49,Altra riparazione di entropion o ectropion
08.5,Altra correzione della posizione della palpebra
08.51,Cantotomia
08.52,Blefarorrafia
08.59,Altra correzione della posizione della palpebra
08.6,Ricostruzione della palpebra con lembo o innesto
08.61,Ricostruzione della palpebra con lembo o innesto cutaneo
08.62,Ricostruzione della palpebra con innesto o lembo di mucosa
08.63,Ricostruzione della palpebra con innesto del follicolo pilifero
08.64,Ricostruzione della palpebra con lembo tarsocongiuntivale
08.69,Altra ricostruzione della palpebra con lembo o innesto (Innesto composto)
08.7,Altra ricostruzione della palpebra
08.70,"Ricostruzione della palpebra, SAI"
08.71,"Ricostruzione della palpebra interessante il margine palpebrale, non a tutto spessore"
08.72,"Altra ricostruzione della palpebra, non a tutto spessore"
08.73,"Ricostruzione della palpebra interessante il margine palpebrale, a tutto spessore"
08.74,"Altra ricostruzione della palpebra, a tutto spessore"
08.8,Altra riparazione della palpebra
08.81,Riparazione lineare di lacerazione della palpebra e delle sopracciglia
08.82,"Riparazione di lacerazione della palpebra interessante il margine palpebrale, non a tutto spessore"
08.83,"Altra riparazione di lacerazione della palpebra, non a tutto spessore"
08.84,"Riparazione di lacerazione della palpebra interessante il margine palpebrale, a tutto spessore"
08.85,"Altra ricostruzione di lacerazione della palpebra, a tutto spessore"
08.86,Plastica anti-rughe della palpebra inferiore
08.87,Plastica anti-rughe della palpebra superiore
08.89,Altra riparazione della palpebra
08.9,Altri interventi sulle palpebre
08.91,Depilazione elettrochirurgica della palpebra
08.92,Depilazione criochirurgica della palpebra
08.93,Altra depilazione della palpebra
08.99,Altri interventi sulla palpebra
09,Interventi sull’apparato lacrimale
09.0,Incisione della ghiandola lacrimale
09.1,Procedure diagnostiche sull’apparato lacrimale
09.11,Biopsia della ghiandola lacrimale
09.12,Biopsia del sacco lacrimale
09.19,Altre procedure diagnostiche sull’apparato lacrimale
09.2,Asportazione di lesione o tessuto della ghiandola lacrimale
09.20,"Asportazione della ghiandola lacrimale, SAI"
09.21,Asportazione di lesione della ghiandola lacrimale
09.22,Altra dacrioadenectomia parziale
09.23,Dacrioadenectomia totale
09.3,Altri interventi sulla ghiandola lacrimale
09.4,Interventi sulle vie lacrimali
09.41,Specillazione del punto lacrimale
09.42,Specillazione dei canalicoli lacrimali
09.43,Specillazione del dotto naso-lacrimale
09.44,Intubazione del dotto naso-lacrimale
09.49,Altre manipolazioni delle vie lacrimali
09.5,Incisione del sacco e delle vie lacrimali
09.51,Incisione del punto lacrimale
09.52,Incisione dei canalicoli lacrimali
09.53,Incisione del sacco lacrimale
09.59,Altra incisione delle vie lacrimali
09.6,Asportazione del sacco e delle vie lacrimali
09.7,Riparazione dei canalicoli e del punto lacrimale
09.71,Correzione di eversione del punto lacrimale
09.72,Altra riparazione del punto lacrimale
09.73,Riparazione dei canalicoli
09.8,Fistolizzazione del tratto lacrimale verso la cavità nasale
09.81,Dacriocistorinostomia (DCR)
09.82,Congiuntivocistorinostomia
09.83,Congiuntivorinostomia con inserzione di tubo o supporto
09.9,Altri interventi sull’apparato lacrimale
09.91,Obliterazione del punto lacrimale
09.99,Altri interventi sull’apparato lacrimale
10,Interventi sulla congiuntiva
10.0,Rimozione di corpo estraneo infisso nella congiuntiva con incisione
10.1,Altra incisione della congiuntiva
10.2,Procedure diagnostiche sulla congiuntiva
10.21,Biopsia della congiuntiva
10.29,Altre procedure diagnostiche sulla congiuntiva
10.3,Asportazione o demolizione di lesione o tessuto della congiuntiva
10.31,Asportazione di lesione o tessuto della congiuntiva
10.32,Demolizione di lesione della congiuntiva
10.33,Altri interventi di demolizione sulla congiuntiva
10.4,Congiuntivoplastica
10.41,Riparazione di simblefaron con innesto libero
10.42,Ricostruzione di cul de sac congiuntivale con innesto libero
10.43,Altra ricostruzione di cul de sac congiuntivale
10.44,Altro innesto libero alla congiuntiva
10.49,Altra congiuntivoplastica
10.5,Lisi di aderenze della congiuntiva e della palpebra
10.6,Riparazione di lacerazione della congiuntiva
10.9,Altri interventi sulla congiuntiva
10.91,Iniezione sottocongiuntivale
10.99,Altri interventi sulla congiuntiva
11,Interventi sulla cornea
11.0,Rimozione di corpo estraneo dalla cornea con impiego di magnete
11.1,Incisione della cornea
11.2,Procedure diagnostiche sulla cornea
11.21,Curettage della cornea per striscio o coltura
11.22,Biopsia della cornea
11.29,Altra procedura diagnostica sulla cornea
11.3,Asportazione dello pterigium
11.31,Trasposizione dello pterigium
11.32,Asportazione dello pterigium con innesto della cornea
11.39,Altra asportazione dello pterigium
11.4,Asportazione o demolizione di tessuto o altra lesione della cornea
11.41,Rimozione meccanica dell’epitelio corneale
11.42,Termocauterizzazione di lesione della cornea
11.43,Crioterapia di lesione della cornea
11.49,Altra rimozione o demolizione di lesione della cornea
11.5,Riparazione della cornea
11.51,Sutura di ferita corneale
11.52,Riparazione di ferita chirurgica deiscente della cornea
11.53,Riparazione di lacerazione o ferita della cornea con lembo congiuntivale
11.59,Altra riparazione della cornea
11.6,Trapianto di cornea
11.60,"Trapianto di cornea, non altrimenti specificato"
11.61,Cheratoplastica lamellare autologa
11.62,Altra cheratoplastica lamellare
11.63,Cheratoplastica perforante autologa (a tutto spessore)
11.64,Altra cheratoplastica perforante omologa
11.69,Altro trapianto della cornea
11.7,Altri interventi di ricostruzione della cornea
11.71,Cheratomileusi
11.72,Cheratofachia
11.73,Cheratoprotesi
11.74,Termocheratoplastica
11.75,Cheratotomia radiale
11.76,"Epicheratofachia (lembo fresco, lembo conservato)"
11.79,Altri interventi rifrattivi sulla cornea
11.9,Altri interventi sulla cornea
11.91,Tatuaggio della cornea
11.92,Rimozione di impianto artificiale dalla cornea
11.99,Altri interventi sulla cornea
12,"Interventi sull’iride, sul corpo ciliare, sulla sclera, sulla camera anteriore"
12.0,Rimozione di corpo estraneo intraoculare dal segmento anteriore dell’occhio
12.00,"Rimozione di corpo estraneo intraoculare dal segmento anteriore dell’occhio, SAI"
12.01,Rimozione di corpo estraneo intraoculare dal segmento anteriore dell’occhio con impiego di magnete
12.02,Rimozione di corpo estraneo intraoculare dal segmento anteriore dell’occhio senza impiego di magnete
12.1,Iridotomia ed iridectomia semplice
12.11,Iridotomia mediante trasfissione
12.12,Altra iridotomia
12.13,Escissione di iride prolassata
12.14,Altra iridectomia
12.2,"Procedure diagnostiche sull’iride, sul corpo ciliare, sulla sclera e sulla camera anteriore"
12.21,Aspirazione diagnostica della camera anteriore dell’occhio
12.22,Biopsia dell’iride
12.29,"Altra procedura diagnostica sull’iride, sul corpo ciliare, sulla sclera e sulla camera anteriore"
12.3,Iridoplastica e coreoplastica
12.31,Lisi di goniosinechie
12.32,Lisi di altre sinechie anteriori
12.33,Lisi di sinechie posteriori
12.34,Lisi di aderenze corneovitreali
12.35,Coreoplastica
12.39,Altra iridoplastica
12.4,Asportazione o demolizione di lesione dell’iride e del corpo ciliare
12.40,"Rimozione di lesione del segmento anteriore dell’occhio, SAI"
12.41,"Demolizione di lesione dell’iride, non escissionale"
12.42,Asportazione di lesione dell’iride
12.43,Demolizione di lesione del corpo ciliare non escissionale
12.44,Asportazione di lesione del corpo ciliare
12.5,Interventi per favorire la circolazione intraoculare
12.51,Goniopuntura senza goniotomia
12.52,Goniotomia senza goniopuntura
12.53,Goniotomia con goniopuntura
12.54,Trabeculotomia ab externo
12.55,Ciclodialisi
12.59,Altri interventi per facilitare la circolazione intraoculare (Trabeculoplastica mediante laser) (Goniospasi mediante laser)
12.6,Fistolizzazione sclerale
12.61,Trapanazione sclerale con iridectomia
12.62,Termocauterizzazione della sclera con iridectomia (Sclerotomia)
12.63,Iridencleisi e iridotasi
12.64,Trabeculectomia ab externo
12.65,Altra fistolizzazione sclerale con iridectomia
12.66,Revisione postoperatoria di interventi di fistolizzazione della sclera
12.69,Altri interventi di fistolizzazione della sclera
12.7,Altri interventi chirurgici per ridurre l’ipertono oculare
12.71,Ciclodiatermia
12.72,Ciclocrioterapia
12.73,Ciclofotocoagulazione
12.74,"Riduzione del corpo ciliare, SAI"
12.79,Altri interventi per glaucoma
12.8,Interventi sulla sclera
12.81,Sutura di ferita sclerale
12.82,Riparazione di fistola sclerale
12.83,Revisione di ferita operatoria del segmento anteriore dell’occhio non classificata altrove
12.84,Asportazione o demolizione di lesione della sclera
12.85,Riparazione di stafiloma della sclera con innesto
12.86,Altra riparazione di stafiloma della sclera
12.87,Rinforzo di sclera mediante innesto
12.88,Altro rinforzo della sclera
12.89,Altri interventi sulla sclera
12.9,"Altri interventi sull’iride, sul corpo ciliare e sulla camera anteriore"
12.91,Paracentesi della camera anteriore
12.92,Iniezione nella camera anteriore
12.93,Rimozione o distruzione dell’epitelio invadente la camera anteriore
12.97,Altri interventi sull’iride
12.98,Altri interventi sul corpo ciliare
12.99,Altri interventi sulla camera anteriore
13,Interventi sul cristallino
13.0,Rimozione di corpo estraneo dal cristallino
13.00,"Rimozione di corpo estraneo dal cristallino, SAI"
13.01,Rimozione di corpo estraneo dal cristallino con magnete
13.02,Rimozione di corpo estraneo dal cristallino senza magnete
13.1,Estrazione intracapsulare del cristallino
13.11,Estrazione intracapsulare del cristallino per via temporale
13.19,Altra estrazione intracapsulare del cristallino
13.2,Estrazione extracapsulare della cataratta con tecnica di estrazione lineare
13.3,Estrazione extracapsulare del cristallino con tecnica di aspirazione semplice (e di irrigazione)
13.4,Estrazione extracapsulare della cataratta con tecnica di frammentazione ed aspirazione
13.41,Facoemulsificazione ed aspirazione di cataratta
13.42,Facoframmentazione ed aspirazione di cataratta per via pars plana
13.43,Dacoframmentazione meccanica ed aspirazione della cataratta
13.5,Altra estrazione extracapsulare del cristallino
13.51,Estrazione extracapsulare del cristallino per via temporale
13.59,Altra estrazione extracapsulare del cristallino
13.6,Altra estrazione di cataratta
13.64,Capsulotomia con YAG-laser dopo estrazione di cataratta
13.65,Asportazione chirurgica di cataratta secondaria
13.66,Capsulotomia chirurgica dopo estrazione di cataratta
13.69,Altra estrazione di cataratta secondaria
13.7,Inserzione di protesi endoculare
13.70,"Inserzione di cristallino artificiale, SAI"
13.71,"Inserzione di cristallino artificiale intraoculare al momento della estrazione di cataratta, eseguiti in contemporanea"
13.72,Impianto secondario di cristallino artificiale
13.8,Rimozione di cristallino impiantato
13.9,Altri interventi sul cristallino
13.90,"Interventi sul cristallino, non classificati altrove"
13.91,Impianto di lenti telescopiche intraoculari impianto di telescopio miniaturizzato inclusa rimozione del cristallino con qualsiasi metodo
14,"Interventi sulla retina, sulla coroide, sul corpo vitreo e sulla camera posteriore"
14.0,Rimozione di corpo estraneo dal segmento posteriore dell’occhio
14.00,"Rimozione di corpo estraneo dal segmento posteriore dell’occhio, SAI"
14.01,Rimozione di corpo estraneo dal segmento posteriore dell’occhio con utilizzo di magnete
14.02,Rimozione di corpo estraneo dal segmento posteriore dell’occhio senza utilizzo di magnete
14.1,"Procedure diagnostiche sulla retina, sulla coroide, sul corpo vitreo e sulla camera posteriore"
14.11,Aspirazione diagnostica del corpo vitreo
14.19,"Altre procedure diagnostiche sulla retina, sulla coroide, sul corpo vitreo e sulla camera posteriore"
14.2,Trattamento di lesione retinica e coroideale
14.21,Trattamento diatermico di lesione corioretinica
14.22,Criotrattamento di lesione corioretinica
14.23,Fotocoagulazione di lesione corioretinica con xenon
14.24,Fotocoagulazione di lesione corioretinica con laser
14.25,Fotocoagulazione di lesione corioretinica
14.26,Trattamento di lesione corioretinica con terapia radiante
14.27,Trattamento di lesione corioretinica mediante impianto di sorgente radioattiva
14.29,Altro trattamento di lesione corioretinica
14.3,Riparazione di lacerazione della retina
14.31,Riparazione di lacerazione della retina mediante diatermia
14.32,Riparazione di lacerazione della retina mediante crioterapia
14.33,Riparazione di lacerazione della retina mediante fotocoagulazione con xenon
14.34,Riparazione di lacerazione della retina mediante fotocoagulazione con argon (laser)
14.35,Riparazione di lacerazione della retina mediante fotocoagulazione di tipo non specificato
14.39,Altra riparazione di lacerazione della retina
14.4,Riparazione di distacco retinico mediante indentazione sclerale con impianto
14.41,Piombaggio sclerale con impianto
14.49,Altre indentazioni sclerali
14.5,Altra riparazione di distacco retinico
14.51,Riparazione di distacco retinico mediante diatermia
14.52,Riparazione di distacco retinico con crioterapia
14.53,Riparazione di distacco retinico mediante fotocoagulazione xenon
14.54,Riparazione di distacco retinico mediante fotocoagulazione laser
14.55,Riparazione di distacco retinico mediante fotocoagulazione di tipo non specificato
14.59,Altra riparazione di distacco retinico
14.6,Rimozione dal segmento posteriore dell’occhio di materiale impiantato chirurgicamente
14.7,Interventi sul corpo vitreo
14.71,Vitrectomia per via anteriore (limbare)
14.72,Altra rimozione del corpo vitreo
14.73,Vitrectomia meccanica per via anteriore
14.74,Altra vitrectomia meccanica
14.75,"Iniezione di sostituti vitreali (sostanze con effetto tamponante ab interno: aria, gas, olio di silicone, perfluorocarbonati, ecc.)"
14.79,Altri interventi sul corpo vitreo
14.9,"Altri interventi sulla retina, sulla coroide e sulla camera posteriore"
15,Interventi sui muscoli extraoculari
15.0,Procedure diagnostiche su muscoli e tendini extraoculari
15.01,Biopsia di muscoli o tendini extraoculari
15.09,Altre procedure diagnostiche su muscoli e tendini extraoculari
15.1,Interventi su un muscolo extraoculare che richiedono distacco temporaneo dal bulbo
15.11,Arretramento di un muscolo extraoculare
15.12,Avanzamento di un muscolo extraoculare
15.13,Resezione di un muscolo extraoculare
15.19,Altri interventi su un muscolo extraoculare che richiedono distacco temporaneo dal bulbo
15.2,Altri interventi su un muscolo extraoculare
15.21,Interventi di allungamento di un muscolo extraoculare
15.22,Interventi di accorciamento di un muscolo extraoculare
15.29,Altri interventi su un muscolo extraoculare
15.3,"Interventi su due o più muscoli extraoculari che richiedono distacco temporaneo dal bulbo, uno o entrambi gli occhi"
15.4,"Altri interventi su due o più muscoli extraoculari, uno o entrambi gli occhi"
15.5,Trasposizione di muscoli extraoculari
15.6,Revisione di chirurgia su muscolo extraoculare
15.7,Riparazione di lesioni del muscolo extraoculare
15.9,Altri interventi su muscoli e tendini extraoculari
16,Interventi sull’orbita e sul globo oculare
16.0,Orbitotomia
16.01,Orbitotomia con lembo osseo
16.02,Orbitotomia con inserzione di impianto orbitale
16.09,Altra orbitotomia
16.1,"Rimozione di corpo estraneo penetrante, SAI"
16.2,Procedure diagnostiche sull’orbita e sul bulbo oculare
16.21,Oftalmoscopia
16.22,Aspirazione diagnostica dell’orbita
16.23,Biopsia del bulbo oculare e dell’orbita
16.29,Altre procedure diagnostiche sull’orbita e sul bulbo oculare
16.3,Eviscerazione del bulbo oculare
16.31,Rimozione di contenuti del bulbo oculare con impianto contemporaneo endosclerale
16.39,Altra eviscerazione del bulbo oculare
16.4,Enucleazione del bulbo oculare
16.41,"Enucleazione del bulbo oculare con impianto contemporaneo nella capsula di Tenone di protesi, con inserzione di muscoli"
16.42,Enucleazione del bulbo oculare con altro impianto contemporaneo
16.49,Altra enucleazione del bulbo oculare
16.5,Eviscerazione dei contenuti dell’orbita
16.51,Eviscerazione dell’orbita con rimozione di strutture adiacenti
16.52,Eviscerazione dell’orbita con rimozione terapeutica dell’osso orbitale
16.59,Altra eviscerazione dei contenuti dell’orbita
16.6,Interventi secondari dopo rimozione del bulbo oculare
16.61,Inserzione secondaria di impianto oculare
16.62,Revisione e reinserzione di impianto oculare
16.63,Revisione di enucleazione di orbita con innesto
16.64,Altra revisione di enucleazione di orbita
16.65,Innesto secondario ad eviscerazione della cavità oculare
16.66,Altra revisione di eviscerazione della cavità oculare
16.69,Altri interventi secondari dopo rimozione di bulbo oculare
16.7,Rimozione di impianto oculare o orbitale
16.71,Rimozione di protesi oculare
16.72,Rimozione di protesi orbitale
16.8,Riparazione di lesione del bulbo oculare e dell’orbita
16.81,Riparazione di ferita dell’orbita
16.82,Riparazione di rottura del bulbo oculare
16.89,Altra riparazione di lesione del bulbo oculare o dell’orbita
16.9,Altri interventi sull’orbita e sul bulbo oculare
16.91,Iniezione retrobulbare di sostanze terapeutiche
16.92,Asportazione di lesione dell’orbita
16.93,"Asportazione di lesione oculare, struttura non specificata"
16.98,Altri interventi sull’orbita
16.99,Altri interventi sul bulbo oculare
18,Interventi sull’orecchio esterno
18.0,Incisione dell’orecchio esterno
18.01,Perforazione del lobo dell’orecchio
18.02,Incisione del canale uditivo esterno
18.09,Altra incisione dell’orecchio esterno
18.1,Procedure diagnostiche sull’orecchio esterno
18.11,Otoscopia
18.12,Biopsia dell’orecchio esterno
18.19,Altre procedure diagnostiche sull’orecchio esterno (Microtimpanoscopia)
18.2,Asportazione o demolizione di lesione dell’orecchio esterno
18.21,Asportazione del seno preauricolare
18.29,Asportazione o demolizione di altra lesione dell’orecchio esterno
18.3,Altra asportazione dell’orecchio esterno
18.31,Asportazione radicale di lesione dell’orecchio esterno
18.39,Altra asportazione dell’orecchio esterno
18.4,Sutura di lacerazione dell’orecchio esterno
18.5,Correzione chirurgica di orecchio sporgente
18.6,Ricostruzione del canale uditivo esterno
18.7,Altra riparazione plastica dell’orecchio esterno
18.71,Ricostruzione di padiglione auricolare
18.72,Reimpianto di orecchio amputato
18.79,Altra riparazione plastica dell’orecchio esterno
18.9,Altri interventi sull’orecchio esterno
19,Interventi di ricostruzione dell’orecchio medio
19.0,Mobilizzazione della staffa
19.1,Stapedectomia
19.11,Stapedectomia con sostituzione dell’incudine
19.19,Altra stapedectomia
19.2,Revisione di stapedectomia
19.21,Revisione di stapedectomia con sostituzione dell’incudine
19.29,Altra revisione di stapedectomia
19.3,Altri interventi sulla catena degli ossicini
19.4,Miringoplastica
19.5,Altra timpanoplastica
19.52,Timpanoplastica di tipo II
19.53,Timpanoplastica di tipo III
19.54,Timpanoplastica di tipo IV
19.55,Timpanoplastica di tipo V
19.6,Revisione di timpanoplastica
19.9,Altra riparazione dell’orecchio medio
20,Altri interventi sull’orecchio medio e sull’orecchio interno
20.0,Miringotomia
20.01,Miringotomia con inserzione di tubo
20.09,Altra miringotomia
20.1,Rimozione di tubo timpanostomico
20.2,Incisione della mastoide e dell’orecchio medio
20.21,Incisione della mastoide
20.22,Incisione di cellule pneumatiche della rocca petrosa dell’osso temporale
20.23,Incisione dell’orecchio medio
20.3,Procedure diagnostiche sull’orecchio medio e sull’orecchio interno
20.31,Elettrococleografia
20.32,Biopsia dell’orecchio interno e dell’orecchio medio
20.39,Altre procedure diagnostiche sull’orecchio medio e sull’orecchio interno
20.4,Mastoidectomia
20.41,Mastoidectomia semplice
20.42,Mastoidectomia radicale
20.49,Altra mastoidectomia
20.5,Altra asportazione dell’orecchio medio
20.51,Asportazione di lesione dell’orecchio medio
20.59,Altra asportazione dell’orecchio medio
20.6,Fenestrazione dell’orecchio interno
20.61,Fenestrazione dell’orecchio interno (iniziale)
20.62,Revisione di fenestrazione dell’orecchio interno
20.7,"Incisione, asportazione e demolizione dell’orecchio interno"
20.71,Anastomosi endolinfatico (Decompressione del sacco endolinfatico)
20.72,Iniezione nell’orecchio interno
20.79,"Altra incisione, asportazione e demolizione dell’orecchio interno"
20.8,Interventi sulla tuba di Eustachio
20.9,Altri interventi sull’orecchio medio e interno
20.91,Timpanosimpatectomia
20.92,Revisione di mastoidectomia
20.93,Riparazione delle finestre ovale e rotonda
20.94,Iniezione del timpano
20.95,Impianto di apparecchio acustico elettromagnetico
20.96,"Impianto o sostituzione di apparecchio protesico cocleare, SAI"
20.97,"Impianto o sostituzione di apparecchio protesico cocleare, singolo canale"
20.98,"Impianto o sostituzione di apparecchio protesico cocleare, canale multiplo"
20.99,Altri interventi sull’orecchio medio e interno
21,Interventi sul naso
21.0,Controllo di epistassi
21.00,"Controllo di epistassi, SAI"
21.01,Controllo di epistassi mediante tamponamento nasale anteriore
21.02,Controllo di epistassi mediante tamponamento nasale posteriore (e anteriore)
21.03,Controllo di epistassi mediante cauterizzazione (e tamponamento)
21.04,Controllo di epistassi mediante legatura delle arterie etmoidali
21.05,Controllo di epistassi mediante legatura (transantrale) della arteria mascellare
21.06,Controllo di epistassi mediante legatura dell’arteria carotide esterna
21.07,Controllo di epistassi mediante asportazione della mucosa nasale e innesto di cute del setto e della parete laterale del naso
21.09,Controllo di epistassi con altre procedure
21.1,Incisione del naso
21.2,Procedure diagnostiche sul naso
21.21,Rinoscopia
21.22,Biopsia del naso
21.29,Altre procedure diagnostiche sul naso
21.3,Asportazione o demolizione locale di lesione del naso
21.30,"Asportazione o demolizione di lesione del naso, SAI"
21.31,Asportazione o demolizione locale di lesione intranasale
21.32,Asportazione o demolizione locale di altra lesione del naso
21.4,Resezione del naso
21.5,Resezione sottomucosa del setto nasale
21.6,Turbinectomia
21.61,Turbinectomia mediante diatermia o criochirurgia
21.62,Frattura dei turbinati (Decongestione chirurgica dei turbinati)
21.69,Altra turbinectomia
21.7,Riduzione di frattura nasale
21.71,Riduzione chiusa di frattura nasale non a cielo aperto
21.72,Riduzione aperta di frattura nasale a cielo aperto
21.8,Interventi di riparazione e di plastica del naso
21.81,Sutura di lacerazione del naso
21.82,Chiusura di fistola nasale
21.83,Ricostruzione totale del naso
21.84,Revisione di rinoplastica
21.85,Rinoplastica di ingrandimento
21.86,Rinoplastica parziale
21.87,Altra rinoplastica
21.88,Altra plastica del setto
21.89,Altri interventi di riparazione e di plastica del naso
21.9,Altri interventi sul naso
21.91,Lisi di aderenze del naso
21.99,Altri interventi sul naso
22,Interventi sui seni nasali
22.0,Aspirazione e lavaggio dei seni nasali
22.00,"Aspirazione e lavaggio dei seni nasali, SAI"
22.01,Puntura dei seni nasali per aspirazione o lavaggio
22.02,Aspirazione o lavaggio dei seni nasali attraverso la via naturale
22.1,Procedure diagnostiche sui seni nasali
22.11,Biopsia [endoscopica] [agobiopsia] dei seni nasali
22.12,Biopsia a cielo aperto dei seni nasali
22.19,Altre procedure diagnostiche sui seni nasali
22.2,Antrotomia intranasale
22.3,Antrotomia mascellare esterna
22.31,Antrotomia mascellare radicale
22.39,Altra antrotomia mascellare esterna
22.4,Senotomia e senectomia frontale
22.41,Senotomia frontale
22.42,Senectomia frontale
22.5,Altra senotomia nasale
22.50,"Senotomia, SAI"
22.51,Etmoidotomia
22.52,Sfenoidotomia
22.53,Incisione dei seni multipli
22.6,Altra senectomia nasale
22.60,"Senectomia, SAI"
22.61,Asportazione di lesione del seno mascellare secondo Caldwell-Luc
22.62,Asportazione di lesione del seno mascellare con altro approccio
22.63,Etmoidectomia
22.64,Sfenoidectomia
22.7,Riparazione del seno nasale
22.71,Chiusura di fistola del seno nasale
22.79,Altra riparazione del seno nasale
22.9,Altri interventi sui seni nasali
23,Estrazione riparazione di denti
23.0,Estrazione di dente con pinza
23.01,Estrazione di dente deciduo
23.09,Estrazione di altro dente
23.1,Estrazione chirurgica di dente
23.11,Estrazione di radice residua
23.19,Altra estrazione chirurgica di dente
23.2,Riparazione di dente mediante otturazione
23.3,Riparazione di dente mediante intarsio
23.4,Altra riparazione dentaria
23.41,Applicazione di corona
23.42,Inserzione di ponte fisso
23.43,Inserzione di ponte rimovibile
23.49,Altra riparazione dentaria
23.5,Impianto di dente
23.6,Impianto di protesi dentaria
23.7,Apicectomia e terapia canalare
23.70,"Terapia canalare, SAI"
23.71,Terapia canalare con irrigazione
23.72,Terapia canalare con apicectomia
23.73,Apicectomia
24,"Altri interventi su denti, gengive e alveoli"
24.0,Incisione di gengiva o di osso alveolare
24.1,"Procedure diagnostiche su denti, gengive e alveoli"
24.11,Biopsia della gengiva
24.12,Biopsia dell’alveolo
24.19,"Altri procedure sui denti, gengive e alveoli"
24.2,Gengivoplastica
24.3,Altri interventi sulla gengiva
24.31,Asportazione di lesione o tessuto della gengiva
24.32,Sutura di lacerazione della gengiva
24.39,Altri interventi sulla gengiva
24.4,Asportazione di lesione dentaria della mandibola
24.5,Alveoloplastica
24.6,Esposizione chirurgica di dente
24.7,Applicazione di sussidio ortodontico
24.8,Altro intervento ortodontico
24.9,Altri interventi sui denti
24.91,Estensione o approfondimento del solco linguale o labiale
24.99,Altri interventi sui denti
25,Interventi sulla lingua
25.0,Procedure diagnostiche sulla lingua
25.01,Biopsia [agobiopsia] della lingua
25.02,Biopsia a cielo aperto della lingua
25.09,Altra procedura diagnostica sulla lingua
25.1,Asportazione o demolizione di lesione o tessuto della lingua
25.2,Glossectomia parziale
25.3,Glossectomia completa
25.4,Glossectomia radicale
25.5,Riparazione della lingua e glossoplastica
25.51,Sutura di lacerazione della lingua
25.59,Altri interventi di riparazione e plastica sulla lingua
25.9,Altri interventi sulla lingua
25.91,Frenulotomia linguale
25.92,Frenulectomia linguale
25.93,Lisi di aderenze della lingua
25.94,Altra glossotomia
25.99,Altri interventi sulla lingua
26,Interventi sulle ghiandole e sui dotti salivari
26.0,Incisione delle ghiandole o dotti salivari
26.1,Procedure diagnostiche sulle ghiandole e dotti salivari
26.11,Biopsia [agobiopsia] di ghiandola o dotto salivare
26.12,Biopsia a cielo aperto di ghiandola o dotto salivare
26.19,Altre procedure diagnostiche sulle ghiandole e dotti salivari
26.2,Asportazione di lesione di ghiandola salivare
26.21,Marsupializzazione di cisti di ghiandola salivare
26.29,Altra asportazione di lesione di ghiandola salivare
26.3,Scialoadenectomia
26.30,"Scialoadenectomia, SAI"
26.31,Scialoadenectomia parziale
26.32,Scialoadenectomia completa
26.4,Riparazione di ghiandola o dotto salivare
26.41,Sutura di lacerazione di ghiandola salivare
26.42,Chiusura di fistola di ghiandola salivare
26.49,Altri interventi di riparazione e di plastica su ghiandole o dotti salivari
26.9,Altri interventi su ghiandole o dotti salivari
26.91,Specillazione di dotto salivare
26.99,Altri interventi su ghiandole o dotti salivari
27,Altri interventi sulla bocca e sulla faccia
27.0,Drenaggio della faccia e del pavimento della bocca
27.1,Incisione del palato
27.2,Procedure diagnostiche sulla cavità orale
27.21,Biopsia del palato osseo
27.22,Biopsia dell’ugola e del palato molle
27.23,Biopsia del labbro
27.24,"Biopsia della bocca, struttura non specificata"
27.29,Altre procedure diagnostiche sulla cavità orale
27.3,Asportazione di lesione o tessuto del palato osseo
27.31,Asportazione o demolizione locale di lesione o tessuto del palato osseo
27.32,Asportazione o demolizione ampia di lesione o tessuto del palato osseo
27.4,Asportazione di altre parti della bocca
27.41,Frenulectomia labiale
27.42,Ampia asportazione di lesione del labbro
27.43,Altra asportazione di lesione o tessuto del labbro
27.49,Altra asportazione della bocca
27.5,Riparazione plastica della bocca
27.51,Sutura di lacerazione del labbro
27.52,Sutura di lacerazione di altra parte della bocca
27.53,Chiusura di fistola della bocca
27.54,Riparazione di schisi del labbro
27.55,Innesto (a tutto spessore) di cute su labbro e bocca
27.56,Altro innesto di cute su labbro e bocca (Riparazione di labbro e bocca con lembi di vicinanza)
27.57,Impianto di innesto peduncolato o a lembo su labbro e bocca
27.59,Altra riparazione plastica della bocca
27.6,Palatoplastica
27.61,Sutura di lacerazione del palato
27.62,Correzione di palatoschisi
27.63,Revisione di correzione di palatoschisi
27.64,Inserzione di impianto palatale
27.69,Altra riparazione plastica del palato
27.7,Interventi sull’ugola
27.71,Incisione dell’ugola
27.72,Asportazione dell’ugola
27.73,Riparazione dell’ugola
27.79,Altri interventi sull’ugola
27.9,Altri interventi su bocca e faccia
27.91,Frenulotomia labiale
27.92,"Incisione della bocca, struttura non specificata"
27.99,Altri interventi sulla cavità orale
28,Interventi sulle tonsille e sulle adenoidi
28.0,Incisione e drenaggio di strutture tonsillari e peritonsillari
28.1,Procedure diagnostiche su tonsille e adenoidi
28.11,Biopsia di tonsille e adenoidi
28.19,Altri interventi diagnostici su tonsille e adenoidi
28.2,Tonsillectomia senza adenoidectomia
28.3,Tonsillectomia con adenoidectomia
28.4,Asportazione di residuo tonsillare
28.5,Asportazione di tonsilla linguale
28.6,Adenoidectomia senza tonsillectomia
28.7,Controllo di emorragia dopo tonsillectomia e adenoidectomia
28.9,Altri interventi su tonsille e adenoidi
28.91,Rimozione di corpo estraneo da tonsille e adenoidi mediante incisione
28.92,Asportazione di lesione di tonsille e adenoidi
28.99,Altri interventi su tonsille e adenoidi
29,Interventi sul faringe
29.0,Faringotomia
29.1,Procedure diagnostiche sul faringe
29.11,Faringoscopia
29.12,Biopsia faringea
29.19,Altre procedure diagnostiche sul faringe
29.2,Asportazione di cisti o vestigia della fessura branchiale
29.3,Asportazione o demolizione di lesione o tessuto del faringe
29.31,Miotomia cricofaringea
29.32,Divertivulectomia faringea
29.33,Faringectomia (parziale)
29.39,Asportazione o demolizione di lesione o tessuto del faringe
29.4,Intervento di plastica sul faringe
29.5,Altra riparazione del faringe
29.51,Sutura di lacerazione del faringe
29.52,Chiusura di fistola della fessura branchiale
29.53,Chiusura di altra fistola del faringe
29.54,Lisi di aderenze faringee
29.59,Altra riparazione del faringe
29.9,Altri interventi sul faringe
29.91,Dilatazione del faringe
29.92,Sezione del nervo glossofaringeo
29.99,Altri interventi sul faringe
30,Asportazione della laringe
30.0,Asportazione o demolizione di lesioni o tessuti laringei
30.01,Marsupializzazione di cisti laringea
30.09,Altra asportazione o demolizione di lesione o tessuto della laringe
30.1,Emilaringectomia
30.2,Altra laringectomia parziale
30.21,Epiglottidectomia
30.22,Cordectomia
30.29,Altra laringectomia parziale
30.3,Laringectomia completa
30.4,Laringectomia radicale
31,Altri interventi sulla laringe e sulla trachea
31.0,Iniezione della laringe
31.1,Tracheostomia temporanea
31.2,Tracheostomia permanente
31.21,Tracheostomia mediastinica
31.29,Altra tracheostomia permanente
31.3,Altra incisione di laringe o trachea
31.4,Procedure diagnostiche su laringe e trachea
31.41,Tracheoscopia attraverso stoma artificiale
31.42,Laringoscopia e altra tracheoscopia
31.43,Biopsia [endoscopica] della laringe
31.44,Biopsia chiusa [endoscopica] della trachea
31.45,Biopsia a cielo aperto della laringe o trachea
31.48,Altra procedura diagnostica sulla laringe
31.49,Altre procedure diagnostiche sulla trachea
31.5,Asportazione o demolizione locale di lesione o tessuto della trachea
31.6,Riparazione della laringe
31.61,Sutura di lacerazione della laringe
31.62,Chiusura di fistola della laringe
31.63,Revisione di laringostomia
31.64,Riparazione di frattura della laringe
31.69,Altra riparazione della laringe
31.7,Interventi di riparazione e di plastica sulla trachea
31.71,Sutura di lacerazione della trachea
31.72,Chiusura di fistola esterna della trachea
31.73,Chiusura di altra fistola della trachea
31.74,Revisione della tracheostomia
31.75,Ricostruzione della trachea e costruzione di laringe artificiale
31.79,Altri interventi di riparazione e di plastica sulla trachea
31.9,Altri interventi su laringe e trachea
31.91,Resezione del nervo laringeo
31.92,Lisi di aderenze della trachea o della laringe
31.93,Sostituzione di stent laringeo o tracheale
31.94,Iniezione di sostanze terapeutiche ad azione locale nella trachea
31.95,Fistolizzazione tracheoesofagea
31.98,Altri interventi sulla laringe
31.99,Altri interventi sulla trachea
32,Asportazione del polmone e dei bronchi
32.0,Asportazione o demolizione locale di lesione o tessuto dei bronchi
32.01,Asportazione o demolizione endoscopica di lesione o tessuto dei bronchi
32.09,Altra asportazione o demolizione locale di lesione o tessuto dei bronchi
32.1,Altra asportazione dei bronchi
32.2,Asportazione o demolizione locale di lesione o tessuto del polmone
32.21,Plicatura di bolle enfisematose
32.22,Riduzione chirurgica del volume polmonare
32.23,Ablazione a cielo aperto di lesione o tessuto polmonare
32.24,Ablazione percutanea di lesione o tessuto polmonare
32.25,Ablazione per via toracoscopica di lesione o tessuto polmonare
32.26,Altra e non specificata ablazione di lesione o tessuto polmonare
32.28,Asportazione o demolizione endoscopica di lesione o tessuto del polmone
32.29,Altra asportazione o demolizione locale di lesione o tessuto del polmone
32.3,Resezione segmentale del polmone
32.4,Lobectomia del polmone
32.5,Pneumonectomia completa
32.6,Dissezione radicale delle strutture toraciche
32.9,Altra asportazione del polmone
33,Altri interventi sul polmone e sui bronchi
33.0,Incisione dei bronchi
33.1,Incisione del polmone
33.2,Procedure diagnostiche sul polmone e sui bronchi
33.21,Broncoscopia attraverso stoma artificiale
33.22,Broncoscopia con fibre ottiche
33.23,Altra broncoscopia
33.24,Biopsia bronchiale [endoscopica]
33.25,Biopsia a cielo aperto dei bronchi
33.26,Biopsia chiusa [percutanea] [agobiopsia] del polmone
33.27,Biopsia endoscopica del polmone
33.28,Biopsia a cielo aperto del polmone
33.29,Altre procedure diagnostiche sul polmone
33.3,Collassamento chirurgico del polmone
33.31,Distruzione del nervo frenico per collassamento del polmone
33.32,Pneumotorace artificiale per collassamento del polmone
33.33,Pneumoperitoneo per collasso del polmone
33.34,Toracoplastica
33.39,Altro collassamento chirurgico del polmone
33.4,Interventi di riparazione e di plastica sul polmone e sui bronchi
33.41,Sutura di lacerazione bronchiale
33.42,Chiusura di fistola bronchiale
33.43,Chiusura di lacerazione del polmone
33.48,Altri interventi di riparazione e plastica sui bronchi
33.49,Altri interventi di riparazione e plastica sul polmone
33.5,Trapianto del polmone
33.50,Trapianto del polmone SAI
33.51,Trapianto unilaterale del polmone
33.52,Trapianto bilaterale del polmone
33.6,Trapianto combinato cuore polmone
33.7,"Inserzione endoscopica, sostituzione o rimozione di sostanze o dispositivi terapeutici in bronchi o polmone"
33.71,Inserzione endoscopica o sostituzione di valvola/e bronchiale valvola endobronchiale unidirezionale valvola intrabronchiale unidirezionale
33.78,Rimozione endoscopica di dispositivo o sostanze bronchiali
33.79,Inserzione endoscopica di altro dispositivo o sostanze bronchiali
33.9,Altri interventi sul polmone e sui bronchi
33.91,Dilatazione bronchiale
33.92,Sutura di bronco
33.93,Puntura del polmone
33.98,Altri interventi sui bronchi
33.99,Altri interventi sul polmone
34,"Interventi sulla parete toracica, sulla pleura, sul mediastino e sul diaframma"
34.0,Incisione della parete toracica e della pleura
34.01,Incisione della parete toracica
34.02,Toracotomia esplorativa
34.03,Riapertura della sede di toracotomia recente
34.04,Inserzione di drenaggio intercostale
34.05,Creazione di anastomosi pleuroperitoneale
34.09,Altra incisione della pleura
34.1,Incisione del mediastino
34.2,"Procedure diagnostiche su parete toracica, pleura, mediastino e diaframma"
34.21,Toracoscopia transpleurica
34.22,Mediastinoscopia
34.23,Biopsia della parete toracica
34.24,Biopsia della pleura
34.25,Biopsia [percutanea] [agobiopsia] del mediastino
34.26,Biopsia mediastinica a cielo aperto
34.27,Biopsia del diaframma
34.28,"Altra procedura diagnostica sul torace, pleura e diaframma"
34.29,Altre procedure diagnostiche sul mediastino
34.3,Asportazione o demolizione di lesione o tessuto del mediastino
34.4,Asportazione o demolizione di lesione della parete toracica
34.5,Pleurectomia
34.51,Decorticazione del polmone
34.59,Altra asportazione della pleura
34.6,Scarificazione della pleura
34.7,Riparazione della parete toracica
34.71,Sutura di lacerazione della parete toracica
34.72,Chiusura di toracostomia
34.73,Chiusura di altra fistola del torace
34.74,Riparazione di deformità del torace
34.79,Altra riparazione della parete toracica
34.8,Interventi sul diaframma
34.81,Asportazione di lesione o tessuto del diaframma
34.82,Sutura di lacerazione del diaframma
34.83,Chiusura di fistola del diaframma
34.84,Altra riparazione del diaframma
34.85,Impianto di pace-maker nel diaframma
34.89,Altri interventi sul diaframma
34.9,Altri interventi sul torace
34.91,Toracentesi
34.92,Iniezione nella cavità toracica
34.93,Riparazione della pleura
34.99,Altri interventi sul torace
35,Interventi sulle valvole e sui setti del cuore
35.0,Valvulotomia a cuore chiuso
35.00,"Valvulotomia a cuore chiuso, valvola non specificata"
35.01,"Valvulotomia a cuore chiuso, valvola aortica"
35.02,"Valvulotomia a cuore chiuso, valvola mitrale"
35.03,"Valvulotomia a cuore chiuso, valvola polmonare"
35.04,"Valvulotomia a cuore chiuso, valvola tricuspide"
35.1,Valvuloplastica a cuore aperto senza sostituzione
35.10,"Valvuloplastica a cuore aperto senza sostituzione, valvola non specificata"
35.11,Valvuloplastica a cuore aperto della valvola aortica senza sostituzione
35.12,Valvuloplastica a cuore aperto della valvola mitrale senza sostituzione
35.13,Valvuloplastica a cuore aperto della valvola polmonare senza sostituzione
35.14,Valvuloplastica a cuore aperto della valvola tricuspide senza sostituzione
35.2,Sostituzione di valvola cardiaca
35.20,Sostituzione di valvola cardiaca non specificata
35.21,Sostituzione della valvola aortica con bioprotesi
35.22,Altra sostituzione di valvola aortica con protesi
35.23,Sostituzione della valvola mitrale con bioprotesi
35.24,Altra sostituzione di valvola mitrale con protesi
35.25,Sostituzione di valvola polmonare con bioprotesi
35.26,Altra sostituzione di valvola polmonare con protesi
35.27,Sostituzione di valvola tricuspide con bioprotesi
35.28,Altra sostituzione di valvola tricuspide con protesi
35.3,Interventi su strutture adiacenti le valvole cardiache
35.31,Interventi sul muscolo papillare
35.32,Interventi sulle corde tendinee
35.33,Annuloplastica
35.34,Infundibulectomia
35.35,Interventi sulle trabecole carnose del cuore
35.39,Interventi su altre strutture adiacenti alle valvole del cuore
35.4,Produzione di difetto settale nel cuore
35.41,Allargamento di difetto esistente del setto atriale
35.42,Creazione di difetto settale nel cuore
35.5,Riparazione con protesi dei setti interatriale e interventricolare
35.50,Riparazione di difetto settale non specificato del cuore con protesi
35.51,"Riparazione di difetto del setto interatriale con protesi, tecnica aperta"
35.52,Riparazione di difetto del setto interatriale con sutura diretta
35.53,Riparazione con protesi di difetto del setto interventricolare
35.54,Riparazione con protesi di difetto dei cuscinetti endocardici
35.55,"Riparazione di difetto del setto ventricolare con protesi, tecnica chiusa"
35.6,Riparazione dei setti interatriale e interventricolare con innesto tissutale (sintetico o biologico)
35.60,Riparazione di difetto in setto non specificato del cuore con innesto tissutale
35.61,Riparazione di difetto del setto interatriale con innesto tissutale
35.62,Riparazione di difetto del setto interventricolare con innesto tissutale
35.63,Riparazione di difetto dei cuscinetti endocardici con innesto tissutale
35.7,Altra e non specificata riparazione dei setti interatriale e interventricolare
35.70,Altra e non specificata riparazione di difetto intersettale non specificato del cuore
35.71,Altra e non specificata riparazione di difetto del setto interatriale
35.72,Altra e non specificata riparazione di difetto del setto interventricolare
35.73,Altra e non specificata riparazione di difetto dei cuscinetti endocardici
35.8,Correzione totale di alcune anomalie cardiache congenite
35.81,Correzione totale di tetralogia di Fallot
35.82,Correzione totale di completa anomalia della connessione venosa polmonare
35.83,Correzione totale del tronco arterioso
35.84,Correzione totale di trasposizione di grande vaso non classificato altrove
35.9,Altri interventi su valvole e setti del cuore
35.91,Trasposizione interatriale del ritorno venoso
35.92,Creazione di condotto fra ventricolo destro e arteria polmonare
35.93,Creazione di condotto fra il ventricolo sinistro e l’aorta
35.94,Creazione di condotto fra atrio e arteria polmonare
35.95,Revisione di procedure correttive del cuore
35.96,Valvuloplastica percutanea
35.98,Altri interventi sui setti del cuore
35.99,Altri interventi sulle valvole del cuore
36,Interventi sui vasi del cuore
36.0,Rimozione di ostruzione dell’arteria coronarica ed inserzione di stent
36.03,Angioplastica dell’arteria coronarica a torace aperto
36.04,Infusione trombolitica nell’arteria coronarica
36.06,Inserzione di stent non medicato nell’arteria coronarica
36.07,Inserzione di stent medicato in arteria coronaria
36.09,Altra rimozione di ostruzione dell’arteria coronarica
36.1,Bypass per rivascolarizzazione cardiaca
36.10,"Bypass aortocoronarico per rivascolarizzazione cardiaca, SAI"
36.11,Bypass (aorto)coronarico di una arteria coronarica
36.12,Bypass (aorto)coronarico di due arterie coronariche
36.13,Bypass (aorto)coronarico di tre arterie coronariche
36.14,Bypass (aorto)coronarico di quattro o più arterie coronariche
36.15,Bypass singolo mammaria internaarteria coronarica
36.16,Bypass doppio mammaria internaarteria coronarica
36.17,Bypass dell’arteria coronaria addominale
36.19,Altro bypass per rivascolarizzazione cardiaca
36.2,Rivascolarizzazione cardiaca mediante innesto arterioso
36.3,Altra rivascolarizzazione cardiaca
36.31,Rivascolarizzazione transmiocardica a torace aperto
36.32,Altra rivascolarizzazione transmiocardica
36.33,Rivascolarizzazione transmiocardica endoscopica
36.34,Rivascolarizzazione transmiocardica per cutanea
36.39,Altra rivascolarizzazione cardiaca
36.9,Altri interventi sui vasi del cuore
36.91,Riparazione di aneurisma dei vasi coronarici
36.99,Altri interventi sui vasi del cuore
37,Altri interventi sul cuore e sul pericardio
37.0,Pericardiocentesi
37.1,Cardiotomia e pericardiotomia
37.10,Incisione cardiaca SAI
37.11,Cardiotomia
37.12,Pericardiotomia
37.2,Procedure diagnostiche sul cuore e sul pericardio
37.20,Stimolazione elettrica non invasiva programmata [NIPS]
37.21,Cateterismo cardiaco del cuore destro
37.22,Cateterismo cardiaco del cuore sinistro
37.23,Cateterismo cardiaco combinato del cuore destro e sinistro
37.24,Biopsia del pericardio
37.25,Biopsia del cuore
37.26,Test invasivo elettrofisiologico con cateterismo
37.27,Mappatura del cuore
37.28,Ecocardiografia intracardiaca [ICE]
37.29,Altre procedure diagnostiche su cuore e pericardio
37.3,Pericardiectomia ed escissione di lesione del cuore
37.31,Pericardiectomia
37.32,Asportazione di aneurisma del cuore
37.33,"Asportazione o distruzione di altra lesione o tessuto del cuore, approccio aperto"
37.34,"Asportazione o distruzione di altri tessuti o lesioni del cuore, altro approccio"
37.35,Asportazione parziale di ventricolo
37.4,Riparazione del cuore e pericardio
37.41,Impianto di dispositivo protesico di supporto cardiaco attorno al cuore
37.49,Altra riparazione di cuore e pericardio
37.5,Procedure di sostituzione cardiaca
37.51,Trapianto di cuore
37.52,Impianto di sistema di sostituzione cardiaca totale
37.53,Riparazione o sostituzione di un’unità toracica di sistema di sostituzione cardiaca totale
37.54,Riparazione o sostituzione di altro componente impiantabile di sistema di sostituzione cardiaca totale
37.6,Impianto di sistemi di assistenza cardiaca e di circolazione assistita
37.61,Impianto di contropulsatore aortico
37.62,Inserzione di sistemi di assistenza cardiaca non impiantabili
37.63,Riparazione di sistema di assistenza cardiaca
37.64,Rimozione di sistemi di circolazione assistita
37.65,Impianto di sistema di assistenza cardiaca esterno
37.66,Inserzione di sistema di assistenza cardiaca impiantabile
37.67,Impianto di sistema di cardiostimolazione
37.68,Inserzione di dispositivo di assistenza cardiaca esterno percutaneo
37.7,"Inserzione, revisione, sostituzione, rimozione di elettrodi; inserzione di sistema di pacemaker temporaneo; o revisione di tasca per dispositivo cardiaco"
37.70,Inserzione iniziale di elettrodo non altrimenti specificato
37.71,Inserzione iniziale di elettrodo transvenoso nel ventricolo
37.72,Inserzione iniziale di elettrodi transvenosi nell’atrio e nel ventricolo
37.73,Inserzione iniziale di elettrodo transvenoso nell’atrio
37.74,Inserzione o riposizionamento di elettrodo epicardico nell’epicardio
37.75,Revisione di elettrodo
37.76,Riposizionamento di elettrodo transvenoso atriale e/o ventricolare
37.77,Rimozione di elettrodo senza riposizionamento
37.78,Inserzione di pace-maker transvenoso temporaneo
37.79,Revisione o riposizionamento di tasca di dispositivo cardiaco
37.8,"Inserzione, sostituzione, revisione e rimozione di pace-maker cardiaco"
37.80,"Inserzione di pace-maker permanente, iniziale o sostituzione, tipo di strumento non specificato"
37.81,"Inserzione iniziale di apparecchio a camera singola, non specificato come frequenza di risposta"
37.82,"Inserzione iniziale di apparecchio a camera singola, frequenza di risposta"
37.83,"Inserzione iniziale di apparecchio a camera doppia, apparecchio sequenziale atrio-ventricolo"
37.85,Sostituzione di un eventuale pace-maker con apparecchio a camera singola non specificato come frequenza di risposta
37.86,"Sostituzione di eventuale pacemaker con apparecchio a camera singola, frequenza di risposta"
37.87,Sostituzione di eventuale apparecchio di pace-maker con camera doppia
37.89,Revisione o rimozione di pace-maker
37.9,Altri interventi sul cuore e sul pericardio
37.90,Inserzione di dispositivo nell’appendice atriale sinistra
37.91,Massaggio cardiaco a torace aperto
37.92,Iniezione intracardiaca di sostanze terapeutiche
37.93,Iniezione di sostanze terapeutiche nel pericardio
37.94,"Impianto o sostituzione di defibrillatore automatico, sistema totale [AICD]"
37.95,Impianto di soli elettrodi di defribillatore automatico
37.96,Impianto di solo generatore di impulsi di defibrillatore automatico
37.97,Sostituzione del solo elettrodo del defibrillatore automatico
37.98,Sostituzione di solo generatore di impulsi di cardiovertore/defibrillatore automatico
37.99,Altri interventi sul cuore e sul pericardio
38,"Incisione, asportazione ed occlusione di vasi"
38.0,Incisione di vasi
38.00,"Incisione di vasi, sede non specificata"
38.01,Incisione di vasi intracranici
38.02,Incisione di altri vasi del capo e del collo
38.03,Incisione di altri vasi dell’arto superiore
38.04,Incisione dell’aorta
38.05,Incisione di altri vasi toracici
38.06,Incisione di arterie addominali
38.07,Incisione di vene addominali
38.08,Incisione di arterie dell’arto inferiore
38.09,Incisione di vene dell’arto inferiore
38.1,Endoarteriectomia
38.10,"Endoarteriectomia, sede non specificata"
38.11,Endoarteriectomia dei vasi intracranici
38.12,Endoarteriectomia di altri vasi del capo e del collo
38.13,Endoarteriectomia di vasi dell’arto superiore
38.14,Endoarteriectomia dell’aorta
38.15,Endoarteriectomia di altri vasi toracici
38.16,Endoarteriectomia delle arterie addominali
38.18,Endoarteriectomia delle arterie dell’arto inferiore
38.2,Procedure diagnostiche sui vasi sanguigni
38.21,Biopsia dei vasi sanguigni
38.22,Angioscopia percutanea
38.29,Altre procedure diagnostiche sui vasi sanguigni
38.3,Resezione di vasi con anastomosi
38.30,"Resezione di vasi con anastomosi, sede non specificata"
38.31,Resezione di vasi intracranici con anastomosi
38.32,Resezione di altri vasi del capo e collo con anastomosi
38.33,Resezione di vasi dell’arto superiore con anastomosi
38.34,Resezione dell’aorta con anastomosi
38.35,Resezione di altri vasi toracici con anastomosi
38.36,Resezione di arterie addominali con anastomosi
38.37,Resezione di vene addominali con anastomosi
38.38,Resezione di arterie dell’arto inferiore con anastomosi
38.39,Resezione di vene dell’arto inferiore con anastomosi
38.4,Resezione di vasi con sostituzione
38.40,"Resezione di vasi con sostituzione, sede non specificata"
38.41,Resezione di vasi intracranici con sostituzione
38.42,Resezione di altri vasi del capo e collo con sostituzione
38.43,Resezione di vasi dell’arto superiore con sostituzione
38.44,"Resezione dell’aorta, addominale con sostituzione"
38.45,Resezione di altri vasi toracici con sostituzione
38.46,Resezione di arterie addominali con sostituzione
38.47,Resezione di vene addominali con sostituzione
38.48,Resezione di arterie dell’arto inferiore con sostituzione
38.49,Resezione di vene dell’arto inferiore con sostituzione
38.5,Legatura e stripping di vene varicose
38.50,"Legatura e stripping di vene varicose, sede non specificata"
38.51,Legatura di vene varicose intracraniche
38.52,Legatura di altre vene varicose del capo e del collo
38.53,Legatura e stripping di vene varicose dell’arto superiore
38.55,Legatura di vene varicose toraciche
38.57,Legatura di vene varicose addominali
38.59,Legatura e stripping di vene varicose dell’arto inferiore
38.6,Altra asportazione di vasi
38.60,"Altra asportazione di vasi, sede non specificata"
38.61,Altra asportazione di vasi intracranici
38.62,Altra asportazione di altri vasi del capo e del collo
38.63,Altra asportazione di vasi dell’arto superiore
38.64,"Altra asportazione dell’aorta, addominale"
38.65,Altra asportazione di altri vasi toracici
38.66,Altra asportazione di arterie addominali
38.67,Altra asportazione di vene addominali
38.68,Altra asportazione di arterie dell’arto inferiore
38.69,Altra asportazione di vene dell’arto inferiore
38.7,Interruzione della vena cava
38.8,Altra occlusione chirurgica di vasi
38.80,"Altra occlusione chirurgica di vasi, sede non specificata"
38.81,Altra occlusione chirurgica di vasi intracranici
38.82,Altra occlusione chirurgica di altri vasi del capo e del collo
38.83,Altra occlusione chirurgica di vasi dell’arto superiore
38.84,"Altra occlusione chirurgica dell’aorta, addominale"
38.85,Altra occlusione chirurgica di altri vasi toracici
38.86,Altra occlusione chirurgica di arterie addominali
38.87,"Altra occlusione chirurgica di vene addominali iliaca, portale, renale, splenica, vena cava inferiore"
38.88,Altra occlusione chirurgica di arterie arto inferiore
38.89,Altra occlusione chirurgica di vene arto inferiore
38.9,Puntura di vasi
38.91,Cateterismo arterioso
38.92,Cateterismo della vena ombelicale
38.93,Altro cateterismo venoso non classificato altrove
38.94,Preparazione di vena per incannulamento
38.95,Cateterismo venoso per dialisi renale
38.98,Altra puntura di arteria
38.99,Altra puntura di vena
39,Altri interventi sui vasi
39.0,Anastomosi arterioso sistemico polmonare
39.1,Anastomosi venosa intraaddominale
39.2,Altre anastomosi o bypass vascolari
39.21,Anastomosi vena cava e arteria polmonare
39.22,Bypass aorto-succlavio-carotideo
39.23,Altra anastomosi o bypass vascolare intratoracico
39.24,Bypass aorto-renale
39.25,Bypass aorto-iliaco-femorale
39.26,Altri anastomosi o bypass vascolari intraaddominali
39.27,Arteriovenostomia per dialisi renale
39.28,Bypass vascolare extracranico-intracranico (EC-IC)
39.29,Altri anastomosi o bypass vascolari (periferici)
39.3,Sutura di vasi
39.30,Sutura di vasi sanguigni non specificati
39.31,Sutura di arteria
39.32,Sutura di vena
39.4,Revisione di interventi vascolari
39.41,Controllo di emorragia a seguito di chirurgia vascolare
39.42,Revisione di anastomosi arterovenoso per dialisi renale
39.43,Rimozione di anastomosi arterovenoso per dialisi renale
39.49,Altra revisione di interventi vascolari
39.5,Altra riparazione di vasi
39.50,Angioplastica o aterectomia di altro/i vaso/i non coronarico/i
39.51,Clipping di aneurismi
39.52,Altra riparazione di aneurisma
39.53,Riparazione di fistola arteriovenosa
39.54,Intervento di dissezione dell’aorta
39.55,Reimpianto di vaso renale aberrante
39.56,Riparazione di vaso sanguigno con patch autologo
39.57,Riparazione di vaso sanguigno con patch sintetico
39.58,Riparazione di vaso sanguigno con patch di tipo non specificato
39.59,Altra riparazione di vasi
39.6,Circolazione extracorporea e procedure ausiliarie per la chirurgia cardiaca
39.61,Circolazione extracorporea ausiliaria per chirurgia a cuore aperto
39.62,Ipotermia (sistemica) incidentale per chirurgia a cuore aperto
39.63,Cardioplegia
39.64,Impianto di pace-maker intraoperatorio
39.65,Ossigenazione extracorporea delle membrane [ECMO]
39.66,Bypass cardiopolmonare percutaneo
39.7,Riparazione endovascolare di vaso
39.71,Impianto endovascolare di graft nell’aorta addominale
39.72,Riparazione endovascolare o occlusione dei vasi di testa e collo
39.73,Impianto di graft endovascolare nell’aorta toracica
39.74,Rimozione endovascolare di ostruzione da vaso/i di testa e collo
39.79,Altra riparazione endovascolare (di aneurisma) di altri vasi
39.8,Interventi sul glomo carotideo e su altri glomi vascolari
39.9,Altri interventi sui vasi
39.90,Inserzione di stent non medicato in vaso periferico
39.91,Sbrigliamento dei vasi
39.92,Iniezione intravenosa di sostanze sclerosanti
39.93,Inserzione di cannula intervasale
39.94,Sostituzione di cannula intervasale
39.95,Emodialisi
39.96,Perfusione totale del corpo
39.97,Altra perfusione
39.98,"Controllo di emorragia, SAI"
39.99,Altri interventi sui vasi
40,Interventi sul sistema linfatico
40.0,Incisione di strutture linfatiche
40.1,Procedure diagnostiche su strutture linfatiche
40.11,Biopsia di strutture linfatiche
40.19,Altre procedure diagnostiche sulle strutture linfatiche
40.2,Asportazione semplice di strutture linfatiche
40.21,Asportazione di linfonodi cervicali profondi
40.22,Asportazione di linfonodi mammari interni
40.23,Asportazione di linfonodi ascellari
40.24,Asportazione di linfonodi inguinali
40.29,Asportazione semplice di altre strutture linfatiche
40.3,Asportazione di linfonodi regionali
40.4,Asportazione radicale di linfonodi cervicali
40.40,"Dissezione radicale del collo, SAI"
40.41,"Dissezione radicale del collo, monolaterale"
40.42,"Dissezione radicale del collo, bilaterale"
40.5,Asportazione radicale di altri linfonodi
40.50,"Asportazione radicale di linfonodi, SAI"
40.51,Asportazione radicale dei linfonodi ascellari
40.52,Asportazione radicale dei linfonodi periaortici
40.53,Asportazione radicale dei linfonodi iliaci
40.54,Dissezione radicale della regione inguinale
40.59,Asportazione radicale di altri linfonodi
40.6,Interventi sul dotto toracico
40.61,Incannulamento del dotto toracico
40.62,Fistolizzazione del dotto toracico
40.63,Chiusura di fistola del dotto toracico
40.64,Legatura del dotto toracico
40.69,Altri interventi sul dotto toracico
40.9,Altri interventi sulle strutture linfatiche
41,Interventi sul midollo osseo e sulla milza
41.0,Trapianto del midollo osseo o di cellule staminali ematopoietiche
41.00,Trapianto di midollo osseo SAI
41.01,Trapianto di midollo osseo autologo senza depurazione
41.02,Trapianto di midollo osseo allogenico con depurazione
41.03,Trapianto di midollo osseo allogenico senza depurazione
41.04,Trapianto autologo di cellule staminali ematopoietiche senza depurazione
41.05,Trapianto allogenico di cellule staminali ematopoietiche senza depurazione
41.06,Trapianto di cellule staminali da sangue prelevato da vasi del cordone ombelicale
41.07,Trapianto autologo di cellule staminali con depurazione
41.08,Trapianto allogenico di cellule staminali ematopoietiche con depurazione
41.09,Trapianto autologo di midollo osseo con depurazione
41.1,Puntura della milza
41.2,Splenotomia
41.3,Procedure diagnostiche sul midollo osseo e sulla milza
41.31,Biopsia del midollo osseo
41.32,Biopsia [per aspirazione] [percutanea] della milza
41.33,Biopsia a cielo aperto della milza
41.38,Altre procedure diagnostiche sul midollo osseo
41.39,Altre procedure diagnostiche sulla milza
41.4,Asportazione o demolizione di lesione o tessuto della milza
41.41,Marsupializzazione di cisti splenica
41.42,Asportazione di lesione o tessuto della milza
41.43,Splenectomia parziale
41.5,Splenectomia totale
41.9,Altri interventi sulla milza e sul midollo osseo
41.91,Aspirazione di midollo osseo da donatore per trapianto
41.92,Iniezione nel midollo osseo
41.93,Asportazione di milza accessoria
41.94,Trapianto di milza
41.95,Interventi di riparazione e di plastica sulla milza
41.98,Altri interventi sul midollo osseo
41.99,Altri interventi sulla milza
42,Interventi sull’esofago
42.0,Esofagotomia
42.01,Incisione di stenosi membranosa congenlta dell’esofago
42.09,Altra incisione dell’esofago
42.1,Esofagostomia
42.10,"Esofagostomia, SAI"
42.11,Esofagostomia cervicale
42.12,Esteriorizzazione di tasca esofagea
42.19,Altra fistolizzazione esterna dell’esofago
42.2,Procedure diagnostiche sull’esofago
42.21,Esofagoscopia operatoria mediante incisione
42.22,Esofagoscopia attraverso stoma artificiale
42.23,Altra esofagoscopia
42.24,Biopsia [endoscopica] dell’esofago
42.25,Biopsia a cielo aperto dell’esofago
42.29,Altre procedure diagnostiche sull’esofago
42.3,Asportazione o demolizione locale di lesione o tessuto dell’esofago
42.31,Asportazione locale di diverticolo esofageo
42.32,Asportazione locale di altra lesione o tessuto dell’esofago
42.33,Asportazione o demolizione endoscopica di lesione o tessuto esofageo
42.39,Altra demolizione di lesione o tessuto dell’esofago
42.4,Asportazione dell’esofago
42.40,"Esofagectomia, SAI"
42.41,Esofagectomia parziale
42.42,Esofagectomia totale
42.5,Anastomosi intratoracica dell’esofago
42.51,Esofago-esofagostomia intratoracica
42.52,Esofago-gastrostomia intratoracica
42.53,Anastomosi esofagea intratoracica con interposizione di intestino tenue
42.54,Altra esofago-enteranastomosi intratoracica
42.55,Anastomosi esofagea intratoracica con interposizione di colon
42.56,Altra esofagocolostomia intratoracica
42.58,Anastomosi esofagea intratoracica con altra interposizione
42.59,Altra anastomosi esofagea intratoracica
42.6,Anastomosi presternale dell’esofago
42.61,Esofago-esofagostomia presternale
42.62,Esofago-gastrostomia presternale
42.63,Anastomosi esofagea presternale con interposizione di intestino tenue
42.64,Altra esofagoenterostomia presternale
42.65,Anastomosi esofagea presternale con interposizione di colon
42.66,Altra esofagocolostomia presternale
42.68,Altra anastomosi esofagea presternale con interposizione
42.69,Altra anastomosi presternale dell’esofago
42.7,Esofagomiotomia
42.8,Altra riparazione dell’esofago
42.81,Intubazione permanente dell’esofago
42.82,Sutura di lacerazione dell’esofago
42.83,Chiusura di esofagostomia
42.84,"Riparazione di fistola esofagea, non classificata altrove"
42.85,Riparazione di stenosi esofagea
42.86,Produzione di tunnel sottocutaneo senza anastomosi esofagea
42.87,Altro innesto dell’esofago
42.89,Altra riparazione dell’esofago
42.9,Altri interventi sull’esofago
42.91,Legatura di varici esofagee
42.92,Dilatazione dell’esofago
42.99,Altri interventi sull’esofago
43,Incisione ed asportazione dello stomaco
43.0,Gastrotomia
43.1,Gastrostomia
43.11,Gastrostomia percutanea [endoscopica] [PEG]
43.19,Altra gastrostomia
43.3,Piloromiotomia
43.4,Asportazione o demolizione locale di lesione o tessuto dello stomaco
43.41,Asportazione o demolizione di lesione o tessuto dello stomaco per via endoscopica
43.42,Asportazione locale di altra lesione o tessuto dello stomaco
43.49,Altra asportazione di lesione o tessuto dello stomaco
43.5,Gastrectomia parziale con anastomosi esofagea
43.6,Gastrectomia parziale con anastomosi duodenale
43.7,Gastrectomia parziale con anastomosi digiunale
43.8,Altra gastrectomia parziale
43.81,Gastrectomia parziale con trasposizione digiunale
43.89,Altra gastrectomia parziale
43.9,Gastrectomia totale
43.91,Gastrectomia totale con interposizione intestinale
43.99,Altra gastrectomia totale
44,Altri interventi sullo stomaco
44.0,Vagotomia
44.00,"Vagotomia, SAI"
44.01,Vagotomia tronculare
44.02,Vagotomia super selettiva
44.03,Altra vagotomia selettiva
44.1,Procedure diagnostiche sullo stomaco
44.11,Gastroscopia transaddominale
44.12,Gastroscopia attraverso stoma artificiale
44.13,Altra gastroscopia
44.14,Biopsia [endoscopica] dello stomaco
44.15,Altra biopsia dello stomaco
44.19,Altra procedura diagnostica sullo stomaco
44.2,Piloroplastica
44.21,Dilatazione mediante incisione del piloro
44.22,Dilatazione endoscopica del piloro
44.29,Altra piloroplastica
44.3,Gastroenterostomia senza gastrectomia
44.31,Bypass gastrico alto
44.32,Gastrodigiunostomia percutanea [endo-scopica]
44.38,Gastroenterostomia laparoscopica
44.39,Altra gastroenterostomia senza gastrectomia
44.4,Controllo di emorragia e sutura di ulcera gastrica o duodenale
44.40,"Sutura di ulcera peptica, SAI"
44.41,Sutura di ulcera gastrica
44.42,Sutura di ulcera duodenale
44.43,Controllo endoscopico di sanguinamento gastrico o duodenale
44.44,Embolizzazione mediante catetere per sanguinamento gastrico o duodenale
44.49,Altro controllo di emorragia dello stomaco o del duodeno
44.5,Revisione di anastomosi gastrica
44.6,Altra riparazione dello stomaco
44.61,Sutura di lacerazione dello stomaco
44.62,Chiusura di gastrostomia
44.63,Chiusura di altra fistola gastrica
44.64,Gastropessi
44.65,Esofagogastroplastica
44.66,Altri interventi per la creazione di sfintere esofagogastrico
44.67,Procedure laparoscopiche per la creazione dello sfintere esofagogastrico
44.68,Gastroplastica laparoscopica
44.69,Altra riparazione dello stomaco
44.9,Altri interventi sullo stomaco
44.91,Legatura di varici gastriche
44.92,Manipolazione intraoperatoria dello stomaco
44.93,Inserzione di bolla gastrica (palloncino)
44.94,Rimozione di bolla gastrica (palloncino)
44.95,Procedura laparoscopica di restrizione gastrica
44.96,Revisione laparoscopica della procedura gastrica restrittiva
44.97,Rimozione laparoscopica di dispositivo/ i di restrizione gastrica
44.98,Regolazione di misura (laparoscopica) del dispositivo di restrizione gastrica regolabile
44.99,Altri interventi sullo stomaco
45,"Incisione, asportazione e anastomosi dell’intestino"
45.0,Enterotomia
45.00,"Incisione dell’intestino, SAI"
45.01,Incisione del duodeno
45.02,Altra incisione dell’intestino tenue
45.03,Incisione dell’intestino crasso
45.1,Procedure diagnostiche sull’intestino tenue
45.11,Endoscopia transaddominale dell’intestino tenue
45.12,Endoscopia dell’intestino tenue attraverso stoma artificiale
45.13,Altra endoscopia dell’intestino tenue
45.14,Biopsia [endoscopica] dell’intestino tenue
45.15,Biopsia a cielo aperto dell’intestino tenue
45.16,Esofagogastroduodenoscopia [EGD] con biopsia
45.19,Altre procedure diagnostiche sull’intestino tenue
45.2,Procedure diagnostiche sull’intestino crasso
45.21,Endoscopia transaddominale dell’intestino crasso
45.22,Endoscopia dell’intestino crasso attraverso stoma artificiale
45.23,Colonscopia con endoscopio flessibile
45.24,Sigmoidoscopia con endoscopio flessibile
45.25,Biopsia [endoscopica] dell’intestino crasso
45.26,Biopsia laparatomica dell’intestino crasso
45.27,"Biopsia intestinale, sede non specificata"
45.28,Altre procedure diagnostiche sull’intestino crasso
45.29,"Altra procedura diagnostica sull’intestino, sede non specificata"
45.3,Asportazione o demolizione locale di lesione o tessuto dell’intestino tenue
45.30,Asportazione o demolizione endoscopica di lesione del duodeno
45.31,Altra asportazione locale di lesione del duodeno
45.32,Altra asportazione di lesione del duodeno
45.33,Asportazione locale di lesione o tessuto dell’intestino tenue eccetto il duodeno
45.34,Altra demolizione di lesione dell’intestino tenue eccetto il duodeno
45.4,Asportazione o demolizione locale di lesione o tessuto dell’intestino crasso
45.41,Asportazione locale di lesione o tessuto dell’intestino crasso
45.42,Polipectomia endoscopica dell’intestino crasso
45.43,Demolizione endoscopica di altra lesione o tessuto dell’intestino crasso
45.49,Altra asportazione di lesione dell’intestino crasso
45.5,Isolamento di segmento intestinale
45.50,"Isolamento di segmento intestinale, SAI"
45.51,Isolamento di segmento dell’intestino tenue
45.52,Isolamento di segmento dell’intestino crasso
45.6,Altra asportazione dell’intestino tenue
45.61,Resezione segmentaria multipla dell’intestino tenue
45.62,Altra resezione parziale dell’intestino tenue
45.63,Rimozione totale dell’intestino tenue
45.7,Asportazione parziale dell’intestino crasso
45.71,Resezione segmentaria multipla dell’intestino crasso
45.72,Resezione del cieco
45.73,Emicolectomia destra
45.74,Resezione del colon trasverso
45.75,Emicolectomia sinistra
45.76,Sigmoidectomia
45.79,Altra asportazione parziale dell’intestino crasso
45.8,Colectomia totale intraaddominale
45.9,Anastomosi intestinale
45.90,"Anastomosi intestinale, SAI"
45.91,Anastomosi intestinale tenue-tenue
45.92,Anastomosi dell’intestino tenue al moncone rettale
45.93,Altra anastomosi intestinale tenuecrasso
45.94,Anastomosi intestinale crasso-crasso
45.95,Anastomosi all’ano
46,Altri interventi sull’intestino
46.0,Esteriorizzazione dell’intestino
46.01,Esteriorizzazione dell’intestino tenue
46.02,Resezione di segmento esteriorizzato dell’intestino tenue
46.03,Esteriorizzazione dell’intestino crasso
46.04,Resezione di segmento esteriorizzato dell’intestino crasso
46.1,Colostomia
46.10,"Colostomia, SAI"
46.11,Colostomia temporanea
46.13,Colostomia permanente
46.14,Colostomia differita
46.2,Ileostomia
46.20,"Ileostomia, SAI"
46.21,Ileostomia temporanea
46.22,Ileostomia continente
46.23,Altra ileostomia permanente
46.24,Ileostomia in due tempi
46.3,Altra enterostomia
46.31,Altra enterostomia in due tempi
46.32,Digiunostomia [endoscopica] percutanea [PEJ]
46.39,Altra enterostomia
46.4,Revisione di orifizio intestinale artificiale
46.40,"Revisione di orifizio intestinale artificiale, SAI"
46.41,Revisione di orifizio artificiale dell’intestino tenue
46.42,Riparazione di ernia pericolostomica
46.43,Altra revisione di orifizio artificiale dell’intestino crasso
46.5,Chiusura di orifizio intestinale artificiale
46.50,"Chiusura di orifizio intestinale artificiale, SAI"
46.51,Chiusura di orifizio artificiale dell’intestino tenue
46.52,Chiusura di orifizio artificiale dell’intestino crasso
46.6,Fissazione dell’intestino
46.60,"Fissazione di intestino, SAI"
46.61,Fissazione di intestino tenue alla parete addominale
46.62,Altra fissazione dell’intestino tenue
46.63,Fissazione dell’intestino crasso alla parete addominale
46.64,Altra fissazione dell’intestino crasso
46.7,Altra riparazione dell’intestino
46.71,Sutura di lacerazione del duodeno
46.72,Chiusura di fistola del duodeno
46.73,Sutura di lacerazione dell’intestino tenue eccetto il duodeno
46.74,"Chiusura di fistola dell’intestino tenue, eccetto il duodeno"
46.75,Sutura di lacerazione dell’intestino crasso
46.76,Chiusura di fistola dell’intestino crasso
46.79,Altra riparazione dell’intestino
46.8,Dilatazione e manipolazione intraaddominale dell’intestino
46.80,"Manipolazione intraaddominale dell’intestino, non altrimenti specificato"
46.81,Manipolazione intraaddominale dell’intestino tenue
46.82,Manipolazione intraaddominale dell’intestino crasso
46.85,Dilatazione dell’intestino
46.9,Altri interventi sull’intestino
46.91,Miotomia del colon sigmoideo
46.92,Miotomia di altre parti del colon
46.93,Revisione di anastomosi dell’intestino tenue
46.94,Revisione di anastomosi dell’intestino crasso
46.95,Perfusione locale dell’intestino tenue
46.96,Perfusione locale dell’intestino crasso
46.97,Trapianto dell’intestino
46.99,"Altri interventi sull’intestino (Asportazione di mucosa per duplicazione intestinale: stomaco, duodeno, tenue, colon, retto)"
47,Interventi sull’appendice
47.0,Appendicectomia
47.01,Appendectomia laparoscopica
47.09,Altra appendectomia
47.1,Appendicectomia in corso di altro intervento
47.11,Appendectomia laparoscopica in corso di altro intervento
47.19,Altra appendectomia in corso di altro intervento
47.2,Drenaggio di ascesso appendicolare
47.9,Altri interventi sull’appendice
47.91,Appendicostomia
47.92,Chiusura di fistola dell’appendice
47.99,Altri interventi sull’appendice
48,"Interventi sul retto, sul rettosigmoide e sui tessuti perirettali"
48.0,Proctotomia
48.1,Proctostomia
48.2,Procedure diagnostiche sul retto e sui tessuti perirettali
48.21,Proctosigmoidoscopia transaddominale
48.22,Proctosigmoidoscopia attraverso orifizio artificiale
48.23,Altra proctosigmoidoscopia con endoscopio rigido
48.24,Biopsia [endoscopica] del retto
48.25,Biopsia a cielo aperto del retto
48.26,Biopsia di tessuti perirettali
48.29,"Altre procedure diagnostiche sul retto, rettosigmoide e tessuti perirettali"
48.3,Asportazione o demolizione locale di lesione o tessuto del retto
48.31,Elettrocoagulazione radicale di lesione o tessuto del retto
48.32,Altra elettrocoagulazione di lesione o tessuto del retto
48.33,Demolizione di lesione o tessuto del retto mediante laser
48.34,Demolizione di lesione o tessuto del retto mediante criochirurgia
48.35,Asportazione locale di lesione o tessuto del retto
48.36,Polipectomia [endoscopica] del retto
48.4,Resezione del retto con pull-through
48.41,Resezione della sottomucosa del retto (secondo Soave)
48.49,Altra resezione del retto con pullthrough
48.5,Resezione del retto per via addominoperineale
48.6,Altra resezione del retto
48.61,Rettosigmoidectomia transsacrale
48.62,Resezione anteriore del retto con contemporanea coIostomia
48.63,Altra resezione anteriore del retto
48.64,Resezione posteriore del retto
48.65,Resezione del retto secondo Duhamel
48.69,Altra resezione del retto
48.7,Riparazione del retto
48.71,Sutura di lacerazione del retto
48.72,Chiusura di proctostomia
48.73,Chiusura di altra fistola rettale
48.74,Retto-rettostomia
48.75,Proctopessi addominale
48.76,Altra proctopessi
48.79,Altra riparazione del retto
48.8,Incisione ed asportazione di lesione o tessuto perirettale
48.81,Incisione di tessuto perirettale
48.82,Asportazione di tessuto perirettale
48.9,Altri interventi sul retto e sui tessuti perirettali
48.91,Incisione di stenosi rettale
48.92,Miomectomia anorettale
48.93,Riparazione di fistola perirettale
48.99,Altri interventi sul retto e sui tessuti perirettali
49,Interventi sull’ano
49.0,Incisione o asportazione di tessuti perianali
49.01,Incisione di ascesso perianale
49.02,Altra incisione di tessuti perianali
49.03,Asportazione di appendice cutanea perianale
49.04,Altra asportazione di tessuti perianali
49.1,Incisione o asportazione di fistola anale
49.11,Fistulotomia anale
49.12,Fistulectomia anale
49.2,Procedure diagnostiche sull’ano e sui tessuti perianali
49.21,Anoscopia
49.22,Biopsia dei tessuti perianali
49.23,Biopsia dell’ano
49.29,Altre procedure diagnostiche sull’ano e sui tessuti perianali
49.3,Asportazione o demolizione locale di altra lesione o tessuto dell’ano
49.31,Asportazione endoscopica o demolizione di lesione o tessuto dell’ano
49.39,Altra asportazione o demolizione locale di lesione o tessuto dell’ano
49.4,Interventi sulle emorroidi
49.41,Riduzioni di emorroidi
49.42,Iniezioni delle emorroidi
49.43,Cauterizzazione delle emorroidi
49.44,Demolizione di emorroidi per crioterapia
49.45,Legatura delle emorroidi
49.46,Asportazione delle emorroidi
49.47,Rimozione di emorroidi trombizzate
49.49,Altri interventi sulle emorroidi
49.5,Sfinterotomia
49.51,Sfinterotomia anale laterale sinistra
49.52,Sfinterotomia anale posteriore
49.59,Altra sfinterotomia anale
49.6,Asportazione dell’ano
49.7,Riparazione dell’ano
49.71,Sutura di lacerazione dell’ano
49.72,Cerchiaggio anale
49.73,Chiusura di fistola anale
49.74,Trapianto del muscolo gracile per incontinenza anale
49.75,Impianto o revisione di sfintere anale artificiale
49.76,Rimozione di sfintere anale artificiale
49.79,Altra riparazione dello sfintere anale
49.9,Altri interventi sull’ano
49.91,Incisione di setto anale
49.92,Inserzione sottocutanea di stimolatore anale elettrico
49.93,Altra incisione dell’ano
49.94,Riduzione di prolasso anale
49.95,Controllo (postoperatorio) di emorragia dell’ano
49.99,Altri interventi sull’ano
50,Interventi sul fegato
50.0,Epatotomia
50.1,Procedure diagnostiche sul fegato
50.11,Biopsia [percutanea] [agobiopsia] del fegato
50.12,Biopsia a cielo aperto del fegato
50.19,Altre procedure diagnostiche sul fegato
50.2,Asportazione o demolizione locale di tessuti o lesioni del fegato
50.21,Marsupializzazione di lesione del fegato
50.22,Epatectomia parziale
50.23,Ablazione aperta di tessuto o lesione epatici
50.24,Ablazione percutanea di tessuto o lesione epatici
50.25,Ablazione laparoscopica di tessuto o lesione epatici
50.26,Altre e non specificate ablazioni di tessuto o lesione epatici
50.29,Altra demolizione di lesione del fegato
50.3,Lobectomia del fegato
50.4,Epatectomia totale
50.5,Trapianto del fegato
50.51,Trapianto di fegato ausiliario
50.59,Altro trapianto del fegato
50.6,Riparazione del fegato
50.61,Chiusura di lacerazione del fegato
50.69,Altra riparazione del fegato
50.9,Altri interventi sul fegato
50.91,Aspirazione percutanea del fegato
50.92,Assistenza epatica extracorporea
50.93,Perfusione localizzata del fegato
50.94,Altra iniezione dl sostanza terapeutica nel fegato
50.99,Altri interventi sul fegato
51,Interventi sulla colecisti e sulle vie biliari
51.0,Colecistotomia e colecistostomia
51.01,Aspirazione percutanea della colecisti
51.02,Colecistostomia con trequarti
51.03,Altra colecistostomia
51.04,Altra colecistotomia
51.1,Procedure diagnostiche sulle vie biliari
51.10,Colangiopancreatografia retrograda endoscopica [ERCP]
51.11,Colangiografia retrograda endoscopica [ERC]
51.12,Biopsia percutanea della colecisti e dei dotti biliari
51.13,Biopsia a cielo aperto della colecisti e dei dotti biliari
51.14,Altra biopsia [endoscopica] del tratto biliare o dello sfintere di Oddi
51.15,Misurazione di pressione dello sfintere di Oddi
51.19,Altre procedure diagnostiche sulle vie biliari
51.2,Colecistectomia
51.21,Altra colecistectomia parziale
51.22,Colecistectomia
51.23,Colecistectomia laparoscopica
51.24,Colecistectomia parziale laparoscopica
51.3,Anastomosi della colecisti o del dotto biliare
51.31,Anastomosi fra colecisti e dotti epatici
51.32,Anastomosi fra colecisti e intestino
51.33,Anastomosi fra colecisti e pancreas
51.34,Anastomosi fra colecisti e stomaco
51.35,Altra anastomosi della colecisti
51.36,Coledocoenterostomia
51.37,Anastomosi fra dotto epatico e intestino
51.39,Altra anastomosi del dotto biliare
51.4,Incisione del dotto biliare per rimozione di occlusione
51.41,Esplorazione del dotto comune per rimozione di calcoli
51.42,Esplorazione del dotto comune per rimozione di altra occlusione
51.43,Posizionamento di tubo di Kherr o TPE per decompressione
51.49,Incisione di altri dotti biliari per rimozione di occlusione
51.5,Altra incisione del dotto biliare
51.51,Esplorazione del dotto biliare comune
51.59,Incisione di altro dotto biliare
51.6,Asportazione o demolizione locale di lesione o tessuto del dotto biliare e dello sfintere di Oddi
51.61,Asportazione del dotto cistico residuo
51.62,Asportazione dell’ampolla di Vater con reimpianto del dotto comune
51.63,Altra asportazione del dotto biliare comune
51.64,Asportazione o demolizione endoscopica di lesione dei dotti biliari o dello sfintere di Oddi
51.69,Asportazione di altro dotto biliare
51.7,Riparazioni dei dotti biliari
51.71,Sutura semplice del dotto biliare comune
51.72,Coledocoplastica
51.79,Riparazione di altri dotti biliari
51.8,Altri interventi sullo sfintere di Oddi e sui dotti biliari
51.81,Dilatazione dello sfintere di Oddi
51.82,Sfinterotomia pancreatica
51.83,Sfinteroplastica pancreatica (Papillosfinteroplastica)
51.84,Dilatazione endoscopica dell’ampolla e del dotto biliare
51.85,Sfinterotomia e papillotomia endoscopica
51.86,Inserzione endoscopica di tubo per drenaggio nasobiliare
51.87,Inserzione endoscopica di tubo nel dotto biliare
51.88,Rimozione endoscopica di calcoli dal tratto biliare
51.89,Altri interventi sullo sfintere di Oddi
51.9,Altri interventi sulle vie biliari
51.91,Riparazione di lacerazione della colecisti
51.92,Chiusura di colecistostomia
51.93,Chiusura di altra fistola biliare
51.94,Revisione di anastomosi delle vie biliari
51.95,Rimozioni di protesi dal dotto biliare
51.96,Estrazione percutanea di calcoli dal dotto comune
51.98,Altri interventi percutanei sul tratto biliare
51.99,Altri interventi sulle vie biliari
52,Interventi sul pancreas
52.0,Pancreatotomia
52.01,Drenaggio di cisti pancreatica mediante catetere
52.09,Altra pancreatotomia
52.1,Procedure diagnostiche sul pancreas
52.11,Biopsia [agobiopsia] [percutanea] [aspirazione] del pancreas
52.12,Biopsia a cielo aperto del pancreas
52.13,Pancreatografia retrograda endoscopica [ERP]
52.14,Biopsia [endoscopica] del dotto pancreatico
52.19,Altre procedure diagnostiche sul pancreas
52.2,Asportazione o demolizione locale del pancreas e del dotto pancreatico
52.21,Asportazione o demolizione endoscopica di lesione o tessuto del dotto pancreatico
52.22,Altra escissione o demolizione di lesione o tessuto del pancreas o del dotto pancreatico
52.3,Marsupializzazione di cisti pancreatica
52.4,Drenaggio interno di cisti pancreatica
52.5,Pancreatectomia parziale
52.51,Pancreatectomia prossimale
52.52,Pancreatectomia distale
52.53,Pancreatectomia sub-totale radicale
52.59,Altra pancreatectomia parziale
52.6,Pancreatectomia totale
52.7,Pancreaticoduodenectomia radicale
52.8,Trapianto del pancreas
52.80,"Trapianto del pancreas, SAI"
52.81,Reimpianto di tessuto pancreatico
52.82,Trapianto omologo di pancreas
52.83,Trapianto eterologo di pancreas
52.84,Autotrapianto di cellule delle isole di Langerhans
52.85,Allotrapianto di cellule delle isole di Langerhans
52.86,"Trapianto di cellule di Islet of Langerhans, SAI"
52.9,Altri interventi sul pancreas
52.92,Incannulazione del dotto pancreatico
52.93,Inserzione endoscopica di tubo nel dotto pancreatico
52.94,Rimozione endoscopica di calcoli dal dotto pancreatico
52.95,Altra riparazione del pancreas
52.96,Anastomosi del pancreas
52.97,Inserzione endoscopica di tubo per drenaggio nasopancreatico
52.98,Dilatazione endoscopica del dotto pancreatico
52.99,Altri interventi sul pancreas per via chirurgica
53,Riparazione di ernia
53.0,Riparazione monolaterale di ernia inguinale
53.00,"Riparazione monolaterale di ernia inguinale, SAI"
53.01,Riparazione monolaterale di ernia inguinale diretta
53.02,Riparazione monolaterale di ernia inguinale indiretta
53.03,Riparazione monolaterale di ernia inguinale diretta con innesto o protesi
53.04,Riparazione monolaterale di ernia inguinale indiretta con innesto o protesi
53.05,"Riparazione monolaterale di ernia inguinale con innesto o protesi, SAI"
53.1,Riparazione bilaterale di ernia inguinale
53.10,"Riparazione bilaterale di ernia inguinale, SAI"
53.11,Riparazione bilaterale di ernia inguinale diretta
53.12,Riparazione bilaterale di ernia inguinale indiretta
53.13,"Riparazione bilaterale di ernia inguinale, una diretta e una indiretta"
53.14,Riparazione bilaterale di ernia inguinale diretta con innesto o protesi
53.15,Riparazione bilaterale di ernia inguinale indiretta con innesto o protesi
53.16,"Riparazione bilaterale di ernia inguinale una diretta e una indiretta, con innesto o protesi"
53.17,"Riparazione bilaterale di ernia inguinale con innesto o protesi, SAI"
53.2,Riparazione monolaterale di ernia crurale
53.21,Riparazione monolaterale di ernia crurale con innesto o protesi
53.29,Altra erniorrafia crurale monolaterale
53.3,Riparazione bilaterale di ernia crurale
53.31,Riparazione bilaterale di ernia crurale con innesto o protesi
53.39,Altra erniorrafia crurale bilaterale
53.4,Riparazione di ernia ombelicale
53.41,Riparazione di ernia ombelicale con protesi
53.49,Altra erniorrafia ombelicale
53.5,Riparazione di altra ernia della parete addominale anteriore (senza innesto o protesi)
53.51,Riparazione di ernia su incisione
53.59,Riparazione di altra ernia della parete addominale anteriore
53.6,Riparazione di altra ernia della parete addominale anteriore con innesto o protesi
53.61,Riparazione di ernia su incisione con protesi
53.69,Riparazione di altra ernia della parete addominale anteriore con protesi
53.7,"Riparazione di ernia diaframmatica, per via addominale"
53.8,"Riparazione di ernia diaframmatica, per via toracica"
53.80,"Riparazione di ernia diaframmatica per via toracica, SAI"
53.81,Plicatura del diaframma
53.82,Riparazione di ernia parasternale
53.9,Altra riparazione di ernia
54,Altri interventi sulla regione addominale
54.0,Incisione della parete addominale
54.1,Laparatomia
54.11,Laparatomia esplorativa
54.12,Riapertura di laparotomia recente
54.19,Altra laparatomia
54.2,Procedure diagnostiche sulla regione addominale
54.21,Laparoscopia
54.22,Biopsia della parete addominale o dell’ombelico
54.23,Biopsia del peritoneo
54.24,Biopsia [percutanea] [agobiopsia] di massa intraaddominale
54.25,Lavaggio peritoneale
54.29,Altre procedure diagnostiche sulla regione addominale
54.3,Asportazione o demolizione di lesione o tessuto di parete addominale o dell’ombelico
54.4,Asportazione o demolizione di tessuto peritoneale
54.5,Lisi di aderenze peritoneali
54.51,Lisi laparoscopica di adesioni peritoneali
54.59,Altre lisi di adesioni peritoneali
54.6,Sutura della parete addominale e del peritoneo
54.61,Risutura di diastasi postoperatoria della parete addominale
54.62,Chiusura ritardata di ferita addominale in via di cicatrizzazione
54.63,Altra sutura della parete addominale
54.64,Sutura del peritoneo Sutura secondaria del peritoneo
54.7,Altra riparazione della parete addominale e del peritoneo
54.71,Riparazione di gastroschisi
54.72,Altra riparazione della parete addominale
54.73,Altra riparazione del peritoneo
54.74,Altra riparazione dell’omento
54.75,Altra riparazione del mesentere
54.9,Altri interventi sulla regione addominale
54.91,Drenaggio percutaneo addominale
54.92,Rimozione di corpo estraneo della cavità peritoneale
54.93,Creazione di fistola cutaneoperitoneale
54.94,Creazione di anastomosi peritoneovascolare
54.95,Incisione del peritoneo
54.96,Iniezione di aria nella cavità peritoneale
54.97,Iniezione di sostanze terapeutiche ad azione locale nella cavità peritoneale
54.98,Dialisi peritoneale
54.99,Altri interventi sulla regione addominale
55,Interventi sul rene
55.0,Interventi sul parenchima renale (nefrotomia e nefrostomia)
55.01,Nefrotomia
55.02,Nefrostomia
55.03,Nefrostomia percutanea senza frammentazione
55.04,Nefrostomia percutanea con frammentazione
55.1,Interventi sulla pelvi renale (pielotomia o pielostomia)
55.11,Pielectomia
55.12,Pielostomia chirurgica e pielostomia percutanea
55.2,Procedure diagnostiche pielorenali
55.21,Nefroscopia (chirurgica o percutanea)
55.22,Pieloscopia (chirurgica o percutanea)
55.23,"Biopsia percutanea [agobiopsia] del rene alla cieca, ecoguidata, TAC-guidata, endoscopica"
55.24,Biopsia renale a cielo aperto
55.29,Altre procedure diagnostiche sul rene
55.3,Asportazione di parte di parenchima renale
55.31,Marsupializzazione di lesioni renali
55.32,Ablazione aperta di tessuto o lesione renali
55.33,Ablazione percutanea di tessuto o lesione renali
55.34,Ablazione laparoscopica di tessuto o lesione renali
55.35,Altre e non specificate ablazioni di tessuto o lesione renali
55.39,Altra asportazione di lesione di parenchima renale
55.4,Nefrectomia parziale
55.5,Nefrectomia
55.51,Nefroureterectomia
55.52,Nefrectomia di rene unico
55.53,Espianto di rene trapiantato
55.54,Nefrectomia bilaterale
55.6,Trapianto renale
55.61,Autotrapianto di rene
55.69,Eterotrapianto di rene (indipendentemente da cadavere o vivente)
55.7,Nefropessia
55.8,Interventi plastici renali
55.81,Sutura di lacerazione renale
55.82,Chiusura di nefrostomia o pielostomia
55.83,Riparazione di fistola renale
55.84,Riparazione di peduncolo renale
55.85,Sinfisectomia di rene a ferro di cavallo
55.86,Anastomosi reno-pielo-ureterali
55.87,Pieloplastiche
55.89,Altra riparazione del rene
55.9,Altri interventi sul rene
55.91,Decapsulazione renale
55.92,Aspirazione percutanea renale
55.93,Sostituzione di drenaggio nefrostomico
55.94,Sostituzione di drenaggio pielostomico
55.95,Perfusione del rene con sostanze terapeutiche
55.96,Altre iniezioni di sostanze terapeutiche nel rene
55.97,Impianto o sostituzione di rene artificiale
55.98,Rimozione di rene artificiale
55.99,Altri interventi sul rene
56,Interventi sull’uretere
56.0,"Estrazione endoscopica dall’uretere e pelvi renale di: coagulo di sangue, calcolo, corpo estraneo"
56.1,Papillotomia o meatotomia ureterale (endoscopica e non)
56.2,Ureterotomia
56.3,Procedure diagnostiche sull’uretere
56.31,Ureteroscopia
56.32,Biopsia percutanea dell’uretere
56.33,Biopsia transureteroscopica
56.34,Biopsia a cielo aperto dell’uretere
56.35,Endoscopia del condotto ileale (dotto artificiale realizzato negli interventi di cistectomia)
56.39,Altre procedure diagnostiche sull’uretere
56.4,Ureterectomia
56.40,"Ureterectomia, SAI"
56.41,Ureterectomia parziale o segmentaria
56.42,Ureterectomia totale
56.5,Uretero-ileostomia cutanea
56.51,Confezione di ureteroileocutaneostomia
56.52,Revisione di ureteroileocutaneostomia
56.6,Altre derivazioni urinarie
56.61,Ureterocutaneostomia
56.62,Revisione di ureterocutaneostomia
56.7,Altre anastomosi ureterali
56.71,Anastomosi uretero-intestinale
56.72,Revisione di anastomosi ureterointestinale
56.73,Nefrocistoanastomosi SAI
56.74,"Uretero-neocistostomia diretta, con plastica antireflusso o con flap vescicale"
56.75,Uretero-trans-ureteroanastomosi
56.79,Altra anastomosi o bypass dell’uretere
56.8,Plastiche ureterali
56.81,Ureterotomia endoscopica
56.82,Riparazione di lesioni ureterali
56.83,Sutura di ureterostomia
56.84,Riparazione di fistola ureterale
56.85,Ureteropessia
56.86,Rimozione di legatura dell’uretere
56.89,Altra riparazione dell’uretere
56.9,Altri interventi ureterali
56.91,Dilatazione della papilla ureterale
56.92,Impianto di stimolatore ureterale
56.93,Sostituzione di stimolatore ureterale
56.94,Rimozione di stimolatore ureterale
56.95,Legatura dell’uretere
56.99,Altri interventi sull’uretere
57,Interventi sulla vescica
57.0,Drenaggio transuretrale della vescica
57.1,Cistotomia e cistostomia
57.11,Prelievo percutaneo di urina dalla vescica
57.12,Lisi di aderenze intraluminali con incisione nella vescica
57.17,Cistostomia percutanea
57.18,Cistostomia e cistolitotomia sovrapubica
57.19,Altra cistotomia
57.2,Vescicostomia
57.21,Creazione di cistostomia sovrapubica permanente
57.22,Revisione di cistostomia
57.3,Procedure diagnostiche vescicali
57.31,Cistoscopia attraverso stoma artificiale
57.32,Altra cistoscopia
57.33,Cistoscopia [transuretrale] con biopsia
57.34,Biopsia vescicale a cielo aperto
57.39,Altre procedure diagnostiche sulla vescica
57.4,Asportazione o demolizione transuretrale di tessuto vescicale
57.41,Lisi transuretrale di aderenze intraluminali
57.49,Altra resezione transuretrale di lesione vescicale o neoplasia
57.5,Altra chirurgia vescicale
57.51,Asportazione dell’uraco
57.59,Altra chirurgia vescicale a cielo aperto
57.6,Cistectomia parziale
57.7,Cistectomia totale
57.71,Cistectomia radicale
57.79,Altra cistectomia totale
57.8,Interventi di riparazione vescicale
57.81,Sutura di lacerazione vescicale
57.82,Chiusura di cistostomia
57.83,Chiusura di fistola vescico-intestinale
57.84,Chiusura di fistola vescicogenitale o perineale
57.85,Cistouretroplastica e chirurgia plastica del collo vescicale
57.86,Ricostruzione di vescica estrofica
57.87,Neovescica continente ed ampliamento vescicale
57.88,Altre ricostruzioni vescicali
57.89,Altra chirurgia plastica vescicale
57.9,Altri interventi sulla vescica
57.91,Sfinterotomia vescicale
57.92,Calibraggio collo vescicale
57.93,Rimozione di tampone ed emostasi vescicale postchirurgica
57.94,Cateterismo vescicale
57.95,Sostituzione di catetere vescicale
57.96,Impianto di stimolatore vescicale elettronico
57.97,Reimpianto di stimolatore vescicale elettronico
57.98,Rimozione di stimolatore vescicale elettronico
57.99,Altri interventi sulla vescica
58,Interventi sull’uretra
58.0,Uretrotomia
58.1,Meatotomia uretrale
58.2,Procedure diagnostiche sull’uretra
58.21,Uretroscopia trans-perineale
58.22,Altra uretroscopia
58.23,Biopsia dell’uretra
58.24,Biopsia del tessuto periuretrale
58.29,Altre procedure diagnostiche sull’uretra e sul tessuto periuretrale
58.3,Asportazione o demolizione di lesione o tessuto dell’uretra
58.31,Asportazione o demolizione endoscopica di lesione o tessuto dell’uretra
58.39,Altra asportazione o demolizione locale di lesione o tessuto dell’uretra
58.4,Uretroplastiche
58.41,Sutura di lacerazione uretrale
58.42,Chiusura di uretrostomia
58.43,Chiusura di altra fistola uretrale
58.44,Anastomosi termino-terminale uretrale
58.45,Riparazione di ipospadia o epispadia
58.46,Altre ricostruzioni uretrali
58.47,Meatoplastica uretrale
58.49,Altra riparazione uretrale
58.5,Uretrotomia endoscopica
58.6,Dilatazione uretrale
58.9,Altra chirurgia uretrale
58.91,Incisione di tessuto periuretrale
58.92,Asportazione di tessuto periuretrale
58.93,Impianto di sfinteri artificiali urinari
58.99,Altri interventi sull’uretra e sul tessuto periuretrale
59,Altri interventi sull’apparato urinario
59.0,Interventi sul retroperitoneo
59.00,"Esplorazione retroperitoneo, SAI"
59.02,Altra lisi di aderenze perirenali o periureterali
59.03,Lisi laparoscopica di aderenze di tessuto perirenale o periureterale
59.09,Altra incisione di tessuto perirenale e periureterale
59.1,Interventi sul tessuto perivescicale
59.11,Altre lisi di aderenze perivescicali
59.12,Lisi laparoscopica di aderenze perivescicali
59.19,Altra incisione del tessuto perivescicale
59.2,Procedure diagnostiche sul tessuto perirenale e perivescicale
59.21,Biopsia del tessuto perirenale o perivescicale
59.29,"Altre procedure diagnostiche sul tessuto perirenale, perivescicale e sul retroperitoneo"
59.3,Colpoplastica (Kelly) per incontinenza urinaria
59.4,Sospensione uretrale sovrapubica con sling
59.5,Sospensione uretrale retropubica (Marshall)
59.6,Colposospensione parauretrale
59.7,Altri interventi per incontinenza da stress
59.71,Intervento sul muscolo elevatore per sospensione uretrovescicale
59.72,Impianto per iniezione nell’uretra e/o nel collo vescicale
59.79,Altra riparazione per incontinenza urinaria da stress
59.8,Cateterizzazione ureterale
59.9,Altri interventi sull’apparato urinario
59.91,Asportazione di tessuti perirenali o perivescicali
59.92,Altri interventi sul tessuto perirenale o perivescicale
59.93,"Riposizionamento chirurgico di drenaggio ureterostomico, pig-tail"
59.94,Riposizionamento chirurgico di drenaggio cistostomico
59.95,Litotrissia con ultrasuoni o elettroidraulica
59.99,Altri interventi sull’apparato urinario
60,Interventi sulla prostata e sulle vescicole seminali
60.0,Incisione della prostata
60.1,Procedure diagnostiche sulla prostata e vescicole seminali
60.11,Biopsia transperineale [percutanea] [agobiopsia] della prostata
60.12,Biopsia a cielo aperto della prostata
60.13,Biopsia [percutanea] delle vescicole seminali
60.14,Biopsia a cielo aperto delle vescicole seminali
60.15,Biopsia del tessuto periprostatico
60.18,Altre procedure diagnostiche sulla prostata e sul tessuto periprostatico
60.19,Altre procedure diagnostiche sulle vescicole seminali
60.2,Prostatectomia transuretrale
60.21,Prostatectomia transuretrale guidata (con ultrasuoni) mediante laser (TULIP)
60.29,Altra prostatectomia transuretrale
60.3,Adenomectomia transvescicale
60.4,Adenomectomia retropubica
60.5,Prostatectomia radicale
60.6,Altra prostatectomia
60.61,Asportazione di lesione prostatica
60.62,Prostatectomia perineale
60.69,Altra prostatectomia
60.7,Interventi sulle vescicole seminali
60.71,Aspirazione percutanea delle vescicole seminali
60.72,Incisione delle vescicole seminali
60.73,Asportazione delle vescicole seminali
60.79,Altri interventi sulle vescicole seminali
60.8,Incisione o escissione di tessuto periprostatico
60.81,Drenaggio di ascesso periprostatico
60.82,Asportazione di tessuto periprostatico
60.9,Altri interventi sulla prostata
60.91,Aspirazione percutanea della prostata
60.92,Iniezione (di farmaci) nella prostata
60.93,Riparazione della prostata
60.94,Controllo di emorragia prostatica postchirurgica
60.95,Dilatazione transuretrale mediante palloncino dell’uretra prostatica
60.96,Distruzione transuretrale di tessuto prostatico mediante termoterapia con microonde
60.97,Altra distruzione transuretrale di tessuto prostatico mediante altra termoterapia
60.99,Altri interventi sulla prostata
61,Interventi sullo scroto e sulla tunica vaginale
61.0,Incisione e drenaggio dello scroto e della tunica vaginale
61.1,Procedure diagnostiche sullo scroto e tunica vaginale
61.11,Biopsia dello scroto o della tunica vaginale
61.19,Altre procedure diagnostiche sullo scroto e sulla tunica vaginale
61.2,Asportazione di idrocele (della tunica vaginale)
61.3,Asportazione o demolizione di parte del tessuto scrotale
61.4,Riparazione dello scroto e della tunica vaginale
61.41,Sutura di lacerazione dello scroto e della tunica vaginale
61.42,Chiusura di fistola dello scroto
61.49,Altre riparazioni dello scroto e della tunica vaginale
61.9,Altri interventi sullo scroto e sulla tunica vaginale
61.91,Aspirazione percutanea della tunica vaginale
61.92,Asportazione di ematocele
61.99,Altri interventi sullo scroto e sulla tunica vaginale
62,Interventi sui testicoli
62.0,Incisione del testicolo
62.1,Procedure diagnostiche sui testicoli
62.11,Biopsia [percutanea] [agobiopsia] del testicolo
62.12,Biopsia a cielo aperto del testicolo
62.19,Altre procedure diagnostiche sui testicoli
62.2,Asportazione o demolizione di lesione testicolare
62.3,Orchiectomia monolaterale
62.4,Orchiectomia bilaterale
62.41,Orchiectomia bilaterale nello stesso intervento
62.42,Orchiectomia del testicolo residuo
62.5,Orchiopessi
62.6,Riparazione dei testicoli
62.61,Sutura di lacerazione del testicolo
62.69,Altra riparazione del testicolo
62.7,Inserzione di protesi testicolare
62.9,Altri interventi sul testicolo
62.91,Aspirazione del testicolo
62.92,Iniezione di sostanze terapeutiche nel testicolo
62.99,Altri interventi sul testicolo
63,"Interventi sul cordone spermatico, epididimo e sui dotti deferenti"
63.0,"Procedure diagnostiche sul cordone spermatico, sull’epididimo e sui dotti deferenti"
63.01,"Biopsia del cordone spermatico, dell’epididimo o dei dotti deferenti"
63.09,"Altre procedure diagnostiche sul cordone spermatico, sull’epididimo e sui dotti deferenti"
63.1,Asportazione di varicocele e idrocele del cordone spermatico
63.2,Asportazione di cisti dell’epididimo o spermatocele
63.3,Asportazione di altra lesione o tessuto del cordone spermatico ed epididimo
63.4,Epididimectomia
63.5,Riparazione del cordone spermatico e dell’epididimo
63.51,Sutura di lacerazione del cordone spermatico e dell’epididimo
63.52,Derotazione del funicolo e del testicolo
63.53,Trapianto del cordone spermatico
63.59,Altra riparazione del cordone spermatico e dell’epididimo
63.6,Vasotomia e vasostomia
63.7,Vasectomia e legatura dei vasi deferenti
63.70,"Intervento di sterilizzazione dell’uomo, SAI"
63.71,Legatura dei dotti deferenti per rottura o lacerazione
63.72,Legatura del cordone spermatico
63.73,Vasectomia
63.8,Riparazione dei dotti deferenti e dell’epididimo
63.81,Sutura di lacerazione dei dotti deferenti e dell’epididimo
63.82,Ricostruzione di deferenti chirurgicamente sezionati
63.83,Epididimodeferentoanastomosi
63.84,Rimozione di legatura dei dotti deferenti
63.85,Rimozione di valvola dai dotti deferenti
63.89,Altra riparazione dei dotti deferenti e dell’epididimo
63.9,"Altri interventi sul cordone spermatico, sull’epididimo e sui dotti deferenti"
63.91,Aspirazione di spermatocele
63.92,Epididimotomia
63.93,Incisione del cordone spermatico
63.94,Lisi del cordone spermatico e cremasterolisi
63.95,Inserimento di valvole nei dotti deferenti
63.99,"Altri interventi sul cordone spermatico, sull’epididimo e sui dotti deferenti"
64,Interventi sul pene
64.0,Circoncisione
64.1,Procedure diagnostiche sul pene
64.11,Biopsia del pene
64.19,Altre procedure diagnostiche sul pene
64.2,Asportazione o demolizione di lesione del pene
64.3,Amputazione del pene
64.4,Interventi di riparazione e di plastica del pene
64.41,Sutura di lacerazione del pene
64.42,Rilasciamento della corda penis
64.43,Costruzione del pene
64.44,Ricostruzione del pene
64.45,Reimpianto del pene
64.49,Altra riparazione del pene
64.5,Interventi per trasformazione di sesso non classificati altrove
64.9,Altri interventi sull’apparato genitale maschile
64.91,Plastiche di slittamento del prepuzio
64.92,Incisione del pene
64.93,Liberazione di sinechie peniene
64.94,Posizionamento di protesi peniena esterna
64.95,Inserzione o reinserimento di protesi peniena semi rigida
64.96,Rimozione di protesi peniena interna
64.97,Inserzione o sostituzione di protesi peniena gonfiabile
64.98,Altri interventi sul pene
64.99,Altri interventi sull’apparato genitale maschile
65,Interventi sull’ovaio
65.0,Ovariotomia
65.01,Ovariotomia laparoscopica
65.09,Altra ovariotomia
65.1,Procedure diagnostiche sull’ovaio
65.11,Biopsia aspirativa dell’ovaio
65.12,Altra biopsia dell’ovaio
65.13,Biopsia laparoscopica dell’ovaio
65.14,Altre procedure diagnostiche laparoscopiche sull’ovaio
65.19,Altre procedure diagnostiche sull’ovaio
65.2,Asportazione o demolizione locale di lesione o tessuto ovarico
65.21,Marsupializzazione di cisti ovarica
65.22,Resezione cuneiforme dell’ovaio
65.23,Marsupializzazione laparoscopica di cisti ovarica
65.24,Resezione cuneiforme laparoscopica di cisti ovarica
65.25,Altra asportazione laparoscopica locale o distruzione dell’ovaio
65.29,Altra asportazione o demolizione locale dell’ovaio
65.3,Ovariectomia monolaterale
65.31,Ovariectomia laparoscopica monolaterale
65.39,Altra ovariectomia monolaterale
65.4,Salpingo-ovariectomia monolaterale
65.41,Salpingo-ovariectomia laparoscopica monolaterale
65.49,Altra salpingo-ovariectomia monolaterale
65.5,Ovariectomia bilaterale
65.51,Rimozione di entrambe le ovaie nello stesso intervento
65.52,Rimozione dell’ovaio residuo
65.53,Rimozione laparoscopica di entrambe le ovaie nello stesso intervento
65.54,Rimozione laparoscopica dell’ovaio residuo
65.6,Salpingo-ovariectomia bilaterale
65.61,Altra rimozione di entrambe le ovaie e delle tube nello stesso intervento
65.62,Altra rimozione dell’ovaio e della tuba residua
65.63,Rimozione laparoscopica di entrambe le ovaie e delle tube nello stesso intervento
65.64,Rimozione laparoscopica dell’ovaio residuo e della tuba
65.7,Riparazione dell’ovaio
65.71,Sutura semplice dell’ovaio
65.72,Reimpianto di ovaio
65.73,Altra plastica salpingo-ovarica
65.74,Sutura semplice laparoscopica dell’ovaio
65.75,Reimpianto laparoscopico dell’ovaio
65.76,Plastica salpingo-ovarica laparoscopica
65.79,Altra riparazione dell’ovaio
65.8,Lisi di aderenze delle ovaie e delle tube
65.81,Lisi laparoscopica di aderenze delle ovaie e delle tube
65.89,Altra lisi di aderenze delle ovaie e delle tube
65.9,Altri interventi sull’ovaio
65.91,Aspirazione dell’ovaio
65.92,Trapianto di ovaio
65.93,Rottura manuale di cisti ovarica
65.94,Denervazione ovarica
65.95,Detorsione dell’ovaio
65.99,Altri interventi sull’ovaio (Asportazione di cisti ovarica con ricostruzione della gonade) (Asportazione di cisti infralegamentarie) (Asportazione di cisti del paraovario)
66,Interventi sulle tube di Falloppio
66.0,Salpingotomia e salpingostomia
66.01,Salpingotomia
66.02,Salpingostomia
66.1,Procedure diagnostiche sulle tube
66.11,Biopsia delle tube
66.19,Altre procedure diagnostiche sulle tube
66.2,Demolizione od occlusione endoscopica bilaterale delle tube
66.21,Legatura e clampaggio endoscopico bilaterale delle tube
66.22,Legatura e sezione endoscopica bilaterale delle tube
66.29,Altra demolizione od occlusione endoscopica bilaterale delle tube
66.3,Altra demolizione od occlusione bilaterale delle tube
66.31,Altra legatura e clampaggio bilaterale delle tube
66.32,Altra legatura e sezione bilaterale delle tube
66.39,Altra demolizione od occlusione bilaterale delle tube
66.4,Salpingectomia totale monolaterale
66.5,Salpingectomia totale bilaterale
66.51,Rimozione di entrambe le tube nello stesso intervento
66.52,Rimozione della tuba residua
66.6,Altra salpingectomia
66.61,Asportazione o demolizione di lesione delle tube
66.62,Salpingectomia con rimozione di gravidanza tubarica
66.63,"Salpingectomia parziale bilaterale, SAI"
66.69,Altra salpingectomia parziale
66.7,Riparazione delle tube
66.71,Sutura semplice delle tube
66.72,Salpingo-ovariostomia
66.73,Salpingo-salpingostomia
66.74,Salpingo-uterostomia
66.79,Altra riparazione delle tube
66.8,Insufflazione nelle tube
66.9,Altri interventi sulle tube
66.91,Aspirazione delle tube
66.92,Demolizione od occlusione monolaterale della tuba
66.93,Impianto o sostituzione di protesi della tuba
66.94,Rimozione di protesi della tuba
66.95,Insufflazione di sostanze terapeutiche nelle tube
66.96,Dilatazione delle tube
66.97,Innesto delle fimbrie nella parete uterina
66.99,Altri interventi sulle tube
67,Interventi sulla cervice uterina
67.0,Dilatazione del canale cervicale
67.1,Procedure diagnostiche sulla cervice
67.11,Biopsia endocervicale
67.12,Altra biopsia cervicale
67.19,Altre procedure diagnostiche sulla cervice
67.2,Conizzazione della cervice
67.3,Altra asportazione o demolizione di lesione o tessuto della cervice
67.31,Marsupializzazione di cisti cervicale
67.32,Demolizione di lesione della cervice mediante cauterizzazione
67.33,Demolizione di lesione della cervice mediante criochirurgia
67.39,Altra asportazione o demolizione di lesione o tessuto della cervice
67.4,Asportazione della cervice
67.5,Riparazione di ostio cervicale interno
67.51,Cerchiaggio transaddominale della cervice
67.59,Altra riparazione di ostio cervicale interno
67.6,Altra riparazione della cervice
67.61,Sutura di lacerazione della cervice
67.62,Riparazione di fistola della cervice
67.69,Altra riparazione della cervice
68,Altra incisione od asportazione dell’utero
68.0,Isterotomia
68.1,Procedure diagnostiche sull’utero e strutture di sostegno
68.11,Esplorazione digitale dell’utero
68.12,Isteroscopia
68.13,Biopsia a cielo aperto dell’utero
68.14,Biopsia a cielo aperto dei legamenti uterini
68.15,Biopsia dei legamenti uterini
68.16,Biopsia dell’utero
68.19,Altre procedure diagnostiche sull’utero e strutture di sostegno
68.2,Asportazione o demolizione di lesione o tessuto dell’utero
68.21,Divisione di sinechie endometriali
68.22,Incisione o asportazione di setto congenito dell’utero
68.23,Ablazione dell’endometrio
68.29,Altra asportazione o demolizione di lesione dell’utero
68.3,Isterectomia addominale subtotale
68.31,Isterectomia sopracervicale laparoscopica
68.39,Altra e non specificata isterectomia sopracervicale addominale subtotale
68.4,Isterectomia addominale totale
68.41,Isterectomia addominale totale laparoscopica
68.49,Altra e non specificata isterectomia addominale totale
68.5,Isterectomia vaginale
68.51,Isterectomia vaginale assistita laparoscopicamente (LAVH)
68.59,Altra e non specificata isterectomia vaginale
68.6,Isterectomia addominale radicale
68.61,Isterectomia addominale radicale laparoscopica
68.69,Altra e non specificata isterectomia addominale radicale
68.7,Isterectomia vaginale radicale
68.71,Isterectomia vaginale radicale laparoscopica
68.79,Altra e nonspecificata isterectomia vaginale radicale
68.8,Eviscerazione pelvica
68.9,Altra e non specificata isterectomia
69,Altri interventi sull’utero e sulle strutture di sostegno
69.0,Dilatazione e raschiamento dell’utero
69.01,Dilatazione o raschiamento per interruzione di gravidanza
69.02,Dilatazione e raschiamento a seguito di parto o aborto
69.09,Altra dilatazione o raschiamento dell’utero
69.1,Asportazione o demolizione di lesione o tessuto dell’utero e delle strutture di sostegno
69.19,Altra asportazione o demolizione dell’utero e delle strutture di sostegno
69.2,Riparazione delle strutture di sostegno dell’utero
69.21,Intervento di interposizione
69.22,Altra sospensione uterina
69.23,Riparazione vaginale di inversione cronica dell’utero
69.29,Altra riparazione dell’utero e delle strutture di sostegno
69.3,Denervazione uterina paracervicale
69.4,Riparazione uterina
69.41,Sutura di lacerazione dell’utero
69.42,Chiusura di fistola dell’utero
69.49,Altra riparazione dell’utero
69.5,Raschiamento dell’utero mediante aspirazione
69.51,Raschiamento dell’utero mediante aspirazione per interruzione di gravidanza
69.52,Raschiamento dell’utero mediante aspirazione a seguito di gravidanza o aborto
69.59,Altro raschiamento dell’utero mediante aspirazione
69.6,Procedura per provocare o regolare il flusso mestruale
69.7,Inserzione di dispositivo contraccettivo intrauterino (IUD)
69.9,"Altri interventi sull’utero, sulla cervice e sulle strutture di sostegno"
69.91,Inserzione di dispositivo terapeutico interno all’utero
69.92,Inseminazione artificiale
69.93,Inserzione di laminaria
69.94,Riposizionamento manuale di utero invertito
69.95,Incisione della cervice
69.96,Rimozione del materiale di cerchiaggio dalla cervice
69.97,Rimozione dalla cervice di corpo estraneo
69.98,Altri interventi sulle strutture di supporto dell’utero
69.99,Altri interventi sulla cervice e sull’utero
70,Interventi sulla vagina e sul cul-de-sac
70.0,Culdocentesi
70.1,Incisione della vagina e del cul-de-sac
70.11,Imenotomia
70.12,Culdotomia
70.13,Lisi di aderenze intraluminali della vagina
70.14,Altra vaginotomia
70.2,Procedure diagnostiche sulla vagina e sul cul-de-sac
70.21,Vaginoscopia
70.22,Culdoscopia
70.23,Biopsia del cul de sac
70.24,Biopsia vaginale
70.29,Altre procedure diagnostiche sulla vagina e sul cul de sac
70.3,Asportazione o demolizione locale della vagina e del cul-de-sac
70.31,Imenectomia
70.32,Asportazione o demolizione di lesione del cul de sac
70.33,Asportazione o demolizione di lesione della vagina
70.4,Obliterazione ed asportazione totale della vagina
70.5,Riparazione di cistocele e rettocele
70.50,Riparazione di cistocele e rettocele
70.51,Riparazione di cistocele
70.52,Riparazione di rettocele
70.6,Costruzione e ricostruzione della vagina
70.61,Costruzione della vagina
70.62,Ricostruzione della vagina
70.7,Altra riparazione della vagina
70.71,Sutura di lacerazione della vagina
70.72,Riparazione di fistola colon-vaginale
70.73,Riparazione di fistola rettovaginale
70.74,Riparazione di altra fistola vaginoenterica
70.75,Riparazione di altra fistola della vagina
70.76,Imenorrafia
70.77,Sospensione e fissazione della vagina
70.79,Altra riparazione della vagina
70.8,Obliterazione del fornice vaginale
70.9,Altri interventi sulla vagina e sul cul-de-sac
70.91,Altri interventi sulla vagina
70.92,Altri interventi sul cul-de-sac
71,Interventi sulla vulva e sul perineo
71.0,Incisione della vulva e del perineo
71.01,Lisi di aderenze vulvari
71.09,Altra incisione della vulva e del perineo
71.1,Procedure diagnostiche sulla vulva
71.11,Biopsia della vulva
71.19,Altre procedure diagnostiche sulla vulva
71.2,Interventi sulla ghiandola del Bartolino
71.21,Aspirazione percutanea di cisti nella ghiandola del Bartolino
71.22,Incisione di cisti della ghiandola del Bartolino
71.23,Marsupializzazione di cisti della ghiandola del Bartolino
71.24,Asportazione o altra demolizione di cisti della ghiandola del Bartolino
71.29,Altri interventi sulla ghiandola del Bartolino (cisti)
71.3,Altra asportazione o demolizione locale della vulva e del perineo
71.4,Interventi sul clitoride
71.5,Vulvectomia radicale
71.6,Altra vulvectomia
71.61,Vulvectomia monolaterale
71.62,Vulvectomia bilaterale
71.7,Riparazione della vulva e del perineo
71.71,Sutura di lacerazione della vulva o del perineo
71.72,Riparazione di fistola della vulva o del perineo
71.79,Altra riparazione della vulva e del perineo
71.8,Altri interventi sulla vulva
71.9,Altri interventi sull’apparato genitale femminile
72,"Parto con forcipe, ventosa e parto podalico"
72.0,Parto con forcipe basso
72.1,Parto con forcipe basso con episiotomia
72.2,Parto con forcipe medio
72.21,Parto con forcipe medio con episiotomia
72.29,Altro parto con forcipe medio
72.3,Parto con forcipe alto
72.31,Parto con forcipe alto con episiotomia
72.39,Altro parto con forcipe alto
72.4,Rotazione con forcipe della testa fetale
72.5,Estrazione podalica
72.51,Applicazione del forcipe su testa postica dopo parziale estrazione podalica
72.52,Altra estrazione podalica parziale
72.53,Applicazione del forcipe su testa postica dopo estrazione podalica totale
72.54,Altra estrazione podalica totale
72.6,Applicazione di forcipe su testa postica
72.7,Estrazione mediante ventosa
72.71,Estrazione mediante ventosa con episiotomia
72.79,Altra estrazione mediante ventosa
72.8,Altro parto strumentale specificato
72.9,Parto strumentale non specificato
73,Altri interventi di induzione o di assistenza al parto
73.0,Rottura artificiale delle membrane
73.01,Induzione del travaglio mediante rottura artificiale delle membrane
73.09,Altra rottura artificiale delle membrane
73.1,Altra induzione chirurgica del travaglio
73.2,Rivolgimento interno e combinato ed estrazione
73.21,Rivolgimento interno e combinato senza estrazione
73.22,Rivolgimento interno e combinato con estrazione
73.3,Tentativo non riuscito di applicazione del forcipe
73.4,Induzione medica del travaglio
73.5,Assistenza manuale al parto
73.51,Rotazione manuale della testa fetale
73.59,Altra assistenza manuale al parto
73.6,Episiotomia
73.8,Interventi sul feto per facilitare il parto
73.9,Altri interventi di assistenza al parto
73.91,Rivolgimento esterno
73.92,Riposizionamento di cordone ombelicale prolassato
73.93,Incisione della cervice per facilitare il parto
73.94,Pubiotomia per facilitare il parto
73.99,Altri interventi di assistenza al parto
74,Taglio cesareo ed estrazione del feto
74.0,Taglio cesareo tradizionale
74.1,Taglio cesareo cervicale basso
74.2,Taglio cesareo extraperitoneale
74.3,Rimozione di gravidanza ectopica extratubarica
74.4,Taglio cesareo specificato
74.9,Taglio cesareo SAI
74.91,Isterotomia per interruzione di gravidanza
74.99,Altro taglio cesareo di tipo non specificato
75,Altri interventi ostetrici
75.0,Iniezione intra-amniotica per interruzione di gravidanza
75.1,Amniocentesi diagnostica prelievo dei villi coriali
75.2,Trasfusione intrauterina
75.3,Altri interventi intrauterini sul feto e sull’amnios
75.31,Amnioscopia
75.32,ECG fetale (cuoio capelluto)
75.33,Prelievo di sangue fetale e biopsia
75.34,Altro monitoraggio fetale
75.35,Altre procedure diagnostiche sul feto e sull’amnios
75.36,Correzione di difetto fetale
75.37,Amnioinfusione
75.38,Ossimetria fetale
75.4,Rimozione manuale di placenta ritenuta
75.5,Riparazione di lacerazione ostetrica recente dell’utero
75.50,Riparazione di lacerazione ostetrica recente dell’utero SAI
75.51,Riparazione di lacerazione ostetrica recente della cervice
75.52,Riparazione di lacerazione ostetrica recente del corpo dell’utero
75.6,Riparazione di altra lacerazione ostetrica recente
75.61,Riparazione di lacerazione ostetrica recente della vescica e dell’uretra
75.62,Riparazione di lacerazione ostetrica recente del retto e sfintere anale
75.69,Riparazione di altra lacerazione ostetrica recente
75.7,"Esplorazione manuale della cavità uterina, postpartum"
75.8,Tamponamento ostetrico dell’utero o della vagina
75.9,Altri interventi ostetrici
75.91,Evacuazione di ematoma ostetrico del perineo
75.92,Evacuazione di altro ematoma della vulva o della vagina
75.93,Riduzione chirurgica di inversione uterina
75.94,Riduzione manuale di inversione uterina
75.99,Altri interventi ostetrici
76,Interventi sulle ossa e sulle articolazioni della faccia
76.0,Incisione delle ossa della faccia senza sezione
76.01,Sequestrectomia di osso facciale
76.09,Altra incisione di osso facciale
76.1,Procedure diagnostiche sulle ossa e articolazioni facciali
76.11,Biopsia delle ossa facciali
76.19,Altre procedure diagnostiche sulle ossa e articolazioni facciali
76.2,Asportazione o demolizione locale di lesione delle ossa facciali
76.3,Osteotomia parziale delle ossa della faccia
76.31,Mandibolectomia parziale
76.39,Osteotomia parziale di altre ossa della faccia
76.4,Asportazione e/o ricostruzione di ossa della faccia
76.41,Mandibolectomia totale con ricostruzione contemporanea
76.42,Altra mandibolectomia totale
76.43,Altra ricostruzione della mandibola
76.44,Osteotomia totale di altre ossa facciali con contemporanea ricostruzione
76.45,Altra osteotomia totale di altre ossa facciali
76.46,Altra ricostruzione di altre ossa facciali
76.5,Artroplastica temporomandibolare
76.6,Altra riparazione ossea della taccia e chirurgia ortognatica
76.61,Osteoplastica chiusa [osteotomia] del ramo ascendente della mandibola
76.62,Osteoplastica aperta [osteotomia] del ramo ascendente della mandibola
76.63,Osteoplastica [osteotomia] del corpo della mandibola
76.64,Altra chirurgia ortognatica della mandibola
76.65,Osteoplastica segmentaria [osteotomia] della mascella
76.66,Osteoplastica totale [osteotomia] della mascella
76.67,Genioplastica riduttiva
76.68,Allungamento plastico del mento
76.69,Altre riparazioni delle ossa della faccia
76.7,Riduzione di frattura facciale
76.70,"Riduzione di frattura della faccia, SAI"
76.71,Riduzione chiusa di frattura zigomatica e malare
76.72,Riduzione aperta di frattura zigomatica e malare
76.73,Riduzione chiusa di frattura mascellare
76.74,Riduzione aperta di frattura mascellare
76.75,Riduzione chiusa di frattura mandibolare
76.76,Riduzione aperta di frattura mandibolare
76.77,Riduzione aperta di frattura alveolare
76.78,Altra riduzione chiusa di frattura facciale
76.79,Altra riduzione aperta di frattura facciale
76.9,Altri interventi sulle ossa e articolazioni facciali
76.91,Innesto osseo su ossa facciali
76.92,Inserzione di protesi nelle ossa facciali
76.93,Riduzione chiusa di lussazione temporomandibolare
76.94,Riduzione aperta di lussazione temporomandibolare
76.95,Altra manipolazione di articolazione temporomandibolare
76.96,Iniezione di sostanza terapeutica nell’articolazione temporomandibolare
76.97,Rimozione di mezzi di fissazione interna dalle ossa facciali
76.99,Altri interventi sulle ossa e articolazioni facciali
77,"Incisione, asportazione e sezione di altre ossa"
77.0,Sequestrectomia
77.00,"Sequestrectomia, sede non specificata"
77.01,"Sequestrectomia della scapola, clavicola e torace (sterno e costole)"
77.02,Sequestrectomia dell’omero
77.03,Sequestrectomia del radio e dell’ulna
77.04,Sequestrectomia del carpo e delmetacarpo
77.05,Sequestrectomia del femore
77.06,Sequestrectomia della rotula
77.07,Sequestrectomia della tibia e fibula
77.08,Sequestrectomia del tarso e del metatarso
77.09,"Sequestrectomia di altre ossa, escluse quelle facciali"
77.1,"Altra incisione dell’osso, osteotomia"
77.10,"Altra incisione dell’osso senza sezione, sede non specificata"
77.11,"Altra incisione della scapola, clavicola e torace (coste, sterno) senza sezione"
77.12,Altra incisione dell’omero senza sezione
77.13,Altra incisione del radio e dell’ulna senza sezione
77.14,Altra incisione del carpo e metacarpo senza sezione
77.15,Altra incisione del femore senza sezione
77.16,Altra incisione della rotula senza sezione
77.17,Altra incisione di tibia e fibula senza sezione
77.18,Altra incisione di tarso e metatarso senza sezione
77.19,"Altra incisione di altre ossa, escluse quelle facciali senza sezione"
77.2,Resezione ossea cuneiforme
77.20,Resezione cuneiforme in sede non specificata
77.21,"Resezione cuneiforme della scapola, clavicola e torace (coste e sterno)"
77.22,Resezione cuneiforme dell’omero
77.23,Resezione cuneiforme del radio e dell’ulna
77.24,Resezione cuneiforme del carpo e del metacarpo
77.25,Resezione cuneiforme del femore
77.26,Resezione cuneiforme della rotula
77.27,Resezione cuneiforme della tibia e fibula
77.28,Resezione cuneiforme del tarso e metatarso
77.29,"Resezione cuneiforme di altre ossa, escluse quelle facciali"
77.3,Altra sezione dell’osso
77.30,"Altra sezione dell’osso, sede non specificata"
77.31,"Altra sezione della scapola, clavicola e torace (coste e sterno)"
77.32,Altra sezione dell’omero
77.33,Altra sezione del radio e dell’ulna
77.34,Altra sezione del carpo e metacarpo
77.35,Altra sezione del femore
77.36,Altra sezione della rotula
77.37,Altra sezione della tibia e fibula
77.38,Altra sezione del tarso e metatarso
77.39,"Altra sezione di altre ossa, escluse quelle facciali"
77.4,Biopsia dell’osso
77.40,"Biopsia dell’osso, sede non specificata"
77.41,"Biopsia della scapola, clavicola e torace (coste e sterno)"
77.42,Biopsia dell’omero
77.43,Biopsia del radio e dell’ulna
77.44,Biopsia del carpo e metacarpo
77.45,Biopsia del femore
77.46,Biopsia della rotula
77.47,Biopsia della tibia e fibula
77.48,Biopsia del tarso e metatarso
77.49,"Biopsia di altre ossa, ad eccezione di quelle facciali"
77.5,Asportazione di borsite e correzione di altre deformità delle dita
77.51,Asportazione di borsite con correzione dei tessuti molli ed osteotomia del primo metatarso
77.52,Asportazione di borsite con correzione dei tessuti molli ed artrodesi
77.53,Altra asportazione di borsite con correzione dei tessuti molli
77.54,Asportazione o correzione di borsite
77.56,Riparazione di dito a martello
77.57,Riparazione di dito ad artiglio
77.58,"Altra asportazione, fusione o riparazione di dita"
77.59,Altra asportazione di borsite
77.6,Asportazione locale di lesione o di tessuto osseo
77.60,"Asportazione locale di lesione o tessuto osseo, sede non specificata"
77.61,"Asportazione locale di lesione o tessuto della scapola, clavicola e torace (coste e sterno)"
77.62,Asportazione di lesione o tessuto dell’omero
77.63,Asportazione locale di lesione o tessuto di radio e ulna
77.64,Asportazione locale di lesione o tessuto di carpo e metacarpo
77.65,Asportazione locale di lesione o tessuto del femore
77.66,Asportazione locale di lesione o tessuto della rotula
77.67,Asportazione locale di lesione o tessuto di tibia e fibula
77.68,Asportazione locale di lesione o tessuto di tarso e metatarso
77.69,"Asportazione locale di lesione o tessuto di altre ossa, escluse quelle facciali"
77.7,Prelievo di osso per innesto
77.70,"Prelievo di osso per innesto, sede non specificata"
77.71,"Prelievo di osso della scapola, della clavicola e del torace per innesto (coste e sterno)"
77.72,Prelievo di osso dell’omero per innesto
77.73,Prelievo di osso del radio e dell’ulna per innesto
77.74,Prelievo di osso del carpo e del metacarpo per innesto
77.75,Prelievo diosso del femore per innesto
77.76,Prelievo di osso della rotula per innesto
77.77,Prelievo di osso della tibia e della fibula per innesto
77.78,Prelievo di osso del tarso e del metatarso per innesto
77.79,Prelievo di altre ossa per innesto
77.8,Altra osteotomia parziale
77.80,Altra osteotomia parziale in sede non specificata
77.81,"Altra osteotomia parziale della scapola, della clavicola e del torace (coste e sterno)"
77.82,Altra osteotomia parziale dell’omero
77.83,Altra osteotomia parziale del radio e dell’ulna
77.84,Altra osteotomia parziale del carpo e del metacarpo
77.85,Altra osteotomia parziale del femore
77.86,Altra osteotomia parziale della rotula
77.87,Altra osteotomia parziale della tibia e della fibula
77.88,Altra osteotomia parziale del tarso e del metatarso
77.89,Altra osteotomia parziale di altre ossa
77.9,Ostectomia totale
77.90,Ostectomia totale in sede non specificata
77.91,"Ostectomia totale della scapola, della clavicola e del torace (coste e sterno)"
77.92,Ostectomia totale dell’omero
77.93,Ostectomia totale del radio e dell’ulna
77.94,Ostectomia totale del carpo e del metacarpo
77.95,Ostectomia totale del femore
77.96,Ostectomia totale della rotula
77.97,Ostectomia totale della tibia e della fibula
77.98,Ostectomia totale del tarso e del metatarso
77.99,"Ostectomia totale di altre ossa, escluse quelle facciali"
78,Altri interventi sulle ossa ad eccezione di quelle facciali
78.0,Innesto osseo
78.00,"Innesto osseo, sede non specificata"
78.01,"Innesto osseo di scapola, clavicola e torace (coste e sterno)"
78.02,Innesto osseo dell’omero
78.03,Innesto osseo del radio e dell’ulna
78.04,Innesto osseo del carpo e del metacarpo
78.05,Innesto osseo del femore
78.06,Innesto osseo della rotula
78.07,Innesto osseo della tibia e fibula
78.08,Innesto osseo del tarso e del metatarso
78.09,Innesto osseo di altre ossa
78.1,Applicazione di fissatore esterno
78.10,Applicazione di fissatore esterno in sede non specificata
78.11,"Applicazione di fissatore esterno di scapola, clavicola e torace (coste e sterno)"
78.12,Applicazione di fissatore esterno dell’omero
78.13,Applicazione di fissatore esterno di radio e ulna
78.14,Applicazione di fissatore esterno di carpo e metacarpo
78.15,Applicazione di fissatore esterno del femore
78.16,Applicazione di fissatore esterno della rotula
78.17,Applicazione di fissatore esterno di tibia e fibula
78.18,Applicazione di fissatore esterno di tarso e metatarso
78.19,Applicazione di fissatore esterno di altro osso
78.2,Interventi di accorciamento delle ossa degli arti
78.20,Accorciamento in sede non specificata
78.22,Accorciamento dell’omero
78.23,Accorciamento di radio e ulna
78.24,Accorciamento di carpo e metacarpo
78.25,Accorciamento del femore
78.27,Accorciamento di tibia e fibula
78.28,Accorciamento di tarso e metatarso
78.29,Accorciamento di altro osso
78.3,Interventi di allungamento delle ossa degli arti
78.30,Allungamento in sede non specificata
78.32,Allungamento dell’omero
78.33,Allungamento di radio e ulna
78.34,Allungamento di carpo e metacarpo
78.35,Allungamento del femore
78.37,Allungamento di tibia e fibula
78.38,Allungamento di tarso e metatarso
78.39,Allungamento di altro osso
78.4,Altri interventi di riparazione o plastica su osso
78.40,Altri interventi di riparazione o plastica su osso in sede non specificata
78.41,"Altri interventi di riparazione o plastica su scapola, clavicola e torace (coste e sterno)"
78.42,Altri interventi di riparazione o plastica sull’omero
78.43,Altri interventi di riparazione o plastica su radio e ulna
78.44,Altri interventi di riparazione o plastica su carpo e metacarpo
78.45,Altri interventi di riparazione o plastica sul femore
78.46,Altri interventi di riparazione o plastica sulla rotula
78.47,Altri interventi di riparazione o plastica su tibia e fibula
78.48,Altri interventi di riparazione o plastica su tarso e metatarso
78.49,Altri interventi di riparazione o plastica su altre ossa
78.5,Fissazione interna di osso senza riduzione di frattura
78.50,Fissazione interna di osso in sede non specificata senza riduzione di frattura
78.51,"Fissazione interna di scapola, clavicola e torace (coste e sterno) senza riduzione di frattura"
78.52,Fissazione interna dell’omero senza riduzione di frattura
78.53,Fissazione interna del radio e dell’ulna senza riduzione di frattura
78.54,Fissazione interna di carpo e metacarpo senza riduzione di frattura
78.55,Fissazione interna del femore senza riduzione di frattura
78.56,Fissazione interna di rotula senza riduzione di frattura
78.57,Fissazione interna di tibia e fibula senza riduzione di frattura
78.58,Fissazione interna di tarso e metatarso senza riduzione di frattura
78.59,"Fissazione interna di altro osso, senza riduzione di frattura"
78.6,Rimozione di dispositivi impiantati
78.60,"Rimozione di dispositivo impiantato, sede non specificata"
78.61,"Rimozione di dispositivo impiantato da scapola, clavicola e torace (coste e sterno)"
78.62,Rimozione di dispositivo impiantato dall’omero
78.63,Rimozione di dispositivo impiantato da radio e ulna
78.64,Rimozione di dispositivo impiantato da carpo e metacarpo
78.65,Rimozione di dispositivo impiantato dal femore
78.66,Rimozione di dispositivo impiantato dalla rotula
78.67,Rimozione di dispositivo impiantato da tibia e fibula
78.68,Rimozione di dispositivo impiantato da tarso e metatarso
78.69,Rimozione di dispositivo impiantato da altre ossa
78.7,Osteoclasia
78.70,Osteoclasia in sede non specificata
78.71,"Osteoclasia della scapola, della clavicola e del torace (coste e sterno)"
78.72,Osteoclasia dell’omero
78.73,Osteoclasia del radio e dell’ulna
78.74,Osteoclasia del carpo e delmetacarpo
78.75,Osteoclasia del femore
78.76,Osteoclasia della rotula
78.77,Osteoclasia della tibia e della fibula
78.78,Osteoclasia del tarso e del metatarso
78.79,Osteoclasia di altre ossa
78.8,Procedure diagnostiche sull’osso non classificate altrove
78.80,Procedure diagnostiche non classificate altrove in sede non specificata
78.81,"Procedure diagnostiche non classificate altrove su scapola, clavicola e torace (coste e sterno)"
78.82,Procedure diagnostiche non classificate altrove sull’omero
78.83,Procedure diagnostiche non classificate altrove su radio e ulna
78.84,Procedure diagnostiche non classificate altrove su carpo e metacarpo
78.85,Procedure diagnostiche non classificate altrove sul femore
78.86,Procedure diagnostiche non classificate altrove sulla rotula
78.87,Procedure diagnostiche non classificate altrove sulla tibia e fibula
78.88,Procedure diagnostiche non classificate altrove sul tarso e metatarso
78.89,Procedure diagnostiche non classificate altrove su altre ossa
78.9,Inserzione di stimolatore di crescita ossea
78.90,"Inserzione di stimolatore di crescita ossea, sede non specificata"
78.91,Inserzione di stimolatore di crescita ossea su clavicola e torace (coste e sterno)
78.92,Inserzione di stimolatore di crescita ossea sull’omero
78.93,Inserzione di stimolatore di crescita ossea su radio e ulna
78.94,Inserzione di stimolatore di crescita ossea su carpo e metacarpo
78.95,Inserzione di stimolatore di crescita ossea sul femore
78.96,Inserzione di stimolatore di crescita ossea sulla rotula
78.97,Inserzione di stimolatore di crescita ossea sulla tibia e fibula
78.98,Inserzione di stimolatore di crescita ossea sul tarso e metatarso
78.99,Inserzione di stimolatore di crescita ossea su altre ossa
79,Riduzione di frattura e di lussazione
79.0,"Riduzione chiusa di frattura, senza fissazione interna"
79.00,Riduzione incruenta di frattura senza fissazione interna in sede non specificata
79.01,Riduzione incruenta di frattura dell’omero senza fissazione interna
79.02,Riduzione incruenta di frattura di radio e ulna senza fissazione interna
79.03,Riduzione incruenta di frattura di carpo e metacarpo senza fissazione interna
79.04,Riduzione incruenta di frattura delle falangi della mano senza fissazione interna
79.05,Riduzione incruenta di frattura del femore senza fissazione interna
79.06,Riduzione incruenta di frattura di tibia e fibula senza fissazione interna
79.07,Riduzione incruenta di frattura di tarso e metatarso senza fissazione interna
79.08,Riduzione incruenta di frattura delle falangi del piede senza fissazione interna
79.09,"Riduzione incruenta di frattura di altro osso specificato, senza fissazione interna"
79.1,"Riduzione incruenta di frattura, con fissazione interna"
79.10,"Riduzione incruenta di frattura con fissazione interna, sede non specificata"
79.11,"Riduzione incruenta di frattura dell’omero, con fissazione interna"
79.12,"Riduzione incruenta di frattura di radio e ulna, con fissazione interna"
79.13,"Riduzione incruenta di frattura di carpo e metacarpo, con fissazione interna"
79.14,"Riduzione incruenta di frattura delle falangi della mano, con fissazione interna"
79.15,"Riduzione incruenta di frattura del femore, con fissazione interna"
79.16,"Riduzione incruenta di frattura della tibia e della fibula, con fissazione interna"
79.17,"Riduzione incruenta di frattura del tarso e metatarso, con fissazione interna"
79.18,"Riduzione incruenta di frattura delle falangi del piede, con fissazione interna"
79.19,"Riduzione incruenta di frattura di altro osso specificato, con fissazione interna"
79.2,Riduzione cruenta di frattura senza fissazione interna
79.20,Riduzione cruenta di frattura senza fissazione interna in sede non specificata
79.21,Riduzione cruenta di frattura dell’omero senza fissazione interna
79.22,"Riduzione cruenta di frattura del radio e dell’ulna, senza fissazione interna"
79.23,Riduzione cruenta di frattura del carpo e metacarpo senza fissazione interna
79.24,"Riduzione cruenta di frattura delle falangi della mano, senza fissazione interna"
79.25,"Riduzione cruenta di frattura del femore, senza fissazione interna"
79.26,Riduzione cruenta di frattura della tibia e della fibula senza fissazione interna
79.27,"Riduzione cruenta di frattura del tarso e metatarso, senza fissazione interna"
79.28,"Riduzione cruenta di frattura delle falangi del piede, senza fissazione interna"
79.29,Riduzione cruenta di frattura di altro osso specificato senza fissazione interna
79.3,Riduzione cruenta di frattura con fissazione interna
79.30,Riduzione cruenta di frattura con fissazione interna in sede non specificata
79.31,Riduzione cruenta di frattura dell’omero con fissazione interna
79.32,"Riduzione cruenta di frattura del radio e dell’ulna, con fissazione interna"
79.33,Riduzione cruenta di frattura del carpo e metacarpo con fissazione interna
79.34,"Riduzione cruenta di frattura delle falangi della mano, con fissazione interna"
79.35,"Riduzione cruenta di frattura del femore, con fissazione interna"
79.36,"Riduzione cruenta di frattura di tibia e fibula, con fissazione interna"
79.37,"Riduzione cruenta di frattura di tarso e metatarso, con fissazione interna"
79.38,"Riduzione cruenta di frattura delle falangi del piede, con fissazione interna"
79.39,Riduzione cruenta di frattura di altro osso specificato con fissazione interna
79.4,Riduzione incruenta di epifisiolisi
79.40,Riduzione incruenta di epifisiolisi in sede non specificata
79.41,Riduzione incruenta di epifisiolisi dell’omero
79.42,Riduzione incruenta di epifisiolisi del radio e dell’ulna
79.45,Riduzione incruenta di epifisiolisi del femore
79.46,Riduzione incruenta di epifisiolisi della tibia e della fibula
79.49,Riduzione incruenta di epifisiolisi di altro osso specificato
79.5,Riduzione cruenta di epifisiolisi
79.50,Riduzione cruenta di epifisiolisi in sede non specificata
79.51,Riduzione cruenta di epifisiolisi dell’omero
79.52,Riduzione cruenta di epifisiolisi del radio e dell’ulna
79.55,Riduzione cruenta di epifisiolisi del femore
79.56,Riduzione cruenta di epifisiolisi di tibia e fibula
79.59,Riduzione cruenta di epifisiolisi di altro osso specificato
79.6,Sbrigliamento in sede di frattura esposta
79.60,Sbrigliamento di frattura esposta in sede non specificata
79.61,Sbrigliamento di frattura esposta dell’omero
79.62,Sbrigliamento di frattura esposta di radio e ulna
79.63,Sbrigliamento di frattura esposta di carpo e metacarpo
79.64,Sbrigliamento di frattura esposta delle falangi della mano
79.65,Sbrigliamento di frattura esposta del femore
79.66,Sbrigliamento di frattura esposta della tibia e fibula
79.67,Sbrigliamento di frattura esposta di tarso e metatarso
79.68,Sbrigliamento di frattura esposta delle falangi del piede
79.69,Sbrigliamento di frattura esposta di altro osso specificato
79.7,Riduzione incruenta di lussazione
79.70,Riduzione incruenta di lussazione in sede non specificata
79.71,Riduzione incruenta di lussazione della spalla
79.72,Riduzione incruenta di lussazione del gomito
79.73,Riduzione incruenta di lussazione del polso
79.74,Riduzione incruenta di lussazione della mano e delle dita della mano
79.75,Riduzione incruenta di lussazione dell’anca
79.76,Riduzione incruenta di lussazione del ginocchio
79.77,Riduzione incruenta di lussazione della caviglia
79.78,Riduzione incruenta di lussazione del piede e delle dita del piede
79.79,Riduzione incruenta di lussazione in altra sede specificata
79.8,Riduzione cruenta di lussazione
79.80,Riduzione cruenta di lussazione in sede non specificata
79.81,Riduzione cruenta di lussazione della spalla
79.82,Riduzione cruenta di lussazione del gomito
79.83,Riduzione cruenta di lussazione del polso
79.84,Riduzione cruenta di lussazione della mano e delle dita della mano
79.85,Riduzione cruenta di lussazione dell’anca
79.86,Riduzione cruenta di lussazione del ginocchio
79.87,Riduzione cruenta di lussazione della caviglia
79.88,Riduzione cruenta lussazione del piede e delle dita del piede
79.89,Riduzione cruenta di lussazione in altra sede specificata
79.9,Interventi non specificati su lesione ossea
79.90,Interventi non specificati su lesione ossea in sede non specificata
79.91,Interventi non specificati su lesione dell’omero
79.92,Interventi non specificati su lesione dell’ulna e del radio
79.93,Interventi non specificati su lesione del carpo e del metacarpo
79.94,Interventi non specificati su lesione delle falangi della mano
79.95,Interventi non specificati su lesione del femore
79.96,Interventi non specificati su lesione della tibia e della fibula
79.97,Interventi non specificati su lesione del tarso e del metatarso
79.98,Interventi non specificati su lesione delle falangi del piede
79.99,Interventi non specificati su lesione di osso specificato
80,Incisione ed asportazione di strutture articolari
80.0,Artrotomia per rimozione di protesi
80.00,"Artrotomia per rimozione di protesi, sede non specificata"
80.01,Artrotomia per rimozione di protesi della spalla
80.02,Artrotomia per rimozione di protesi del gomito
80.03,Artrotomia per rimozione di protesi del polso
80.04,Artrotomia per rimozione di protesi della mano e delle dita della mano
80.05,Artrotomia per rimozione di protesi dell’anca
80.06,Artrotomia per rimozione di protesi del ginocchio
80.07,Artrotomia per rimozione di protesi della caviglia
80.08,Artrotomia per rimozione di protesi del piede e delle dita del piede
80.09,Artrotomia per rimozione di protesi da altra sede specificata
80.1,Altra artrotomia
80.10,"Altra artrotomia, sede non specificata"
80.11,Altra artrotomia della spalla
80.12,Altra artrotomia del gomito
80.13,Altra artrotomia del polso
80.14,Altra artrotomia della mano e delle dita della mano
80.15,Altra artrotomia dell’anca
80.16,Altra artrotomia del ginocchio
80.17,Altra artrotomia della caviglia
80.18,Altra artrotomia del piede e delle dita del piede
80.19,Altra artrotomia di altra sede specificata
80.2,Artroscopia
80.20,"Artroscopia, sede non specificata"
80.21,Artroscopia della spalla
80.22,Artroscopia del gomito
80.23,Artroscopia del polso
80.24,Artroscopia della mano e delle dita della mano
80.25,Artroscopia dell’anca
80.26,Artroscopia del ginocchio
80.27,Artroscopia della caviglia
80.28,Artroscopia del piede e delle dita del piede
80.29,Artroscopia di altra sede specificata
80.3,Biopsia delle strutture articolari
80.30,"Biopsia delle strutture articolari, sede non specificata"
80.31,Biopsia delle strutture articolari della spalla
80.32,Biopsia delle strutture articolari del gomito
80.33,Biopsia delle strutture articolari del polso
80.34,Biopsia delle strutture articolari della mano e delle dita della mano
80.35,Biopsia delle strutture articolari dell’anca
80.36,Biopsia delle strutture articolari del ginocchio
80.37,Biopsia delle strutture articolari della caviglia
80.38,Biopsia delle strutture articolari del piede e delle dita del piede
80.39,Biopsia di strutture articolari di altra sede specificata
80.4,"Incisione di capsula articolare, legamenti o cartilagine"
80.40,"Incisione di capsula articolare, legamenti o cartilagine in sede non specificata"
80.41,"Incisione di capsula articolare, legamenti o cartilagine della spalla"
80.42,"Incisione di capsula articolare, legamenti o cartilagine del gomito"
80.43,"Incisione di capsula articolare, legamenti o cartilagine del polso"
80.44,"Incisione di capsula articolare, legamenti o cartilagine della mano e delle dita della mano"
80.45,"Incisione di capsula articolare, legamenti o cartilagine dell’anca"
80.46,"Incisione di capsula articolare, legamenti o cartilagine del ginocchio"
80.47,"Incisione di capsula articolare, legamenti o cartilagine della caviglia"
80.48,"Incisione di capsula articolare, legamenti o cartilagine del piede e delle dita del piede"
80.49,"Incisione di capsula articolare, legamenti o cartilagine in altra sede specificata"
80.5,Asportazione o demolizione di disco intervertebrale
80.50,"Asportazione o demolizione di disco intervertebrale, non specificata"
80.51,Asportazione di disco intervertebrale
80.52,Chemionucleolisi intervertebrale
80.59,Altra distruzione di disco intervertebrale
80.6,Asportazione di cartilagine semilunare del ginocchio
80.7,Sinoviectomia
80.70,Sinoviectomia in sede non specificata
80.71,Sinoviectomia della spalla
80.72,Sinoviectomia del gomito
80.73,Sinoviectomia del polso
80.74,Sinoviectomia della mano e delle dita della mano
80.75,Sinoviectomia dell’anca
80.76,Sinoviectomia del ginocchio
80.77,Sinoviectomia della caviglia
80.78,Sinoviectomia del piede e delle dita del piede
80.79,Sinoviectomia in altra sede specificata
80.8,Altra asportazione o demolizione locale di lesione dell’articolazione
80.80,Altra asportazione o demolizione locale di lesione dell’articolazione in sede non specificata
80.81,Altra asportazione o demolizione locale di lesione dell’articolazione della spalla
80.82,Altra asportazione o demolizione locale di lesione dell’articolazione del gomito
80.83,Altra asportazione o demolizione locale di lesione dell’articolazione del polso
80.84,Altra asportazione o demolizione locale di lesione dell’articolazione della mano e delle dita della mano
80.85,Altra asportazione o demolizione locale di lesione dell’articolazione dell’anca
80.86,Altra asportazione o demolizione locale di lesione dell’articolazione del ginocchio
80.87,Altra asportazione o demolizione locale di lesione dell’articolazione della caviglia
80.88,Altra asportazione o demolizione locale di lesione dell’articolazione del piede e delle dita del piede
80.89,Altra asportazione o demolizione locale di lesione dell’articolazione di altra sede specificata
80.9,Altra asportazione dell’articolazione
80.90,Altra asportazione dell’articolazione in sede non specificata
80.91,Altra asportazione dell’articolazione della spalla
80.92,Altra asportazione dell’articolazione del gomito
80.93,Altra asportazione dell’articolazione del polso
80.94,Altra asportazione dell’articolazione della mano e delle dita della mano
80.95,Altra asportazione dell’articolazione dell’anca
80.96,Altra asportazione dell’articolazione del ginocchio
80.97,Altra asportazione dell’articolazione della caviglia
80.98,Altra asportazione dell’articolazione del piede e del le dita del piede
80.99,Altra asportazione dell’articolazione di altra sede specificata
81,Interventi di riparazione e plastica sulle strutture articolari
81.0,Artrodesi vertebrale
81.00,"Artrodesi vertebrale, SAI"
81.01,Artrodesi atlanto-epistrofea
81.02,"Altra artrodesi cervicale, con approccio anteriore"
81.03,"Altra artrodesi cervicale, con approccio posteriore"
81.04,"Artrodesi dorsale e dorsolombare, approccio anteriore"
81.05,"Artrodesi dorsale e dorsolombare, approccio posteriore"
81.06,"Artrodesi delle vertebre lombari e lombosacrali, approccio anteriore"
81.07,"Artrodesi lombare e lombosacrale, approccio ai processi laterali trasversi"
81.08,"Artrodesi lombare e lombosacrale, con approccio posteriore"
81.1,Artrodesi e artroeresi del piede e della caviglia
81.11,Fusione della caviglia
81.12,Artrodesi triplice
81.13,Fusione sottoastragalica
81.14,Fusione mediotarsica
81.15,Fusione tarsometatarsica
81.16,Fusione metatarsofalangea
81.17,Altra fusione del piede
81.18,Artroeresi dell’articolazione sottoastragalica
81.2,Artrodesi di altra articolazione
81.20,Artrodesi di articolazioni non specificate
81.21,Artrodesi dell’anca
81.22,Artrodesi del ginocchio
81.23,Artrodesi della spalla
81.24,Artrodesi del gomito
81.25,Fusione carporadiale
81.26,Fusione metacarpocarpale
81.27,Fusione metacarpofalangea
81.28,Fusione interfalangea
81.29,Artrodesi di altra articolazione specificata
81.3,Rifusione della colonna vertebrale
81.30,"Rifusione vertebrale, SAI"
81.31,Rifusione atlanto-epistrofea
81.32,"Altra rifusione cervicale, con approccio anteriore"
81.33,"Altra rifusione cervicale, con approccio posteriore"
81.34,"Rifusione dorsale e dorsolombare, approccio anteriore"
81.35,"Rifusione dorsale e dorsolombare, approccio posteriore"
81.36,"Rifusione delle vertebre lombari e lombosacrali, approccio anteriore"
81.37,"Rifusione lombare e lombosacrale, approccio ai processi laterali trasversi"
81.38,"Rifusione lombare e lombosacrale, con approccio posteriore"
81.39,"Rifusione della colonna, NIA"
81.4,Altra riparazione di articolazione delle estremità inferiori
81.40,"Riparazione dell’anca, non classificata altrove"
81.42,Riparazione del ginocchio five-in-one
81.43,Riparazione della triade del ginocchio
81.44,Stabilizzazione della rotula
81.45,Altra riparazione dei legamenti crociati
81.46,Altra riparazione dei legamenti collaterali
81.47,Altra riparazione del ginocchio
81.49,Altra riparazione della caviglia
81.5,Sostituzione di articolazione delle estremità inferiori
81.51,Sostituzione totale dell’anca
81.52,Sostituzione parziale dell’anca
81.53,Revisione di sostituzione dell’anca non altrimenti specificata
81.54,Sostituzione totale del ginocchio
81.55,"Revisione di sostituzione del ginocchio, non altrimenti specificata"
81.56,Sostituzione totale della tibiotarsica
81.57,Sostituzione dell’articolazione del piede e dell’alluce
81.59,"Revisione di sostituzione di articolazione delle estremità inferiori, non classificata altrove"
81.6,Altre procedure sulla colonna vertebrale
81.62,Fusione o rifusione di 2-3 vertebre
81.63,Fusione o rifusione di 4-8 vertebre
81.64,Fusione o rifusione di 9 o più vertebre
81.65,Vertebroplastica
81.66,Cifoplastica
81.7,"Artroplastica e riparazione della mano, delle dita e del polso"
81.71,Artroplastica della articolazione metacarpofalangea e interfalangea con impianto
81.72,Artroplastica della articolazione metacarpofalangea e interfalangea senza impianto
81.73,Sostituzione totale del polso
81.74,Artroplastica della articolazione carpocarpale o carpometacarpale con impianto
81.75,Artroplastica della articolazione carpocarpale o carpometacarpale senza impianto
81.79,"Altra riparazione della mano, delle dita e del polso"
81.8,Artroplastica e riparazione della spalla e del gomito
81.80,Sostituzione totale della spalla (con protesi sintetica)
81.81,Sostituzione parziale della spalla (con protesi sintetica)
81.82,Riparazione di lussazione ricorrente della spalla
81.83,Altra riparazione della spalla
81.84,Sostituzione totale del gomito
81.85,Altra riparazione del gomito
81.9,Altri interventi sulle strutture articolari
81.91,Artrocentesi
81.92,Iniezione di sostanze terapeutiche nell’articolazione o nel legamento
81.93,Sutura della capsula o dei legamenti dell’arto superiore
81.94,Sutura della capsula o del legamento della caviglia e del piede
81.95,Sutura della capsula o del legamento in altra parte dell’arto interiore
81.96,Altra riparazione articolare
81.97,Revisione di sostituzione di articolazione dell’arto superiore
81.98,Altre procedure diagnostiche sulle strutture articolari
81.99,Altri interventi sulle strutture articolari
82,"Interventi sui muscoli, sui tendini e sulle fasce della mano"
82.0,"Incisione di muscoli, tendini, fasce e borse della mano"
82.01,Esplorazione della fascia tendinea della mano
82.02,Miotomia della mano
82.03,Bursotomia della mano
82.04,Incisione e drenaggio dello spazio palmare o tenare
82.09,Altra incisione dei tessuti molli della mano
82.1,"Sezione di muscoli, tendini e fasce della mano"
82.11,Tenotomia della mano Sezione di tendine della mano
82.12,Fasciotomia della mano Sezione di fascia della mano
82.19,Altra sezione di tessuto molle della mano
82.2,"Asportazione di lesione di muscoli, tendini e fasce della mano"
82.21,Asportazione di lesione della fascia tendinea della mano
82.22,Asportazione di lesione dei muscoli della mano
82.29,Asportazione di altre lesioni dei tessuti molli della mano
82.3,Altra asportazione dei tessuti molli della mano
82.31,Borsectomia della mano
82.32,Asportazione dei tendini della mano per innesto
82.33,Altra tendinectomia della mano
82.34,Asportazione di muscolo o fasce della mano per innesto
82.35,Altra fascectomia della mano
82.36,Altra miectomia della mano
82.39,Altra asportazione dei tessuti molli della mano
82.4,"Sutura di muscoli, tendini e fasce della mano"
82.41,Sutura della fascia tendinea della mano
82.42,Sutura differita dei tendini flessori della mano
82.43,Sutura differita di altri tendini della mano
82.44,Altra sutura dei tendini flessori della mano
82.45,Altra sutura di altri tendini della mano
82.46,Sutura di muscoli o fasce della mano
82.5,Trapianto di muscoli e tendini della mano
82.51,Avanzamento di tendini della mano
82.52,Arretramento di tendini della mano
82.53,Reinserzione di tendini della mano
82.54,Reinserzione di muscoli della mano
82.55,Altra modificazione di lunghezza di tendini e muscoli della mano
82.56,Altro trasferimento o trapianto di tendini della mano
82.57,Altra trasposizione di tendini della mano
82.58,Altro trasferimento o trapianto di muscoli della mano
82.59,Altra trasposizione di muscoli della mano
82.6,Ricostruzione del pollice
82.61,Intervento di ricostruzione del pollice completo di nervi e vasi sanguigni
82.69,Altra ricostruzione del pollice
82.7,Intervento di plastica sulla mano con innesto o impianto
82.71,Ricostruzione di puleggia tendinea
82.72,Intervento di plastica sulla mano con innesto di muscolo o fascia muscolare
82.79,Intervento di plastica sulla mano con altro innesto o impianto
82.8,Altri interventi di plastica sulla mano
82.81,"Trasferimento di dita, ad eccezione del pollice"
82.82,Riparazione di difetti della mano
82.83,Riparazione di macrodattilia
82.84,Riparazione di dito a martello
82.85,Altra tenodesi della mano
82.86,Altra tenoplastica della mano
82.89,Altri interventi di plastica sulla mano
82.9,"Altri interventi su muscoli, tendini e fasce della mano"
82.91,Lisi di aderenze della mano
82.92,Aspirazione di borse della mano
82.93,Aspirazione di altri tessuti molli della mano
82.94,Iniezione di sostanze terapeutiche nelle borse della mano
82.95,Iniezione di sostanze terapeutiche nei tendini della mano
82.96,Altra iniezione di sostanze terapeutiche ad azione locale nei tessuti molli della mano
82.99,"Altri interventi su muscoli, tendini e fasce della mano"
83,"Interventi sui muscoli, sui tendini, sulle fasce o sulle borse, ad eccezione della mano"
83.0,"Incisione di muscoli, tendini, fasce e borse"
83.01,Esplorazione della fascia tendinea
83.02,Miotomia
83.03,Borsotomia
83.09,Altra incisione dei tessuti molli
83.1,"Sezione di muscoli, tendini e fasce"
83.11,Tenotomia dell’achilleo
83.12,Tenotomia dell’adduttore dell’anca
83.13,Altra tenotomia
83.14,Fasciotomia
83.19,Altra sezione dei tessuti molli
83.2,"Procedure diagnostiche su muscoli, tendini, fasce e borse, incluse quelle della mano"
83.21,Biopsia dei tessuti molli
83.29,"Altre procedure diagnostiche su muscoli, tendini, fasce e borse, incluse quelle della mano"
83.3,"Asportazione di lesione dei muscoli, tendini, fasce e borse"
83.31,Asportazione di lesione delle fasce tendinee
83.32,Asportazione di lesione dei muscoli
83.39,Asportazione di lesione di altri tessuti molli
83.4,"Altra asportazione di muscoli, tendini e fasce"
83.41,Asportazione di tendini per innesti
83.42,Altra tendinectomia
83.43,Asportazione di muscoli o fasce per innesto
83.44,Altra fascectomia
83.45,Altra miectomia
83.49,Altra asportazione di tessuti molli
83.5,Borsectomia
83.6,"Sutura di muscoli, tendini e fasce"
83.61,Sutura di guaina tendinea
83.62,Sutura differita di tendini
83.63,Riparazione della cuffia dei rotatori
83.64,Altra sutura di tendini
83.65,Altra sutura di muscoli o fasce
83.7,Ricostruzione di muscoli e tendini
83.71,Avanzamento di tendini
83.72,Arretramento di tendini
83.73,Reinserzione di tendini
83.74,Reinserzione di muscoli
83.75,Trasposizione o trapianto di tendini
83.76,Altra trasposizione di tendini
83.77,Trasposizione o trapianto di muscoli
83.79,Altra trasposizione di muscoli
83.8,"Altri interventi di plastica su muscoli, tendini e fasce"
83.81,Innesto tendineo
83.82,Innesto di muscoli o fasce
83.83,Ricostruzione di puleggia tendinea
83.84,"Correzione di piede torto, non classificato altrove"
83.85,Altri cambiamenti di lunghezza di muscoli e tendini
83.86,Plastica del quadricipite
83.87,Altri interventi di plastica sui muscoli
83.88,Altri interventi di plastica sui tendini
83.89,Altri interventi di plastica sulle fasce
83.9,"Altri interventi su muscoli, tendini, fasce e borse"
83.91,"Lisi di aderenze di muscoli, tendini, fasce e borse"
83.92,Inserzione o sostituzione di stimolatore dei muscoli scheletrici
83.93,Rimozione di stimolatore dei muscoli scheletrici
83.94,Aspirazione di borse
83.95,Aspirazione di altri tessuti molli
83.96,Iniezione di sostanze terapeutiche all’interno delle borse
83.97,Iniezione di sostanze terapeutiche all’interno dei tendini
83.98,Iniezione di sostanze terapeutiche ad azione locale all’interno di altri tessuti molli
83.99,"Altri interventi su muscoli, tendini, fasce e borse"
84,Altri interventi sull’apparato muscoloscheletrico
84.0,Amputazione dell’arto superiore
84.00,"Amputazione dell’arto superiore, SAI"
84.01,Amputazione e disarticolazione di dita della mano
84.02,Amputazione e disarticolazione del pollice
84.03,Amputazione a livello della mano
84.04,Disarticolazione del polso
84.05,Amputazione a livello dell’avambraccio
84.06,Disarticolazione del gomito
84.07,Amputazione a livello dell’omero
84.08,Disarticolazione della spalla
84.09,Amputazione interscapolotoracica
84.1,Amputazione dell’arto inferiore
84.10,"Amputazione dell’arto inferiore, SAI"
84.11,Amputazione di dita del piede
84.12,Amputazione a livello del piede
84.13,Disarticolazione della caviglia
84.14,Amputazione della caviglia a livello dei malleoli della tibia e fibula
84.15,Altra amputazione al di sotto del ginocchio
84.16,Disarticolazione del ginocchio
84.17,Amputazione al di sopra del ginocchio
84.18,Disarticolazione dell’anca
84.19,Amputazione addomino-pelvica
84.2,Reimpianto di arti staccati
84.21,Reimpianto del pollice della mano
84.22,Reimpianto di dita della mano
84.23,"Reimpianto di avambraccio, polso o mano"
84.24,Reimpianto dell’arto superiore
84.25,Reimpianto di dito del piede
84.26,Reimpianto del piede
84.27,Reimpianto della gamba o della caviglia
84.28,Reimpianto della coscia
84.29,Altro reimpianto
84.3,Revisione del moncone di amputazione
84.4,Impianto o adattamento di protesi di arto
84.40,Impianto o adattamento di protesi di arto SAI
84.41,Adattamento di protesi di arto superiore e spalla
84.42,Adattamento di protesi dell’avambraccio e della mano
84.43,"Adattamento di protesi del braccio, SAI"
84.44,Impianto di protesi del braccio
84.45,Adattamento di protesi al di sopra del ginocchio
84.46,Adattamento di protesi al di sotto del ginocchio
84.47,"Adattamento di protesi della gamba, SAI"
84.48,Impianto di protesi della gamba
84.5,Impianto di altri dispositivi o materiali muscoloscheletrici
84.51,Inserzione di dispositivo di fusione tra i corpi vertebrali
84.52,"Inserzione di proteine dell’osso morfogenetiche ricombinanti rhBMP con spugna collagena, corallo, ceramica e altri carriers"
84.53,Impianto di dispositivo interno di allungamento dell’arto con distrazione cinetica
84.54,Impianto di altro dispositivo interno di allungamento dell’arto
84.55,Inserzione di sostanza riempitiva dell’osso
84.56,Inserzione spaziatore di cemento
84.57,Rimozione spaziatore di cemento
84.58,Impianto di dispositivo di decompressione del processo interspinoso
84.59,Inserzione di altri dispositivi spinali
84.6,Sostituzione di disco vertebrale
84.60,"Inserzione di protesi del disco vertebrale, non altrimenti specificata"
84.61,"Inserzione di protesi parziale del disco vertebrale, cervicale"
84.62,"Inserzione di protesi totale del disco vertebrale, cervicale"
84.63,"Inserzione di protesi del disco vertebrale, toracico"
84.64,"Inserzione di protesi parziale del disco vertebrale, lombosacrale"
84.65,"Inserzione di protesi totale del disco vertebrale, lombosacrale"
84.66,"Revisione o sostituzione di protesi artificiale di disco vertebrale, cervicale"
84.67,"Revisione o sostituzione di protesi artificiale del disco vertebrale, toracico"
84.68,"Revisione o sostituzione di protesi artificiale del disco vertebrale, lombosacrale"
84.69,Revisione o sostituzione di protesi artificiale del disco vertebrale SAI
84.7,Codici aggiuntivi per fissatori esterni
84.71,"Applicazione di fissatore esterno, sistema monoplanare"
84.72,"Applicazione di fissatore esterno, sistema ad anello"
84.73,Applicazione di fissatore esterno ibrido
84.9,Altri interventi sull’apparato muscoloscheletrico
84.91,"Amputazione, SAI"
84.92,Separazione di gemelli siamesi uguali
84.93,Separazione di gemelli siamesi diseguali
84.99,Altri interventi sull’apparato muscoloscheletrico
85.0,Mastotomia
85.1,Procedure diagnostiche sulla mammella
85.11,Biopsia [percutanea] [agobiopsia] della mammella
85.12,Biopsia a cielo aperto della mammella
85.19,Altre procedure diagnostiche sulla mammella
85.2,Asportazione o demolizione di tessuto della mammella
85.20,"Asportazione o demolizione di tessuto della mammella, SAI"
85.21,Asportazione locale di lesione della mammella
85.22,Quadrantectomia della mammella
85.23,Mastectomia subtotale
85.24,Asportazione di tessuto ectopico della mammella
85.25,Asportazione del capezzolo
85.3,Mammoplastica riduttiva e mammectomia sottocutanea
85.31,Mammoplastica riduttiva monolaterale
85.32,Mammoplastica riduttiva bilaterale
85.33,Mammectomia sottocutanea monolaterale con contemporaneo impianto di protesi
85.34,Altra mammectomia sottocutanea monolaterale
85.35,Mammectomia sottocutanea bilaterale con contemporaneo impianto di protesi
85.36,Altra mammectomia sottocutanea bilaterale
85.4,Mastectomia
85.41,Mastectomia semplice monolaterale
85.42,Mastectomia semplice bilaterale
85.43,Mastectomia semplice allargata monolaterale
85.44,Mastectomia semplice allargata bilaterale
85.45,Mastectomia radicale monolaterale
85.46,Mastectomia radicale bilaterale
85.47,Mastectomia radicale monolaterale allargata
85.48,Mastectomia radicale bilaterale allargata
85.5,Mammoplastica di ingrandimento
85.50,"Mammoplastica di ingrandimento, SAI"
85.51,Iniezione mammoplastica di ingrandimento monolaterale
85.52,Iniezione mammoplastica di ingrandimento bilaterale
85.53,Impianto di protesi monolaterale
85.54,Impianto di protesi bilaterale
85.6,Mastopessi
85.7,Ricostruzione totale della mammella
85.8,Altri interventi di riparazione e plastica sulla mammella
85.81,Sutura di lacerazione della mammella
85.82,Innesto a spessore parziale nella mammella
85.83,Innesto a tutto spessore nella mammella
85.84,Innesto peduncolato nella mammella (Innesto di lembo cutaneo per trasposizione nella mammella)
85.85,Ricostruzione con lembo muscolare o muscolocutaneo della mammella
85.86,Trasposizione del capezzolo
85.87,Altra riparazione o ricostruzione del capezzolo
85.89,Altra mammoplastica
85.9,Altri interventi sulla mammella
85.91,Aspirazione della mammella
85.92,Iniezione di sostanze terapeutiche nella mammella
85.93,Revisione di protesi della mammella
85.94,Rimozione di protesi della mammella
85.95,Inserzione di espansore tessutale nella mammella
85.96,Rimozione di espansore tessutale dalla mammella
85.99,Altri interventi sulla mammella
86,Interventi sulla cute e sul tessuto sottocutaneo
86.0,Incisione della cute e del tessuto sottocutaneo
86.01,Aspirazione della cute e del tessuto sottocutaneo
86.02,Iniezione o tatuaggio di lesioni o difetti della cute
86.03,Incisione di cisti o seno pilonidale
86.04,Altra incisione con drenaggio della cute e del tessuto sottocutaneo
86.05,Incisione con rimozione di corpo estraneo o dispositivo da cute e tessuto sottocutaneo
86.06,Inserzione di pompa di infusione totalmente impiantabile
86.07,Inserzione di dispositivo di accesso vascolare totalmente impiantabile
86.09,Altra incisione della cute e del tessuto sottocutaneo
86.1,Procedure diagnostiche sulla cute e sul tessuto sottocutaneo
86.11,Biopsia della cute e del tessuto sottocutaneo
86.19,Altre procedure diagnostiche su cute e tessuto sottocutaneo
86.2,Asportazione o demolizione di lesione o tessuto cutaneo e sottocutaneo
86.21,Asportazione di cisti o seno pilonidale
86.22,"Rimozione asportativa di ferita, infezione o ustione"
86.23,"Rimozione di unghia, matrice ungueale o plica ungueale"
86.24,Chirurgia controllata microscopicamente secondo Mohs
86.25,Dermoabrasione
86.26,Legatura di appendice dermica
86.27,"Currettage di unghia, matrice ungueale o plica ungueale Rimozione di: necrosi massa di tessuto necrotico"
86.28,"Rimozione non asportativa di ferita, infezione o ustione"
86.3,Altra asportazione o demolizione locale di lesione o tessuto cutaneo e sottocutaneo
86.4,Asportazione radicale di lesione della cute
86.5,Sutura o altra chiusura della cute e del tessuto sottocutaneo
86.51,Reimpianto del cuoio capelluto
86.59,Chiusura di cute e tessuto sottocutaneo di altre sedi
86.6,Innesto cutaneo libero
86.60,"Innesto cutaneo libero, SAI"
86.61,Innesto di cute a tutto spessore sulla mano
86.62,Altro innesto di cute sulla mano
86.63,Innesto di cute a tutto spessore in altra sede
86.64,Trapianto di capelli
86.65,Eteroinnesto sulla cute
86.66,Omoinnesto sulla cute
86.67,Innesto di derma rigenerativo
86.69,"Altro innesto di cute su altre sedi (Innesto: di derma, adiposo, dermo-adiposo, di cartilagine SAI)"
86.7,Impianto di lembi peduncolati
86.70,"Innesti peduncolati o a lembo, SAI (lembo fasciocutaneo) (lembo muscolocutaneo) (lembo trasferito con anastomosi microchirurgiche) (lembo libero)"
86.71,Allestimento e preparazione di innesti peduncolati o a lembo
86.72,Avanzamento di lembo peduncolato
86.73,Trasferimento di innesto peduncolato o a lembo sulla mano
86.74,Trasferimento di innesto peduncolato a lembo in altre sedi
86.75,Revisione di innesto peduncolato o a lembo
86.8,Altra riparazione e ricostruzione di cute e tessuto sottocutaneo
86.81,Riparazione di difetti del viso
86.82,Ritidectomia facciale
86.83,Intervento di plastica per la riduzione di ampiezza
86.84,Correzione di cicatrice o briglia retrattile della cute
86.85,Correzione di sindattilia
86.86,Onicoplastica
86.89,Altra riparazione o ricostruzione di cute e tessuto sottocutaneo
86.9,Altri interventi sulla cute e sul tessuto sottocutaneo
86.91,Asportazione di cute per innesto
86.92,Elettrolisi e altra depilazione cutanea
86.93,Inserzione di espansore tessutale
86.94,"Inserzione o riposizionamento di generatore di impulsi di neurostimolatore a canale singolo, non specificato se ricaricabile"
86.95,"Inserzione o riposizionamento di generatore di impulsi di neurostimolatore a canale doppio, non specificato se ricaricabile"
86.96,Inserzione o sostituzione di altro generatore di impulsi di neurostimolatore
86.97,Inserzione o sostituzione di generatore di impulsi di neurostimolatore a canale singolo ricaricabile
86.98,Inserzione o sostituzione di generatore di impulsi di neurostimolatore a canale doppio ricaricabile
86.99,Altri interventi sulla cute e sul tessuto sottocutaneo
87,Radiologia diagnostica
87.0,"Radiologia dei tessuti molli della faccia, del capo e del collo"
87.01,Pneumoencefalografia
87.02,Altra radiografia con contrasto del cervello e del cranio Pneumocisternografia
87.03,Tomografia assiale computerizzata (TAC) del capo
87.04,Altra tomografia del capo
87.05,Dacriocistografia con contrasto
87.06,Radiografia con contrasto del nasofaringe
87.07,Laringografia con contrasto
87.08,Linfografia cervicale
87.09,"Altra radiografia dei tessuti molli della faccia, del capo e del collo"
87.1,"Altra radiografia della faccia, del capo e del collo"
87.11,Radiografia completa delle arcate dentarie
87.12,Altra radiografia dentaria
87.13,Artrografia temporomandibolare con contrasto
87.14,Radiografia orbitale con contrasto
87.15,Radiografia sinusale con contrasto
87.16,Altra radiografia di ossa della faccia
87.17,Altra radiografia del cranio
87.2,Radiografia della colonna
87.21,Mielografia con contrasto
87.22,Altra radiografia della colonna cervicale
87.23,Altra radiografia della colonna toracica
87.24,Altra radiografia della colonna lombosacrale
87.29,Altra radiografia della colonna
87.3,Radiografia dei tessuti molli del torace
87.31,Broncografia endotracheale
87.32,Altra broncografia con contrasto
87.33,Pneumomediastino
87.34,Linfangiografia intratoracica
87.35,Radiografia con contrasto dei dotti mammari
87.36,Xerografia della mammella
87.37,Altra mammografia
87.38,Sinografia della parete toracica
87.39,Altra radiografia dei tessuti molli della parete toracica
87.4,Altra radiografia del torace
87.41,Tomografia assiale computerizzata (TAC) del torace
87.42,Altra tomografia toracica
87.43,"Radiografia di coste, sterno e clavicola"
87.44,"Radiografia del torace di routine, SAI"
87.49,Altra radiografia del torace
87.5,Radiografia delle vie biliari
87.51,Colangiografia epatica percutanea
87.52,Colangiografia intravenosa
87.53,Colangiografia intraoperatoria
87.54,Altra colangiografia
87.59,Altra radiografia delle vie biliari
87.6,Altra radiografia dell’apparato digerente
87.61,Pasto baritato
87.62,Serigrafia del tratto gastrointestinale superiore
87.63,Serigrafia dell’intestino tenue
87.64,Serigrafia del tratto gastrointestinale inferiore
87.65,Altra radiografia dell’intestino
87.66,Radiografia del pancreas con contrasto
87.69,Altra radiografia dell’apparato digerente
87.7,Radiografia diretta dell’apparato urinario
87.71,Tomografia assiale computerizzata (TAC) del rene
87.72,Altra tomografia renale
87.73,Urografia endovenosa
87.74,Pielografia retrograda
87.75,Pielografia percutanea
87.76,Cistouretrografia retrograda
87.77,Altra cistografia
87.78,Radiografia di vescica ileale
87.79,Altra radiografia dell’apparato urinario
87.8,Radiografia degli organi genitali femminili
87.81,Radiografia dell’utero gravido
87.82,Isterosalpingografia con contrasto gassoso
87.83,Isterosalpingografia con contrasto opaco
87.84,Isterografia percutanea
87.85,Altra radiografia delle tube di Falloppio e dell’utero
87.89,Altra radiografia degli organi genitali femminili
87.9,Radiografia degli organi genitali maschili
87.91,Vesciculografia seminale con contrasto
87.92,Altra radiografia della prostata e delle vescicole seminali
87.93,Epididimografia con contrasto
87.94,Deferentografia con contrasto
87.95,Altra radiografia dell’epididimo e dotti deferenti
87.99,Altra radiografia degli organi genitali maschili
88,Altre procedure diagnostiche radiologiche e relative tecniche
88.0,Radiografia dei tessuti molli dell’addome
88.01,Tomografia assiale computerizzata (TAC) dell’addome
88.02,Altra tomografia addominale
88.03,Sinogramma della parete addominale
88.04,Linfografia addominale
88.09,Altra radiografia dei tessuti molli dell’addome
88.1,Altra radiografia dell’addome
88.11,Radiografia della pelvi con contrasto opaco
88.12,Radiografia della pelvi con contrasto gassoso
88.13,Altra pneumografia peritoneale
88.14,Fistulografia retroperitoneale
88.15,Pneumografia retroperitoneale
88.16,Altra radiografia retroperitoneale
88.19,Altra radiografia dell’addome
88.2,Radiografia degli arti e della pelvi
88.21,Radiografia della spalla e degli arti superiori
88.22,Radiografia del gomito e dell’avambraccio
88.23,Radiografia del polso e della mano
88.24,Radiografia dell’arto superiore SAI
88.25,Pelvimetria
88.26,Altra radiografia di pelvi e anca
88.27,"Radiografia del femore, ginocchio e gamba"
88.28,Radiografia del piede e caviglia
88.29,Altre radiografie dell’arto inferiore
88.3,Altre radiografie
88.31,Segmenti scheletrici
88.32,Artrografia con contrasto
88.33,Altre radiografie dello scheletro
88.34,Linfografia arto superiore
88.35,Altra radiografia del tessuti molli dell’arto superiore
88.36,Linfografia arto inferiore
88.37,Altra radiografia dei tessuti molli dell’arto inferiore
88.38,Altra tomografia assiale computerizzata
88.39,Altra radiografia non specificata
88.4,Arteriografia con mezzo di contrasto
88.40,"Arteriografia con mezzo di contrasto, sede non specificata"
88.41,Arteriografia di arterie cerebrali
88.42,Aortografia
88.43,Arteriografia delle arterie polmonari
88.44,Arteriografia di altri vasi intratoracici
88.45,Arteriografia delle arterie renali
88.46,Arteriografia della placenta (Placentografia con mezzo di contrasto)
88.47,Arteriografia di altre arterie intraaddominali (angiografia del tripode)
88.48,Arteriografia delle femorali e di altre arterie dell’arto inferiore
88.49,Arteriografia di altre sedi specificate
88.5,Angiocardiografia con mezzo di contrasto
88.50,"Angiocardiografia, SAI"
88.51,Angiocardiografia della vena cava
88.52,Angiocardiografia del cuore destro
88.53,Angiocardiografia del cuore sinistro
88.54,Angiocardiografia combinata del cuore destro e sinistro
88.55,Arteriografia coronarica con catetere singolo
88.56,Arteriografia coronarica con catetere doppio
88.57,Altra e non specificata arteriografia coronarica
88.58,Roentgengrafia cardiaca con contrasto negativo
88.6,Flebografia
88.60,"Flebografia con mezzo di contrasto, sede non specificata"
88.61,Flebografia con mezzo di contrasto delle vene del capo e del collo
88.62,Flebografia con mezzo di contrasto delle vene polmonari
88.63,Flebografia con mezzo di contrasto di altre vene intratoraciche
88.64,Flebografia con mezzo di contrasto del sistema portale
88.65,Flebografia con mezzo di contrasto di altre vene intraaddominali
88.66,Flebografia con mezzo di contrasto della femorale e di altre vene degli arti inferiori
88.67,Flebografia con mezzo di contrasto di altre sedi specificate
88.68,Flebografia ad impedenza
88.7,Diagnostica a ultrasuoni
88.71,Diagnostica ecografica del capo e del collo
88.72,Diagnostica ecografica del cuore
88.73,Diagnostica ecografica di altre sedi del torace
88.74,Diagnostica ecografica dell’apparato digerente
88.75,Diagnostica ecografica dell’apparato urinario
88.76,Diagnostica ecografica addominale e retroperitoneale (compreso eco addome superiore ed eco addome inferiore)
88.77,Diagnostica ecografica dell’apparato vascolare periferico
88.78,Diagnostica ecografica dell’utero gravido
88.79,Altra diagnostica a ultrasuoni
88.8,Termografia
88.81,Termografia cerebrale
88.82,Termografia oculare
88.83,Termografia dell’osso
88.84,Termografia muscolare
88.85,Termografia della mammella
88.86,Termografia dei vasi sanguigni
88.89,Termografia di altre sedi
88.9,Altre tecniche di produzione di immagini diagnostiche
88.90,"Tecniche di produzione di immagini diagnostiche, non classificate altrove"
88.91,Risonanza magnetica nucleare (RMN) del cervello e del tronco encefalico
88.92,Risonanza magnetica nucleare (RMN) del torace e miocardio
88.93,Risonanza magnetica nucleare (RMN) del canale vertebrale
88.94,Risonanza magnetica nucleare (RMN) muscoloscheletrica
88.95,"Risonanza magnetica nucleare (RMN) di pelvi, prostata e vescica"
88.96,Altre immagini intraoperatorie ottenute con risonanza magnetica iMRI
88.97,Risonanza magnetica nucleare (RMN) di altre sedi non specificate
88.98,Densitometria ossea
89,"Anamnesi, valutazione, consulto e visita"
89.0,"Anamnesi, valutazione, consulto e valutazione diagnostica"
89.01,"Anamnesi e valutazione, definite brevi"
89.02,"Anamnesi e valutazione, definite limitate"
89.03,Anamnesi e valutazione definite complessive
89.04,Altra anamnesi e valutazione
89.05,Anamnesi e valutazione diagnostica
89.06,"Consulto, definito limitato"
89.07,Consulto definito complessivo
89.08,Altro consulto
89.09,Consulto SAI
89.1,Misure anatomiche e fisiologiche ed esami manuali - sistema nervoso e organi di senso
89.10,Test intracarotideo con amobarbitale
89.11,Tonometria
89.12,Studio della funzione nasale
89.13,Visita neurologica
89.14,Elettroencefalogramma
89.15,Altri test funzionali neurologici non invasivi
89.16,Transilluminazione di cranio di neonato
89.17,Polisonnogramma
89.18,Altri test funzionali di disordini del sonno
89.19,Monitoraggio elettroencefalografico video e radio telemetrico
89.2,Misure anatomiche e fisiologiche ed esami manuali - Sistema genitourinario
89.21,Manometria urinaria
89.22,Cistometrografia
89.23,Elettromiografia dello sfintere uretrale
89.24,Uroflussometria
89.25,Profilo pressorio uretrale
89.26,Visita ginecologica
89.29,Altri esami non invasivi sul sistema genitourinario
89.3,Altre misure anatomiche e fisiologiche ed esami manuali
89.31,Esame dei denti
89.32,Manometria esofagea
89.33,Esplorazione digitale di stoma di enterostomia
89.34,Esplorazione rettale digitale
89.35,Transilluminazione dei seni nasali
89.36,Palpazione del seno
89.37,Determinazione della capacità vitale
89.38,Altre misure respiratorie non invasive
89.39,Altre misure ed esami non invasivi
89.4,Test cardiologici da sforzo e controllo di pace-maker e di defibrillatore
89.41,Test cardiovascolare da sforzo con pedana mobile
89.42,Test da sforzo dei due gradini di Masters
89.43,Test cardiovascolare da sforzo con cicloergometro
89.44,Altri test cardiovascolari da sforzo
89.45,Controllo di frequenza del pacemaker
89.46,Controllo della forma dell’onda del pace-maker
89.47,Controllo della impedenza dell’elettrodo del pace-maker
89.48,Controllo della soglia di voltaggio o amperaggio del pace-maker
89.49,Controllo di cardiovertore/defibrillatore impiantabile automatico (AICD)
89.5,Altri test funzionali diagnostici non invasivi cardiologici e vascolari
89.50,Elettrocardiogramma dinamico ambulatoriale
89.51,Elettrocardiogramma per lo studio del ritmo
89.52,Elettrocardiogramma
89.53,Vettocardiografia
89.54,Monitoraggio elettrocardiografico
89.55,Fonocardiogramma con elettrodo
89.56,Tracciato dell’impulso carotideo con elettrodo ECG
89.57,Apicocardiogramma (con elettrodo
89.58,Pletismogramma
89.59,Altre misure cardiovascolari non invasive
89.6,Monitoraggio circolatorio
89.60,Emogasanalisi continua intra-arteriosa
89.61,Monitoraggio della pressione arteriosa sistemica
89.62,Monitoraggio della pressione venosa centrale
89.63,Monitoraggio della pressione dell’arteria polmonare
89.64,Monitoraggio della pressione in arteria polmonare
89.65,Emogasanalisi arteriosa sistemica
89.66,Emogasanalisi di sangue misto venoso
89.67,Monitoraggio della gettata cardiaca mediante la tecnica del consumo di ossigeno (metodo di Fick)
89.68,Monitoraggio della gettata cardiaca mediante altre tecniche
89.69,Monitoraggio del flusso ematico coronarico
89.7,Visita generale
89.8,Autopsia
90,Esame microscopico - I
90.01,Esame microscopico di campione del sistema nervoso centrale e liquido spinale - striscio batterico
90.02,Esame microscopico di campione del sistema nervoso centrale e liquido spinale - coltura
90.03,Esame microscopico di campione del sistema nervoso centrale e liquido spinale - coltura e sensibilità
90.04,Esame microscopico di campione del sistema nervoso centrale e liquido spinale - parassitologia
90.05,Esame microscopico di campione del sistema nervoso centrale e liquido spinale - tossicologia
90.06,Esame microscopico di campione del sistema nervoso centrale e liquido spinale - gruppo di cellule e striscio di Papanicolaou
90.09,Esame microscopico di campione del sistema nervoso centrale e liquido spinale - altri esami microscopici
90.11,"Esame microscopico di campione delle ghiandole endocrine, non citate altrove - striscio batterico"
90.12,"Esame microscopico di campione delle ghiandole endocrine, non citate altrove - coltura"
90.13,"Esame microscopico di campione delle ghiandole endocrine, non citate altrove - coltura e sensibilità"
90.14,"Esame microscopico di campione delle ghiandole endocrine, non citate altrove - parassitologia"
90.15,"Esame microscopico di campione delle ghiandole endocrine, non citate altrove - tossicologia"
90.16,"Esame microscopico di campione delle ghiandole endocrine, non citate altrove - gruppo di cellule e striscio di Papanicolaou"
90.19,"Esame microscopico di campione delle ghiandole endocrine, non citate altrove - altri esami microscopici"
90.21,Esame microscopico di campione dell’occhio - striscio batterico
90.22,Esame microscopico di campione dell’occhio - coltura
90.23,Esame microscopico di campione dell’occhio - coltura e sensibilità
90.24,Esame microscopico di campione dell’occhio - parassitologia
90.25,Esame microscopico di campione dell’occhio - tossicologia
90.26,Esame microscopico di campione dell’occhio - gruppo di cellule e striscio di Papanicolaou
90.29,Esame microscopico di campione dell’occhio - altri esami microscopici
90.31,"Esame microscopico di campione di orecchio, naso, gola e laringe - striscio batterico"
90.32,"Esame microscopico di campione di orecchio, naso, gola e laringe - coltura"
90.33,"Esame microscopico di campione di orecchio, naso, gola e laringe - coltura e sensibilità"
90.34,"Esame microscopico di campione di orecchio, naso, gola e laringe - parassitologia"
90.35,"Esame microscopico di campione di orecchio, naso, gola e laringe - tossicologia"
90.36,"Esame microscopico di campione di orecchio, naso, gola e laringe - gruppo di cellule e striscio di Papanicolaou"
90.39,"Esame microscopico di campione di orecchio, naso, gola e laringe - altri esami microscopici"
90.41,"Esame microscopico di campione di trachea, bronchi, pleura, polmone e altri campioni toracici e dell’espettorato - striscio batterico"
90.42,"Esame microscopico di campione di trachea, bronchi, pleura, polmone e altri campioni toracici e dell’espettorato - coltura"
90.43,"Esame microscopico di campione di trachea, bronchi, pleura, polmone e altri campioni toracici e dell’espettorato - coltura e sensibilità"
90.44,"Esame microscopico di campione di trachea, bronchi, pleura, polmone e altri campioni toracici e dell’espettorato - parassitologia"
90.45,"Esame microscopico di campione di trachea, bronchi, pleura, polmone e altri campioni toracici e dell’espettorato - tossicologia"
90.46,"Esame microscopico di campione di trachea, bronchi, pleura, polmone e altri campioni toracici e dell’espettorato - gruppo di cellule e striscio di Papanicolaou"
90.49,"Esame microscopico di campione di trachea, bronchi, pleura, polmone e altri campioni toracici e dell’espettorato - altri esami microscopici"
90.51,Esame microscopico di campione di sangue - striscio batterico
90.52,Esame microscopico di campione di sangue - coltura
90.53,Esame microscopico di campione di sangue - coltura e sensibilità
90.54,Esame microscopico di campione di sangue - parassitologia
90.55,Esame microscopico di campione di sangue - tossicologia
90.56,Esame microscopico di campione di sangue - gruppo di cellule e striscio di Papanicolaou
90.59,Esame microscopico di campione di sangue - altri esami microscopici
90.61,Esame microscopico di campione di milza e midollo osseo - striscio batterico
90.62,Esame microscopico di campione di milza e midollo osseo - coltura
90.63,Esame microscopico di campione di milza e midollo osseo - coltura e sensibilità
90.64,Esame microscopico di campione di milza e midollo osseo - parassitologia
90.65,Esame microscopico di campione di milza e midollo osseo - tossicologia
90.66,Esame microscopico di campione di milza e midollo osseo - gruppo di cellule e striscio di Papanicolaou
90.69,Esame microscopico di campione di milza e midollo osseo - altri esami microscopici
90.71,Esame microscopico di campione di linfonodi e linfa - striscio batterico
90.72,Esame microscopico di campione di linfonodi e linfa - coltura
90.73,Esame microscopico di campione di linfonodi e linfa - coltura e sensibilità
90.74,Esame microscopico di campione di linfonodi e linfa - parassitologia
90.75,Esame microscopico di campione di linfonodi e linfa - tossicologia
90.76,Esame microscopico di campione di linfonodi e linfa - gruppo di cellule e striscio di Papanicolaou
90.79,Esame microscopico di campione di linfonodi e linfa - altri esami microscopici
90.81,Esame microscopico di campione di tubo gastroenterico superiore e del vomito - striscio batterico
90.82,Esame microscopico di campione di tubo gastroenterico superiore e del vomito - coltura
90.83,Esame microscopico di campione di tubo gastroenterico superiore e del vomito - coltura e sensibilità
90.84,Esame microscopico di campione di tubo gastroenterico superiore e del vomito - parassitologia
90.85,Esame microscopico di campione di tubo gastroenterico superiore e del vomito - tossicologia
90.86,Esame microscopico di campione di tubo gastroenterico superiore e del vomito - gruppo di cellule e striscio di Papanicolaou
90.89,Esame microscopico di campione di tubo gastroenterico superiore e del vomito - altri esami microscopici
90.91,Esame microscopico di campione di tubo gastroenterico inferiore e feci - striscio batterico
90.92,Esame microscopico di campione di tubo gastroenterico inferiore e feci - coltura
90.93,Esame microscopico di campione di tubo gastroenterico inferiore e feci - coltura e sensibilità
90.94,Esame microscopico di campione di tubo gastroenterico inferiore e feci - parassitologia
90.95,Esame microscopico di campione di tubo gastroenterico inferiore e feci - tossicologia
90.96,Esame microscopico di campione di tubo gastroenterico inferiore e feci - gruppo di cellule e striscio di Papanicolaou
90.99,Esame microscopico di campione di tubo gastroenterico inferiore e feci - altri esami microscopici
91,Esame microscopico - II
91.01,"Esame microscopico di campione di fegato, vie biliari e pancreas - striscio batterico"
91.02,"Esame microscopico di campione di fegato, vie biliari e pancreas - coltura"
91.03,"Esame microscopico di campione di fegato, vie biliari e pancreas - coltura e sensibilità"
91.04,"Esame microscopico di campione di fegato, vie biliari e pancreas - parassitologia"
91.05,"Esame microscopico di campione di fegato, vie biliari e pancreas - tossicologia"
91.06,"Esame microscopico di campione di fegato, vie biliari e pancreas - gruppo di cellule e striscio di Papanicolaou"
91.09,"Esame microscopico di campione di fegato, vie biliari e pancreas - altri esami microscopici"
91.11,Esame microscopico di campione di peritoneo e retroperitoneo - striscio batterico
91.12,Esame microscopico di campione di peritoneo e retroperitoneo - coltura
91.13,Esame microscopico di campione di peritoneo e retroperitoneo - coltura e sensibilità
91.14,Esame microscopico di campione di peritoneo e retroperitoneo - parassitologia
91.15,Esame microscopico di campione di peritoneo e retroperitoneo - tossicologia
91.16,Esame microscopico di campione di peritoneo e retroperitoneo - gruppo di cellule e striscio di Papanicolaou
91.19,Esame microscopico di campione di peritoneo e retroperitoneo - altri esami microscopici
91.21,"Esame microscopico di campione di rene, uretere, tessuto perirenale e periureterale - striscio batterico"
91.22,"Esame microscopico di campione di rene, uretere, tessuto perirenale e periureterale - coltura"
91.23,"Esame microscopico di campione di rene, uretere, tessuto perirenale e periureterale - coltura e sensibilità"
91.24,"Esame microscopico di campione di rene, uretere, tessuto perirenale e periureterale - parassitologia"
91.25,"Esame microscopico di campione di rene, uretere, tessuto perirenale e periureterale - tossicologia"
91.26,"Esame microscopico di campione di rene, uretere, tessuto perirenale e periureterale - gruppo di cellule e striscio di Papanicolaou"
91.29,"Esame microscopico di campione di rene, uretere, tessuto perirenale e periureterale - altri esami microscopici"
91.31,"Esame microscopico di campione di vescica, uretra, prostata, vescicole seminali, tessuto perivescicale, e dell’urina e del seme - striscio batterico"
91.32,"Esame microscopico di campione di vescica, uretra, prostata, vescicole seminali, tessuto perivescicale, e dell’urina e del seme - coltura"
91.33,"Esame microscopico di campione di vescica, uretra, prostata, vescicole seminali, tessuto perivescicale, e dell’urina e del seme - coltura e sensibilità"
91.34,"Esame microscopico di campione di vescica, uretra, prostata, vescicole seminali, tessuto perivescicale, e dell’urina e del seme - parassitologia"
91.35,"Esame microscopico di campione di vescica, uretra, prostata, vescicole seminali, tessuto perivescicale, e dell’urina e del seme - tossicologia"
91.36,"Esame microscopico di campione di vescica, uretra, prostata, vescicole seminali, tessuto perivescicale, e dell’urina e del seme - gruppo di cellule e striscio di Papanicolaou"
91.39,"Esame microscopico di campione di vescica, uretra, prostata, vescicole seminali, tessuto perivescicale, e dell’urina e del seme - altri esami microscopici"
91.41,"Esame microscopico di campione di vie genitali femminili, feto, sacco amniotico - striscio batterico"
91.42,"Esame microscopico di campione di vie genitali femminili, feto, sacco amniotico - coltura"
91.43,"Esame microscopico di campione di vie genitali femminili, feto, sacco amniotico - coltura e sensibilità"
91.44,"Esame microscopico di campione di vie genitali femminili, feto, sacco amniotico - parassitologia"
91.45,"Esame microscopico di campione di vie genitali femminili, feto, sacco amniotico - tossicologia"
91.46,"Esame microscopico di campione di vie genitali femminili, feto, sacco amniotico - gruppo di cellule e striscio di Papanicolaou"
91.49,"Esame microscopico di campione di vie genitali femminili, feto, sacco amniotico - altri esami microscopici"
91.51,Esame microscopico di campione di sistema muscoloscheletrico e liquido articolare - striscio batterico
91.52,Esame microscopico di campione di sistema muscoloscheletrico e liquido articolare - coltura
91.53,Esame microscopico di campione di sistema muscoloscheletrico e liquido articolare - coltura e sensibilità
91.54,Esame microscopico di campione di sistema muscoloscheletrico e liquido articolare - parassitologia
91.55,Esame microscopico di campione di sistema muscoloscheletrico e liquido articolare - tossicologia
91.56,Esame microscopico di campione di sistema muscoloscheletrico e liquido articolare - gruppo di cellule e striscio di Papanicolaou
91.59,Esame microscopico di campione di sistema muscoloscheletrico e liquido articolare - altri esami microscopici
91.61,Esame microscopico di campione di cute e altri tegumenti - striscio batterico
91.62,Esame microscopico di campione di cute e altri tegumenti - coltura
91.63,Esame microscopico di campione di cute e altri tegumenti - coltura e sensibilità
91.64,Esame microscopico di campione di cute e altri tegumenti - parassitologia
91.65,Esame microscopico di campione di cute e altri tegumenti - tossicologia
91.66,Esame microscopico di campione di cute e altri tegumenti - gruppo di cellule e striscio di Papanicolaou
91.69,Esame microscopico di campione di cute e altri tegumenti - altri esami microscopici
91.71,Esame microscopico di campione di ferita operatoria - striscio batterico
91.72,Esame microscopico di campione di ferita operatoria - coltura
91.73,Esame microscopico di campione di ferita operatoria - coltura e sensibilità
91.74,Esame microscopico di campione di ferita operatoria - parassitologia
91.75,Esame microscopico di campione di ferita operatoria - tossicologia
91.76,Esame microscopico di campione di ferita operatoria - gruppo di cellule e striscio di Papanicolaou
91.79,Esame microscopico di campione di ferita operatoria - altri esami microscopici
91.81,Esame microscopico di campione di altre sedi - striscio batterico
91.82,Esame microscopico di campione di altre sedi - coltura
91.83,Esame microscopico di campione di altre sedi - coltura e sensibilità
91.84,Esame microscopico di campione di altre sedi - parassitologia
91.85,Esame microscopico di campione di altre sedi - tossicologia
91.86,Esame microscopico di campione di altre sedi - gruppo di cellule e striscio di Papanicolaou
91.89,Esame microscopico di campione di altre sedi - altri esami microscopici
91.91,Esame microscopico di campione di sede non specificata - striscio batterico
91.92,Esame microscopico di campione di sede non specificata - coltura
91.93,Esame microscopico di campione di sede non specificata - coltura e sensibilità
91.94,Esame microscopico di campione di sede non specificata - parassitologia
91.95,Esame microscopico di campione di sede non specificata - tossicologia
91.96,Esame microscopico di campione di sede non specificata - gruppo di cellule e striscio di Papanicolaou
91.99,Esame microscopico di campione di sede non specificata - altri esami microscopici
92,Medicina nucleare
92.0,Scansione radioisotopica e studio di funzione
92.01,Scintigrafia tiroidea e studio funzionale radioisotopico
92.02,Scintigrafia epatica e studio funzionale radioisotopico
92.03,Scintigrafia renale e studio funzionale radioisotopico
92.04,Scintigrafia gastrointestinale e studio funzionale radioisotopico
92.05,Scintigrafia cardiovascolare ed ematopoietica e studio funzionale radioisotopico
92.09,Altri studi di funzione con radioisotopi
92.1,Altre scintigrafie
92.11,Scintigrafia cerebrale
92.12,Scintigrafia di altre sedi della testa
92.13,Scintigrafia della paratiroide
92.14,Scintigrafia delle ossa
92.15,Scintigrafia polmonare
92.16,Scintigrafia del sistema linfatico
92.17,Scintigrafia della placenta
92.18,Scintigrafia total body
92.19,Scintigrafia di altre sedi
92.2,Radiologia terapeutica e medicina nucleare
92.20,Infusione di radioisotopo per brachiterapia
92.21,Radiazione superficiale
92.22,Radiazione ad ortovoltaggio
92.23,Teleradioterapia radioisotopica
92.24,Teleradioterapia mediante fotoni
92.25,Teleradioterapia con elettroni
92.26,Teleradioterapia con altre radiazioni particolate
92.27,Impianto o inserzione di elementi radioattivi
92.28,Iniezione o instillazione di radioisotopi
92.29,Altre procedure radioterapeutiche
92.3,Radiochirurgia stereotassica
92.30,Radiochirurgia stereotassica SAI
92.31,Radiochirurgia fotonica a sorgente singola
92.32,Radiochirurgia fotonica multi-sorgente
92.33,Radiochirurgia particolata
92.39,Radiochirurgia stereotassica NIA
93,"Terapia fisica, terapia respiratoria, riabilitazione e procedure correlate"
93.0,Terapia fisica diagnostica
93.01,Valutazione funzionale
93.02,Valutazione ortottica
93.03,Valutazione protesica
93.04,Valutazione manuale di funzione muscolare
93.05,Valutazione di ampiezza del movimento
93.06,Misura di lunghezza degli arti
93.07,Misure del corpo
93.08,Elettromiografia
93.09,Altre procedure di terapia fisica diagnostica
93.1,Esercizi di terapia fisica
93.11,Esercizi assistiti
93.12,Altri esercizi muscoloscheletrici attivi
93.13,Esercizi contro resistenza
93.14,Allenamento nei movimenti articolari
93.15,Mobilizzazione della colonna vertebrale
93.16,Mobilizzazione di altre articolazioni
93.17,Altri esercizi muscoloscheletrici passivi
93.18,Esercizi respiratori
93.19,"Esercizi, non classificati altrove"
93.2,Altra terapia fisica con manipolazioni muscoloscheletriche
93.21,Trazioni manuali e meccaniche
93.22,Training deambulatori e del passo
93.23,Messa a punto di apparecchio ortesico
93.24,Addestramento all’uso di protesi o apparecchi ortesici
93.25,Estensione forzata degli arti
93.26,Rottura manuale di aderenze articolari
93.27,Stretching di muscoli o tendini
93.28,Stretching di fascia
93.29,Altre correzioni forzate di deformità
93.3,Altre procedure di terapia fisica terapeutica
93.31,Esercizi assistiti in piscina
93.32,Trattamento a vortice
93.33,Altra idroterapia
93.34,Diatermia
93.35,Altra terapia con calore
93.36,Riabilitazione cardiologica
93.37,Training prenatale
93.38,Terapia fisica combinata senza menzione dei componenti
93.39,Altra terapia fisica
93.4,Trazione scheletrica e altre trazioni
93.41,Trazione spinale con apparecchiatura cranica
93.42,Altre trazioni spinali
93.43,Trazione scheletrica intermittente
93.44,Altra trazione scheletrica
93.45,Trazione con apparecchio di Thomas
93.46,Altre trazioni cutanee degli arti
93.5,"Altre immobilizzazioni, pressioni e cure a ferite"
93.51,Applicazione di corsetto gessato
93.52,Applicazione di supporto per il collo
93.53,Applicazione di altro corsetto gessato
93.54,Applicazione di stecca
93.55,Cerchiaggio dentale
93.56,Applicazione di medicazione compressiva
93.57,Applicazione di altra medicazione su ferita
93.58,Applicazione di pantaloni a pressione
93.59,"Altra immobilizzazione, pressione e cura per ferita"
93.6,Trattamento manipolativo di osteopatia
93.61,Trattamento manipolativo di osteopatia per mobilizzazione generale
93.62,Trattamento manipolativo di osteopatia usando forze ad alta velocità e bassa ampiezza
93.63,Trattamento manipolativo di osteopatia usando forze a bassa velocità e elevata ampiezza
93.64,Trattamento manipolativo di osteopatia usando forze isotoniche o isometriche
93.65,Trattamento manipolativo osteopatico con uso di forze indirette
93.66,Trattamento manipolativo di osteopatia per mobilizzare i fluidi tissutali
93.67,Altri trattamenti specifici manipolativi per osteopatia
93.7,Riabilitazione del linguaggio e della lettura e riabilitazione del non vedente
93.71,Training per dislessia
93.72,Training per disfasia
93.73,Training per linguaggio esofageo
93.74,Training per difetto del linguaggio
93.75,Altro training del linguaggio e terapia
93.76,Training all’uso di cani guida per ciechi
93.77,Training all’uso del Braille o Moon
93.78,Altra riabilitazione del cieco
93.8,Altra terapia riabilitativa
93.81,Terapia ricreazionale
93.82,Terapia educazionale
93.83,Terapia occupazionale
93.84,Terapia musicale
93.85,Riabilitazione vocale
93.89,Riabilitazione non classificata altrove
93.9,Terapia respiratoria
93.90,Respirazione a pressione positiva continua (CPAP)
93.91,Respirazione a pressione positiva intermittente
93.93,Metodi non meccanici di rianimazione
93.94,Medicamento respiratorio somministrato per mezzo di nebulizzatore
93.95,Ossigenazione iperbarica
93.96,Altro tipo di arricchimento di ossigeno
93.97,Camera di decompressione
93.98,Altro controllo di pressione e composizione atmosferica
93.99,Altre procedure respiratorie
94,Procedure relative alla psiche
94.0,Valutazione e test psicologici
94.01,Somministrazione di test di intelligenza
94.02,Somministrazione di test psicologici
94.03,Analisi del carattere
94.08,Altra valutazione e test psicologico
94.09,"Determinazione dello stato mentale psicologico, SAI"
94.1,"Colloqui, consulenze e valutazioni psichiatriche"
94.11,Valutazione psichiatrica dello stato mentale
94.12,"Visita psichiatrica di routine, SAI"
94.13,Valutazione di affidamento psichiatrico
94.19,Altro colloquio e valutazione psichiatrica
94.2,Somatorerapia psichiatrica
94.21,Narcoanalisi
94.22,Terapia con litio
94.23,Terapia neurolettica
94.24,Terapia con shock chimico
94.25,Altra terapia psichiatrica con farmaci
94.26,Terapia con elettroshock subconvulsivo
94.27,Altra terapia con elettroshock
94.29,Altra somatoterapia psichiatrica
94.3,Psicoterapia individuale
94.31,Psicanalisi
94.32,Ipnoterapia
94.33,Terapia comportamentale
94.34,Terapia individuale per disfunzione psicosessuale
94.35,Intervento per crisi
94.36,Psicoterapia ludica
94.37,Psicoterapia verbale esplorativa
94.38,Psicoterapia verbale di supporto
94.39,Altra psicoterapia individuale
94.4,Altra psicoterapia e consulenze
94.41,Terapia di gruppo per disfunzione psicosessuale
94.42,Terapia familiare
94.43,Psicodramma
94.44,Altra terapia di gruppo
94.45,Consulenza per tossicomania
94.46,Consulenza per alcoolismo
94.49,Altra consulenza
94.5,Richiesta di riabilitazione psicologica
94.51,Richiesta di psicoterapia
94.52,Richiesta di assistenza psichiatrica a lungo termine
94.53,Richiesta di riabilitazione per alcoolismo
94.54,Richiesta di riabilitazione per tossicomania
94.55,Richiesta di riabilitazione professionale
94.59,Richiesta di altra riabilitazione psicologica
94.6,Riabilitazione e disintossicazione da alcool e farmaci
94.61,Riabilitazione da alcool
94.62,Disintossicazione da alcool
94.63,Disintossicazione e riabilitazione da alcool
94.64,Riabilitazione da farmaci
94.65,Disintossicazione da farmaci
94.66,Disintossicazione e riabilitazione da farmaci
94.67,Riabilitazione combinata da alcool e farmaci
94.68,Disintossicazione combinata da alcool e farmaci
94.69,Riabilitazione e disintossicazione combinata da alcool e farmaci
95,Esami diagnostici e trattamenti oftalmologici o otologici
95.0,Esame oculare obiettivo e soggettivo
95.01,Esame parziale dell’occhio
95.02,Esame complessivo dell’occhio
95.03,Esame approfondito dell’occhio
95.04,Esame dell’occhio sotto anestesia
95.05,Studio del campo visivo
95.06,Studio della sensibilità al calore
95.07,Studio dell’adattabilità al buio
95.09,Esame dell’occhio SAI
95.1,Esame della forma e della struttura dell’occhio
95.11,Fotografia del fundus
95.12,Angiografia con fluoresceina o angioscopia oculare
95.13,Ecografia oculare
95.14,Studio radiologico dell’occhio
95.15,Studio della motilità oculare
95.16,Studio dell’occhio con P32 o altri traccianti
95.2,Test funzionali obiettivi dell’occhio
95.21,Elettroretinografia (ERG)
95.22,Elettrooculografia (EOG)
95.23,Potenziali visivi evocati (VEP)
95.24,Elettronistagmografia (ENG)
95.25,Elettromiografia dell’occhio (EMG)
95.26,"Tonografia, test di provocazione e altri test per il glaucoma"
95.3,Servizi speciali per la vista
95.31,Messa a punto e fornitura di occhiali
95.32,"Prescrizione, messa a punto e fornitura di lenti a contatto"
95.33,Fornitura di altri supporti per scarse capacità visive
95.34,Protesi oculari
95.35,Training ortottico
95.36,"Consigli per adattamento a perdita di vista, uso di aiuti per bassa vista"
95.4,Procedure diagnostiche non operatorie correlate all’udito
95.41,Audiometria
95.42,Test clinico per l’udito
95.43,Valutazione audiologica
95.44,Esame clinico della funzionalità vestibolare
95.45,Test di rotazione
95.46,Altri test audiometrici o della funzionalità vestibolare
95.47,Esame dell’udito SAI
95.48,Messa a punto di mezzi per l’udito
95.49,Altre procedure diagnostiche non operatorie correlate alla funzione uditiva
96,Intubazioni ed irrigazioni non operatorie
96.0,Intubazioni gastrointestinali e del tratto respiratorio non operatorie
96.01,Inserzione di via respiratoria nasofaringea
96.02,Inserzione di via respiratoria orofaringea
96.03,Inserzione di via aerea esofagea otturatoria
96.04,Inserzione di tubo endotracheale
96.05,Altra intubazione del tratto respiratorio
96.06,Inserzione del tubo di Sengstaken
96.07,Inserzione di altro tubo nasogastrico (per decompressione)
96.08,Inserzione di tubo nasointestinale
96.09,Inserzione di tubo rettale
96.1,Altre inserzioni non operatorie
96.11,Zaffamento del canale udivo esterno
96.14,Zaffamento vaginale
96.15,Inserzione di tampone vaginale
96.16,Altre dilatazioni vaginali
96.17,Inserzione di diaframma vaginale
96.18,Inserzione di altro pessario vaginale
96.19,Zaffamento rettale
96.2,Dilatazione e manipolazione non operatorie
96.21,Dilatazione del dotto frontonasale
96.22,Dilatazione del retto
96.23,Dilatazione dello sfintere anale
96.24,Dilatazione e manipolazione di stoma di enterostomia
96.25,Distensione terapeutica della vescica
96.26,Riduzione manuale di prolasso rettale
96.27,Riduzione manuale di ernia
96.28,Riduzione manuale di prolasso di enterostomia
96.29,Riduzione di invaginazione del tratto alimentare
96.3,"Irrigazione, pulizia e instillazione non operatorie locale del tratto alimentare"
96.31,Raffreddamento gastrico
96.32,Congelamento gastrico
96.33,Lavaggio gastrico
96.34,Altra irrigazione di tubo nasogastrico
96.35,Alimentazione per sonda gastrica
96.36,Irrigazione di gastrostomia o enterostomia
96.37,Proctoclisi
96.38,Rimozione di fecaloma
96.39,Altro clisma transanale
96.4,"Irrigazione, pulizia e instillazione locale di altri organi dell’apparato digerente e genitourinario"
96.41,Irrigazione di colecistostomia e altro tubo biliare
96.42,Irrigazione di tubo pancreatico
96.43,"Instillazione del tratto digerente, eccetto alimentazione mediante sonda gastrica"
96.44,Doccia vaginale
96.45,Irrigazione di nefrostomia e pielostomia
96.46,Irrigazione di ureterostomia e catetere ureterale
96.47,Irrigazione di cistostomia
96.48,Irrigazione di altro catetere urinario a permanenza
96.49,Altra instillazione genitourinaria
96.5,Altra irrigazione e pulizia non operatoria
96.51,Irrigazione dell’occhio
96.52,Irrigazione dell’orecchio
96.53,Irrigazione delle narici
96.54,"Rimozione del tartaro dentario, lucidatura e ripulitura"
96.55,Toilette di tracheostomia
96.56,Altro lavaggio di bronchi e trachea
96.57,Irrigazione di catetere vascolare
96.58,Irrigazione di catetere in ferita
96.59,Altra irrigazione di ferita
96.6,Infusione enterale di sostanze nutrizionali concentrate
96.7,Altra ventilazione meccanica continua
96.70,Ventilazione meccanica continua di durata non specificata
96.71,Ventilazione meccanica continua per meno di 96 ore consecutive
96.72,Ventilazione meccanica continua per 96 ore consecutive o più
97,Sostituzione e rimozione di sussidio terapeutico
97.0,Sostituzione non operatoria di sussidio gastrointestinale
97.01,Sostituzione di tubo nasogastrico o per esofagostomia
97.02,Sostituzione di tubo per gastrostomia
97.03,Sostituzione di tubo o dispositivo per enterostomia del piccolo intestino
97.04,Sostituzione di tubo o dispositivo per enterostomia del grosso intestino
97.05,Riposizionamento di sonda nel dotto biliare o pancreatico
97.1,Sostituzione non operatoria di sussidio per il sistema muscoloscheletrico e tegumentario
97.11,Sostituzione di gesso dell’arto superiore
97.12,Sostituzione di gesso dell’arto inferiore
97.13,Sostituzione di altro gesso
97.14,Sostituzione di altra apparecchiatura per immobilizzazione muscoloscheletrica
97.15,Sostituzione di catetere in ferita
97.16,Sostituzione di zaffamento o drenaggio di ferita
97.2,Altre sostituzioni non operatorie
97.21,Sostituzione di zaffo nasale
97.22,Sostituzione di zaffo dentale
97.23,Sostituzione di cannula per tracheostomia
97.24,Sostituzione e riadattamento di diaframma vaginale
97.25,Sostituzione di altro pessario vaginale
97.26,Sostituzione di zaffo o drenaggio vaginale
97.29,Altre sostituzioni non operatorie
97.3,Rimozione non operatoria di apparecchiature terapeutiche da testa e collo
97.31,Rimozione di protesi oculare
97.32,Rimozione di zaffo nasale
97.33,Rimozione di cerchiaggio dentale
97.34,Rimozione di zaffo dentale
97.35,Rimozione di protesi dentale
97.36,Rimozione di altro mezzo esterno di fissazione della mandibola
97.37,Rimozione di cannula di tracheostomia
97.38,Rimozione di sutura da testa e collo
97.39,Rimozione di altri mezzi terapeutici da testa e collo
97.4,Rimozione non operatoria di mezzi terapeutici dal torace
97.41,Rimozione di tubo di toracotomia o di drenaggio pleurico
97.42,Rimozione di drenaggio mediastinico
97.43,Rimozione di suture dal torace
97.44,Rimozione sistemi di circolazione assistita
97.49,Rimozione di altri apparecchi dal torace
97.5,Rimozione non operatoria di mezzi terapeutici dall’apparato digerente
97.51,Rimozione di tubo di gastrostomia
97.52,Rimozione di tubo dall’intestino tenue
97.53,Rimozione di tubo dall’intestino crasso o appendice
97.54,Rimozione di tubo di colecistostomia
97.55,"Rimozione di tubo a T, altro tubo biliare o tubo epatico"
97.56,Rimozione di tubo o drenaggio pancreatico
97.59,Rimozione di altro dispositivo dell’apparato digerente
97.6,Rimozione non operatoria di dispositivo terapeutico dell’apparato urinario
97.61,Rimozione di tubo da pielostomia e nefrostomia
97.62,Rimozione di tubo da ureterostomia e catetere ureterale
97.63,Rimozione di tubo da cistostomia
97.64,Rimozione di altro dispositivo di drenaggio urinario
97.65,Rimozione di supporto uretrale
97.69,Rimozione di altro dispositivo dall’apparato urinario
97.7,Rimozione non operatoria di dispositivo terapeutico dell’apparato genitale
97.71,Rimozione di dispositivo contraccettivo intrauterino
97.72,Rimozione di tampone intrauterino
97.73,Rimozione di diaframma vaginale
97.74,Rimozione di altro pessario vaginale
97.75,Rimozione di zaffatura vaginale o vulvare
97.79,Rimozione di altro dispositivo dal tratto genitale
97.8,Altra rimozione non operatoria di dispositivi terapeutici
97.81,Rimozione di dispositivo di drenaggio retroperitoneale
97.82,Rimozione di dispositivo di drenaggio peritoneale
97.83,Rimozione di sutura dalla parete addominale
97.84,"Rimozione di sutura dal tronco, non classificata altrove"
97.85,"Rimozione di zaffatura dal tronco, non classificata altrove"
97.86,Rimozione di altro dispositivo dall’addome
97.87,Rimozione di altro dispositivo dal tronco
97.88,Rimozione di dispositivo esterno di immobilizzazione
97.89,Rimozione di altro dispositivo terapeutico
98,Rimozione non operatoria di corpo estraneo o calcolo
98.0,Rimozione di corpo estraneo intraluminale dell’apparato digerente senza incisione
98.01,"Rimozione di corpo estraneo intraluminale dalla bocca, senza incisione"
98.02,"Rimozione di corpo estraneo intraluminale dall’esofago, senza incisione"
98.03,"Rimozione di corpo estraneo intraluminale dallo stomaco e dall’intestino tenue, senza incisione"
98.04,"Rimozione di corpo estraneo intraluminale dall’intestino crasso, senza incisione"
98.05,"Rimozione di corpo estraneo intraluminale da retto ed ano, senza incisione"
98.1,Rimozione di corpo estraneo intraluminale da altre sedi senza incisione
98.11,"Rimozione di corpo estraneo intraluminale dall’orecchio, senza incisione"
98.12,"Rimozione di corpo estraneo intraluminale dal naso, senza incisione"
98.13,"Rimozione di corpo estraneo intraluminale dal faringe, senza incisione"
98.14,"Rimozione di corpo estraneo intraluminale dal laringe, senza incisione"
98.15,"Rimozione di corpo estraneo intraluminale dalla trachea e bronchi, senza incisione"
98.16,"Rimozione di corpo estraneo intraluminale dall’utero, senza incisione"
98.17,"Rimozione di corpo estraneo intraluminale dalla vagina, senza incisione"
98.18,"Rimozione di corpo estraneo intraluminale da stoma artificiale, senza incisione"
98.19,"Rimozione di corpo estraneo intraluminale dall’uretra, senza incisione"
98.2,Rimozione di altro corpo estraneo senza incisione
98.20,Rimozione di corpo estraneo SAI
98.21,"Rimozione di corpo estraneo superficiale dall’occhio, senza incisione"
98.22,"Rimozione di altro corpo estraneo da testa e collo, senza incisione"
98.23,"Rimozione di corpo estraneo dalla vulva, senza incisione"
98.24,Rimozione di corpo estraneo da scroto o pene senza incisione
98.25,"Rimozione di altro corpo estraneo dal tronco eccetto scroto, pene e vulva, senza incisione"
98.26,"Rimozione di corpo estraneo dalla mano, senza incisione"
98.27,"Rimozione di corpo estraneo dall’arto superiore eccetto la mano, senza incisione"
98.28,"Rimozione di corpo estraneo dal piede, senza incisione"
98.29,"Rimozione di corpo estraneo dall’arto inferiore eccetto il piede, senza incisione"
98.5,Litotripsia extracorporea per onda d’urto (ESWL)
98.51,"Litotripsia extracorporea del rene, uretere e/o vescica"
98.52,Litotripsia extracorporea della colecisti e/o dotto biliari
98.59,Litotripsia extracorporea di altre sedi
99,Altre procedure non operatorie
99.0,Trasfusione di sangue e componenti ematici
99.00,Trasfusione perioperatoria autologa di sangue intero o di componenti del sangue
99.01,Exsanguino trasfusione
99.02,Autotrasfusione di sangue precedentemente raccolto
99.03,Altra trasfusione di sangue intero
99.04,Trasfusione di concentrato cellulare
99.05,Trasfusione di piastrine
99.06,Trasfusione di fattori della coagulazione
99.07,Trasfusione di altro siero
99.08,Trasfusione di plasma expander
99.09,Trasfusione di altre sostanze
99.1,Iniezione o infusione di sostanze terapeutiche o profilattiche
99.10,Iniezione o infusione di agente trombolitico
99.11,Iniezione di immunoglobuline anti Rh
99.12,Immunizzazione per allergia
99.13,Immunizzazione per malattia autoimmune
99.14,Iniezione di gamma globuline
99.15,Infusione parenterale di sostanze nutrizionali concentrate
99.16,Iniezione di antidoto
99.17,Iniezione di insulina
99.18,Iniezione o infusione di elettroliti
99.19,Iniezione di anticoagulanti
99.2,Iniezione o infusione di altre sostanze terapeutiche o profilattiche
99.20,Iniezione o infusione di inibitore piastrinico
99.21,Iniezione di antibiotici
99.22,Iniezione di altri antinfettivi
99.23,Iniezione di steroidi
99.24,Iniezione di altri ormoni
99.25,Iniezione o infusione di sostanze chemioterapiche per tumore
99.26,Iniezione di tranquillanti
99.27,Ionoforesi
99.28,Iniezione o infusione di agenti modificatori della risposta biologica (BRM) come agenti antineoplastici
99.29,Iniezione o infusione di altre sostanze terapeutiche o profilattiche
99.3,Vaccinazioni profilattiche e inoculazioni contro alcune malattie batteriche
99.31,Vaccinazione contro il colera
99.32,Vaccinazione contro la febbre tifoide e paratifoide
99.33,Vaccinazione contro la tubercolosi
99.34,Vaccinazione contro la peste
99.35,Vaccinazione contro la tularemia
99.36,Vaccinazione contro tossina difterica
99.37,Vaccinazione contro la pertosse
99.38,Somministrazione di anatossina tetanica
99.39,"Somministrazione di vaccino contro difterite, tetano, pertosse combinati"
99.4,Vaccinazione e inoculazione profilattica contro specifiche malattie virali
99.41,Vaccinazione antipolio
99.42,Vaccinazione antivaiolosa
99.43,Vaccinazione anti febbre gialla
99.44,Vaccinazione anti rabbica
99.45,Vaccinazione anti morbillosa
99.46,Vaccinazione anti parotite
99.47,Vaccinazione anti rosolia
99.48,"vaccinazione anti morbillo, parotite, rosolia combinati"
99.5,Altre vaccinazioni ed inoculazioni
99.51,Vaccinazione profilattica contro il comune raffreddore
99.52,Vaccinazione profilattica anti influenzale
99.53,Vaccinazione profilattica contro encefaliti virali trasmessa da artropodi
99.54,Vaccinazione profilattica contro altre malattie virali trasmesse da artropodi
99.55,Somministrazione profilattica di vaccini contro altre malattie
99.56,"Somministrazione di antitossina, tetanica"
99.57,Somministrazione di antitossine antibotuliniche
99.58,Somministrazione di altre antitossine
99.59,Altre vaccinazioni ed inoculazioni
99.6,Cardioversione del ritmo cardiaco
99.60,Rianimazione cardiopolmonare SAI
99.61,Cardioversione atriale
99.62,Altra defibrillazione del cuore
99.63,Massaggio cardiaco a torace chiuso
99.64,Stimolazione del seno carotideo
99.69,Altra conversione del ritmo cardiaco
99.7,"Aferesi terapeutica o altra iniezione, somministrazione, o infusione di altre sostanze terapeutiche o profilattiche"
99.71,Plasmaferesi terapeutica
99.72,Leucoaferesi terapeutica
99.73,Eritrocitoaferesi terapeutica
99.74,Piastrinoaferesi terapeutica
99.75,Somministrazione di agente neuroprotettivo
99.76,Immunoassorbimento extracorporeo
99.77,Applicazione o somministrazione di sostanza che ostacola le aderenze
99.78,Acquaferesi
99.79,Altre aferesi terapeutiche
99.8,Miscellanea di procedure fisiche
99.81,Ipotermia (centrale) (locale)
99.82,Terapia a luce ultravioletta
99.83,Altra fototerapia
99.84,Isolamento
99.85,Ipertermia per il trattamento di tumore
99.86,Installazione non invasiva di stimolatore di accrescimento osseo
99.88,Fotoferesi terapeutica
99.9,Altre procedure varie
99.91,Agopuntura per anestesia
99.92,Altra agopuntura
99.93,Massaggio rettale (per spasmo dell’elevatore)
99.94,Massaggio prostatico
99.95,Stiramento del prepuzio
99.96,Raccolta di sperma per inseminazione artificiale
99.97,Messa a punto della dentatura
99.98,Estrazione di latte da seno in allattamento
99.99,Altre
